path,line,name,value_expression,source_url
conf/vanilla/autoload_configs/alsa.conf.xml,4,dialplan,XML,https://github.com/signalwire/freeswitch/blob/ef32e205295e29f034f1453ad245ba5efb07b94a/conf/vanilla/autoload_configs/alsa.conf.xml#L4
conf/vanilla/autoload_configs/alsa.conf.xml,5,cid-name,N800 Alsa,https://github.com/signalwire/freeswitch/blob/ef32e205295e29f034f1453ad245ba5efb07b94a/conf/vanilla/autoload_configs/alsa.conf.xml#L5
conf/vanilla/autoload_configs/alsa.conf.xml,6,cid-num,5555551212,https://github.com/signalwire/freeswitch/blob/ef32e205295e29f034f1453ad245ba5efb07b94a/conf/vanilla/autoload_configs/alsa.conf.xml#L6
conf/vanilla/autoload_configs/alsa.conf.xml,9,sample-rate,8000,https://github.com/signalwire/freeswitch/blob/ef32e205295e29f034f1453ad245ba5efb07b94a/conf/vanilla/autoload_configs/alsa.conf.xml#L9
conf/vanilla/autoload_configs/alsa.conf.xml,10,codec-ms,20,https://github.com/signalwire/freeswitch/blob/ef32e205295e29f034f1453ad245ba5efb07b94a/conf/vanilla/autoload_configs/alsa.conf.xml#L10
conf/vanilla/autoload_configs/amqp.conf.xml,6,hostname,localhost,https://github.com/signalwire/freeswitch/blob/ef32e205295e29f034f1453ad245ba5efb07b94a/conf/vanilla/autoload_configs/amqp.conf.xml#L6
conf/vanilla/autoload_configs/amqp.conf.xml,7,virtualhost,/,https://github.com/signalwire/freeswitch/blob/ef32e205295e29f034f1453ad245ba5efb07b94a/conf/vanilla/autoload_configs/amqp.conf.xml#L7
conf/vanilla/autoload_configs/amqp.conf.xml,8,username,guest,https://github.com/signalwire/freeswitch/blob/ef32e205295e29f034f1453ad245ba5efb07b94a/conf/vanilla/autoload_configs/amqp.conf.xml#L8
conf/vanilla/autoload_configs/amqp.conf.xml,9,password,guest,https://github.com/signalwire/freeswitch/blob/ef32e205295e29f034f1453ad245ba5efb07b94a/conf/vanilla/autoload_configs/amqp.conf.xml#L9
conf/vanilla/autoload_configs/amqp.conf.xml,10,port,5673,https://github.com/signalwire/freeswitch/blob/ef32e205295e29f034f1453ad245ba5efb07b94a/conf/vanilla/autoload_configs/amqp.conf.xml#L10
conf/vanilla/autoload_configs/amqp.conf.xml,11,heartbeat,0,https://github.com/signalwire/freeswitch/blob/ef32e205295e29f034f1453ad245ba5efb07b94a/conf/vanilla/autoload_configs/amqp.conf.xml#L11
conf/vanilla/autoload_configs/amqp.conf.xml,14,hostname,localhost,https://github.com/signalwire/freeswitch/blob/ef32e205295e29f034f1453ad245ba5efb07b94a/conf/vanilla/autoload_configs/amqp.conf.xml#L14
conf/vanilla/autoload_configs/amqp.conf.xml,15,virtualhost,/,https://github.com/signalwire/freeswitch/blob/ef32e205295e29f034f1453ad245ba5efb07b94a/conf/vanilla/autoload_configs/amqp.conf.xml#L15
conf/vanilla/autoload_configs/amqp.conf.xml,16,username,guest,https://github.com/signalwire/freeswitch/blob/ef32e205295e29f034f1453ad245ba5efb07b94a/conf/vanilla/autoload_configs/amqp.conf.xml#L16
conf/vanilla/autoload_configs/amqp.conf.xml,17,password,guest,https://github.com/signalwire/freeswitch/blob/ef32e205295e29f034f1453ad245ba5efb07b94a/conf/vanilla/autoload_configs/amqp.conf.xml#L17
conf/vanilla/autoload_configs/amqp.conf.xml,18,port,5672,https://github.com/signalwire/freeswitch/blob/ef32e205295e29f034f1453ad245ba5efb07b94a/conf/vanilla/autoload_configs/amqp.conf.xml#L18
conf/vanilla/autoload_configs/amqp.conf.xml,19,heartbeat,0,https://github.com/signalwire/freeswitch/blob/ef32e205295e29f034f1453ad245ba5efb07b94a/conf/vanilla/autoload_configs/amqp.conf.xml#L19
conf/vanilla/autoload_configs/amqp.conf.xml,23,exchange-name,TAP.Events,https://github.com/signalwire/freeswitch/blob/ef32e205295e29f034f1453ad245ba5efb07b94a/conf/vanilla/autoload_configs/amqp.conf.xml#L23
conf/vanilla/autoload_configs/amqp.conf.xml,24,exchange-type,topic,https://github.com/signalwire/freeswitch/blob/ef32e205295e29f034f1453ad245ba5efb07b94a/conf/vanilla/autoload_configs/amqp.conf.xml#L24
conf/vanilla/autoload_configs/amqp.conf.xml,25,circuit_breaker_ms,10000,https://github.com/signalwire/freeswitch/blob/ef32e205295e29f034f1453ad245ba5efb07b94a/conf/vanilla/autoload_configs/amqp.conf.xml#L25
conf/vanilla/autoload_configs/amqp.conf.xml,26,reconnect_interval_ms,1000,https://github.com/signalwire/freeswitch/blob/ef32e205295e29f034f1453ad245ba5efb07b94a/conf/vanilla/autoload_configs/amqp.conf.xml#L26
conf/vanilla/autoload_configs/amqp.conf.xml,27,send_queue_size,5000,https://github.com/signalwire/freeswitch/blob/ef32e205295e29f034f1453ad245ba5efb07b94a/conf/vanilla/autoload_configs/amqp.conf.xml#L27
conf/vanilla/autoload_configs/amqp.conf.xml,28,enable_fallback_format_fields,1,https://github.com/signalwire/freeswitch/blob/ef32e205295e29f034f1453ad245ba5efb07b94a/conf/vanilla/autoload_configs/amqp.conf.xml#L28
conf/vanilla/autoload_configs/amqp.conf.xml,32,format_fields,"#FreeSWITCH,FreeSWITCH-Hostname,Event-Name,Event-Subclass,Unique-ID",https://github.com/signalwire/freeswitch/blob/ef32e205295e29f034f1453ad245ba5efb07b94a/conf/vanilla/autoload_configs/amqp.conf.xml#L32
conf/vanilla/autoload_configs/amqp.conf.xml,40,event_filter,"SWITCH_EVENT_CHANNEL_CREATE,SWITCH_EVENT_CHANNEL_DESTROY,SWITCH_EVENT_HEARTBEAT,SWITCH_EVENT_DTMF",https://github.com/signalwire/freeswitch/blob/ef32e205295e29f034f1453ad245ba5efb07b94a/conf/vanilla/autoload_configs/amqp.conf.xml#L40
conf/vanilla/autoload_configs/amqp.conf.xml,48,hostname,localhost,https://github.com/signalwire/freeswitch/blob/ef32e205295e29f034f1453ad245ba5efb07b94a/conf/vanilla/autoload_configs/amqp.conf.xml#L48
conf/vanilla/autoload_configs/amqp.conf.xml,49,virtualhost,/,https://github.com/signalwire/freeswitch/blob/ef32e205295e29f034f1453ad245ba5efb07b94a/conf/vanilla/autoload_configs/amqp.conf.xml#L49
conf/vanilla/autoload_configs/amqp.conf.xml,50,username,guest,https://github.com/signalwire/freeswitch/blob/ef32e205295e29f034f1453ad245ba5efb07b94a/conf/vanilla/autoload_configs/amqp.conf.xml#L50
conf/vanilla/autoload_configs/amqp.conf.xml,51,password,guest,https://github.com/signalwire/freeswitch/blob/ef32e205295e29f034f1453ad245ba5efb07b94a/conf/vanilla/autoload_configs/amqp.conf.xml#L51
conf/vanilla/autoload_configs/amqp.conf.xml,52,port,5672,https://github.com/signalwire/freeswitch/blob/ef32e205295e29f034f1453ad245ba5efb07b94a/conf/vanilla/autoload_configs/amqp.conf.xml#L52
conf/vanilla/autoload_configs/amqp.conf.xml,53,heartbeat,0,https://github.com/signalwire/freeswitch/blob/ef32e205295e29f034f1453ad245ba5efb07b94a/conf/vanilla/autoload_configs/amqp.conf.xml#L53
conf/vanilla/autoload_configs/amqp.conf.xml,57,exchange-name,TAP.Commands,https://github.com/signalwire/freeswitch/blob/ef32e205295e29f034f1453ad245ba5efb07b94a/conf/vanilla/autoload_configs/amqp.conf.xml#L57
conf/vanilla/autoload_configs/amqp.conf.xml,58,binding_key,commandBindingKey,https://github.com/signalwire/freeswitch/blob/ef32e205295e29f034f1453ad245ba5efb07b94a/conf/vanilla/autoload_configs/amqp.conf.xml#L58
conf/vanilla/autoload_configs/amqp.conf.xml,59,reconnect_interval_ms,1000,https://github.com/signalwire/freeswitch/blob/ef32e205295e29f034f1453ad245ba5efb07b94a/conf/vanilla/autoload_configs/amqp.conf.xml#L59
conf/vanilla/autoload_configs/amqp.conf.xml,60,queue-passive,false,https://github.com/signalwire/freeswitch/blob/ef32e205295e29f034f1453ad245ba5efb07b94a/conf/vanilla/autoload_configs/amqp.conf.xml#L60
conf/vanilla/autoload_configs/amqp.conf.xml,61,queue-durable,false,https://github.com/signalwire/freeswitch/blob/ef32e205295e29f034f1453ad245ba5efb07b94a/conf/vanilla/autoload_configs/amqp.conf.xml#L61
conf/vanilla/autoload_configs/amqp.conf.xml,62,queue-exclusive,false,https://github.com/signalwire/freeswitch/blob/ef32e205295e29f034f1453ad245ba5efb07b94a/conf/vanilla/autoload_configs/amqp.conf.xml#L62
conf/vanilla/autoload_configs/amqp.conf.xml,63,queue-auto-delete,true,https://github.com/signalwire/freeswitch/blob/ef32e205295e29f034f1453ad245ba5efb07b94a/conf/vanilla/autoload_configs/amqp.conf.xml#L63
conf/vanilla/autoload_configs/amqp.conf.xml,71,hostname,localhost,https://github.com/signalwire/freeswitch/blob/ef32e205295e29f034f1453ad245ba5efb07b94a/conf/vanilla/autoload_configs/amqp.conf.xml#L71
conf/vanilla/autoload_configs/amqp.conf.xml,72,virtualhost,/,https://github.com/signalwire/freeswitch/blob/ef32e205295e29f034f1453ad245ba5efb07b94a/conf/vanilla/autoload_configs/amqp.conf.xml#L72
conf/vanilla/autoload_configs/amqp.conf.xml,73,username,guest,https://github.com/signalwire/freeswitch/blob/ef32e205295e29f034f1453ad245ba5efb07b94a/conf/vanilla/autoload_configs/amqp.conf.xml#L73
conf/vanilla/autoload_configs/amqp.conf.xml,74,password,guest,https://github.com/signalwire/freeswitch/blob/ef32e205295e29f034f1453ad245ba5efb07b94a/conf/vanilla/autoload_configs/amqp.conf.xml#L74
conf/vanilla/autoload_configs/amqp.conf.xml,75,port,5672,https://github.com/signalwire/freeswitch/blob/ef32e205295e29f034f1453ad245ba5efb07b94a/conf/vanilla/autoload_configs/amqp.conf.xml#L75
conf/vanilla/autoload_configs/amqp.conf.xml,76,heartbeat,0,https://github.com/signalwire/freeswitch/blob/ef32e205295e29f034f1453ad245ba5efb07b94a/conf/vanilla/autoload_configs/amqp.conf.xml#L76
conf/vanilla/autoload_configs/amqp.conf.xml,80,exchange-name,TAP.Logging,https://github.com/signalwire/freeswitch/blob/ef32e205295e29f034f1453ad245ba5efb07b94a/conf/vanilla/autoload_configs/amqp.conf.xml#L80
conf/vanilla/autoload_configs/amqp.conf.xml,81,send_queue_size,5000,https://github.com/signalwire/freeswitch/blob/ef32e205295e29f034f1453ad245ba5efb07b94a/conf/vanilla/autoload_configs/amqp.conf.xml#L81
conf/vanilla/autoload_configs/amqp.conf.xml,82,reconnect_interval_ms,1000,https://github.com/signalwire/freeswitch/blob/ef32e205295e29f034f1453ad245ba5efb07b94a/conf/vanilla/autoload_configs/amqp.conf.xml#L82
conf/vanilla/autoload_configs/amqp.conf.xml,83,log-levels,"debug,info,notice,warning,err,crit,alert",https://github.com/signalwire/freeswitch/blob/ef32e205295e29f034f1453ad245ba5efb07b94a/conf/vanilla/autoload_configs/amqp.conf.xml#L83
conf/vanilla/autoload_configs/amr.conf.xml,13,default-bitrate,7,https://github.com/signalwire/freeswitch/blob/ef32e205295e29f034f1453ad245ba5efb07b94a/conf/vanilla/autoload_configs/amr.conf.xml#L13
conf/vanilla/autoload_configs/amr.conf.xml,15,volte,0,https://github.com/signalwire/freeswitch/blob/ef32e205295e29f034f1453ad245ba5efb07b94a/conf/vanilla/autoload_configs/amr.conf.xml#L15
conf/vanilla/autoload_configs/amr.conf.xml,17,adjust-bitrate,0,https://github.com/signalwire/freeswitch/blob/ef32e205295e29f034f1453ad245ba5efb07b94a/conf/vanilla/autoload_configs/amr.conf.xml#L17
conf/vanilla/autoload_configs/amr.conf.xml,19,force-oa,0,https://github.com/signalwire/freeswitch/blob/ef32e205295e29f034f1453ad245ba5efb07b94a/conf/vanilla/autoload_configs/amr.conf.xml#L19
conf/vanilla/autoload_configs/amrwb.conf.xml,14,default-bitrate,8,https://github.com/signalwire/freeswitch/blob/ef32e205295e29f034f1453ad245ba5efb07b94a/conf/vanilla/autoload_configs/amrwb.conf.xml#L14
conf/vanilla/autoload_configs/amrwb.conf.xml,16,volte,1,https://github.com/signalwire/freeswitch/blob/ef32e205295e29f034f1453ad245ba5efb07b94a/conf/vanilla/autoload_configs/amrwb.conf.xml#L16
conf/vanilla/autoload_configs/amrwb.conf.xml,18,adjust-bitrate,0,https://github.com/signalwire/freeswitch/blob/ef32e205295e29f034f1453ad245ba5efb07b94a/conf/vanilla/autoload_configs/amrwb.conf.xml#L18
conf/vanilla/autoload_configs/amrwb.conf.xml,20,force-oa,0,https://github.com/signalwire/freeswitch/blob/ef32e205295e29f034f1453ad245ba5efb07b94a/conf/vanilla/autoload_configs/amrwb.conf.xml#L20
conf/vanilla/autoload_configs/amrwb.conf.xml,22,mode-set-overwrite,0,https://github.com/signalwire/freeswitch/blob/ef32e205295e29f034f1453ad245ba5efb07b94a/conf/vanilla/autoload_configs/amrwb.conf.xml#L22
conf/vanilla/autoload_configs/av.conf.xml,12,dec-threads,1,https://github.com/signalwire/freeswitch/blob/ef32e205295e29f034f1453ad245ba5efb07b94a/conf/vanilla/autoload_configs/av.conf.xml#L12
conf/vanilla/autoload_configs/av.conf.xml,13,enc-threads,cpu/2/4,https://github.com/signalwire/freeswitch/blob/ef32e205295e29f034f1453ad245ba5efb07b94a/conf/vanilla/autoload_configs/av.conf.xml#L13
conf/vanilla/autoload_configs/av.conf.xml,54,flags,LOOP_FILTER|PSNR,https://github.com/signalwire/freeswitch/blob/ef32e205295e29f034f1453ad245ba5efb07b94a/conf/vanilla/autoload_configs/av.conf.xml#L54
conf/vanilla/autoload_configs/av.conf.xml,110,colorspace,0,https://github.com/signalwire/freeswitch/blob/ef32e205295e29f034f1453ad245ba5efb07b94a/conf/vanilla/autoload_configs/av.conf.xml#L110
conf/vanilla/autoload_configs/av.conf.xml,120,color-range,2,https://github.com/signalwire/freeswitch/blob/ef32e205295e29f034f1453ad245ba5efb07b94a/conf/vanilla/autoload_configs/av.conf.xml#L120
conf/vanilla/autoload_configs/av.conf.xml,137,dec-threads,1,https://github.com/signalwire/freeswitch/blob/ef32e205295e29f034f1453ad245ba5efb07b94a/conf/vanilla/autoload_configs/av.conf.xml#L137
conf/vanilla/autoload_configs/av.conf.xml,138,enc-threads,cpu/2/4,https://github.com/signalwire/freeswitch/blob/ef32e205295e29f034f1453ad245ba5efb07b94a/conf/vanilla/autoload_configs/av.conf.xml#L138
conf/vanilla/autoload_configs/av.conf.xml,165,colorspace,1,https://github.com/signalwire/freeswitch/blob/ef32e205295e29f034f1453ad245ba5efb07b94a/conf/vanilla/autoload_configs/av.conf.xml#L165
conf/vanilla/autoload_configs/avmd.conf.xml,13,debug,0,https://github.com/signalwire/freeswitch/blob/ef32e205295e29f034f1453ad245ba5efb07b94a/conf/vanilla/autoload_configs/avmd.conf.xml#L13
conf/vanilla/autoload_configs/avmd.conf.xml,19,report_status,1,https://github.com/signalwire/freeswitch/blob/ef32e205295e29f034f1453ad245ba5efb07b94a/conf/vanilla/autoload_configs/avmd.conf.xml#L19
conf/vanilla/autoload_configs/avmd.conf.xml,25,fast_math,0,https://github.com/signalwire/freeswitch/blob/ef32e205295e29f034f1453ad245ba5efb07b94a/conf/vanilla/autoload_configs/avmd.conf.xml#L25
conf/vanilla/autoload_configs/avmd.conf.xml,35,require_continuous_streak,1,https://github.com/signalwire/freeswitch/blob/ef32e205295e29f034f1453ad245ba5efb07b94a/conf/vanilla/autoload_configs/avmd.conf.xml#L35
conf/vanilla/autoload_configs/avmd.conf.xml,40,sample_n_continuous_streak,3,https://github.com/signalwire/freeswitch/blob/ef32e205295e29f034f1453ad245ba5efb07b94a/conf/vanilla/autoload_configs/avmd.conf.xml#L40
conf/vanilla/autoload_configs/avmd.conf.xml,46,sample_n_to_skip,0,https://github.com/signalwire/freeswitch/blob/ef32e205295e29f034f1453ad245ba5efb07b94a/conf/vanilla/autoload_configs/avmd.conf.xml#L46
conf/vanilla/autoload_configs/avmd.conf.xml,48,require_continuous_streak_amp,1,https://github.com/signalwire/freeswitch/blob/ef32e205295e29f034f1453ad245ba5efb07b94a/conf/vanilla/autoload_configs/avmd.conf.xml#L48
conf/vanilla/autoload_configs/avmd.conf.xml,49,sample_n_continuous_streak_amp,3,https://github.com/signalwire/freeswitch/blob/ef32e205295e29f034f1453ad245ba5efb07b94a/conf/vanilla/autoload_configs/avmd.conf.xml#L49
conf/vanilla/autoload_configs/avmd.conf.xml,54,simplified_estimation,1,https://github.com/signalwire/freeswitch/blob/ef32e205295e29f034f1453ad245ba5efb07b94a/conf/vanilla/autoload_configs/avmd.conf.xml#L54
conf/vanilla/autoload_configs/avmd.conf.xml,57,inbound_channel,0,https://github.com/signalwire/freeswitch/blob/ef32e205295e29f034f1453ad245ba5efb07b94a/conf/vanilla/autoload_configs/avmd.conf.xml#L57
conf/vanilla/autoload_configs/avmd.conf.xml,60,outbound_channel,1,https://github.com/signalwire/freeswitch/blob/ef32e205295e29f034f1453ad245ba5efb07b94a/conf/vanilla/autoload_configs/avmd.conf.xml#L60
conf/vanilla/autoload_configs/avmd.conf.xml,63,detection_mode,2,https://github.com/signalwire/freeswitch/blob/ef32e205295e29f034f1453ad245ba5efb07b94a/conf/vanilla/autoload_configs/avmd.conf.xml#L63
conf/vanilla/autoload_configs/avmd.conf.xml,66,detectors_n,36,https://github.com/signalwire/freeswitch/blob/ef32e205295e29f034f1453ad245ba5efb07b94a/conf/vanilla/autoload_configs/avmd.conf.xml#L66
conf/vanilla/autoload_configs/avmd.conf.xml,69,detectors_lagged_n,1,https://github.com/signalwire/freeswitch/blob/ef32e205295e29f034f1453ad245ba5efb07b94a/conf/vanilla/autoload_configs/avmd.conf.xml#L69
conf/vanilla/autoload_configs/callcenter.conf.xml,11,strategy,longest-idle-agent,https://github.com/signalwire/freeswitch/blob/ef32e205295e29f034f1453ad245ba5efb07b94a/conf/vanilla/autoload_configs/callcenter.conf.xml#L11
conf/vanilla/autoload_configs/callcenter.conf.xml,12,moh-sound,$${hold_music},https://github.com/signalwire/freeswitch/blob/ef32e205295e29f034f1453ad245ba5efb07b94a/conf/vanilla/autoload_configs/callcenter.conf.xml#L12
conf/vanilla/autoload_configs/callcenter.conf.xml,14,time-base-score,system,https://github.com/signalwire/freeswitch/blob/ef32e205295e29f034f1453ad245ba5efb07b94a/conf/vanilla/autoload_configs/callcenter.conf.xml#L14
conf/vanilla/autoload_configs/callcenter.conf.xml,15,max-wait-time,0,https://github.com/signalwire/freeswitch/blob/ef32e205295e29f034f1453ad245ba5efb07b94a/conf/vanilla/autoload_configs/callcenter.conf.xml#L15
conf/vanilla/autoload_configs/callcenter.conf.xml,16,max-wait-time-with-no-agent,0,https://github.com/signalwire/freeswitch/blob/ef32e205295e29f034f1453ad245ba5efb07b94a/conf/vanilla/autoload_configs/callcenter.conf.xml#L16
conf/vanilla/autoload_configs/callcenter.conf.xml,17,max-wait-time-with-no-agent-time-reached,5,https://github.com/signalwire/freeswitch/blob/ef32e205295e29f034f1453ad245ba5efb07b94a/conf/vanilla/autoload_configs/callcenter.conf.xml#L17
conf/vanilla/autoload_configs/callcenter.conf.xml,18,tier-rules-apply,false,https://github.com/signalwire/freeswitch/blob/ef32e205295e29f034f1453ad245ba5efb07b94a/conf/vanilla/autoload_configs/callcenter.conf.xml#L18
conf/vanilla/autoload_configs/callcenter.conf.xml,19,tier-rule-wait-second,300,https://github.com/signalwire/freeswitch/blob/ef32e205295e29f034f1453ad245ba5efb07b94a/conf/vanilla/autoload_configs/callcenter.conf.xml#L19
conf/vanilla/autoload_configs/callcenter.conf.xml,20,tier-rule-wait-multiply-level,true,https://github.com/signalwire/freeswitch/blob/ef32e205295e29f034f1453ad245ba5efb07b94a/conf/vanilla/autoload_configs/callcenter.conf.xml#L20
conf/vanilla/autoload_configs/callcenter.conf.xml,21,tier-rule-no-agent-no-wait,false,https://github.com/signalwire/freeswitch/blob/ef32e205295e29f034f1453ad245ba5efb07b94a/conf/vanilla/autoload_configs/callcenter.conf.xml#L21
conf/vanilla/autoload_configs/callcenter.conf.xml,22,discard-abandoned-after,60,https://github.com/signalwire/freeswitch/blob/ef32e205295e29f034f1453ad245ba5efb07b94a/conf/vanilla/autoload_configs/callcenter.conf.xml#L22
conf/vanilla/autoload_configs/callcenter.conf.xml,23,abandoned-resume-allowed,false,https://github.com/signalwire/freeswitch/blob/ef32e205295e29f034f1453ad245ba5efb07b94a/conf/vanilla/autoload_configs/callcenter.conf.xml#L23
conf/vanilla/autoload_configs/cdr_csv.conf.xml,5,default-template,example,https://github.com/signalwire/freeswitch/blob/ef32e205295e29f034f1453ad245ba5efb07b94a/conf/vanilla/autoload_configs/cdr_csv.conf.xml#L5
conf/vanilla/autoload_configs/cdr_csv.conf.xml,8,rotate-on-hup,true,https://github.com/signalwire/freeswitch/blob/ef32e205295e29f034f1453ad245ba5efb07b94a/conf/vanilla/autoload_configs/cdr_csv.conf.xml#L8
conf/vanilla/autoload_configs/cdr_csv.conf.xml,10,legs,a,https://github.com/signalwire/freeswitch/blob/ef32e205295e29f034f1453ad245ba5efb07b94a/conf/vanilla/autoload_configs/cdr_csv.conf.xml#L10
conf/vanilla/autoload_configs/cdr_pg_csv.conf.xml,4,db-info,host=localhost dbname=cdr connect_timeout=10,https://github.com/signalwire/freeswitch/blob/ef32e205295e29f034f1453ad245ba5efb07b94a/conf/vanilla/autoload_configs/cdr_pg_csv.conf.xml#L4
conf/vanilla/autoload_configs/cdr_pg_csv.conf.xml,9,legs,a,https://github.com/signalwire/freeswitch/blob/ef32e205295e29f034f1453ad245ba5efb07b94a/conf/vanilla/autoload_configs/cdr_pg_csv.conf.xml#L9
conf/vanilla/autoload_configs/cdr_pg_csv.conf.xml,14,spool-format,csv,https://github.com/signalwire/freeswitch/blob/ef32e205295e29f034f1453ad245ba5efb07b94a/conf/vanilla/autoload_configs/cdr_pg_csv.conf.xml#L14
conf/vanilla/autoload_configs/cdr_pg_csv.conf.xml,15,rotate-on-hup,true,https://github.com/signalwire/freeswitch/blob/ef32e205295e29f034f1453ad245ba5efb07b94a/conf/vanilla/autoload_configs/cdr_pg_csv.conf.xml#L15
conf/vanilla/autoload_configs/cdr_sqlite.conf.xml,8,legs,a,https://github.com/signalwire/freeswitch/blob/ef32e205295e29f034f1453ad245ba5efb07b94a/conf/vanilla/autoload_configs/cdr_sqlite.conf.xml#L8
conf/vanilla/autoload_configs/cdr_sqlite.conf.xml,10,default-template,example,https://github.com/signalwire/freeswitch/blob/ef32e205295e29f034f1453ad245ba5efb07b94a/conf/vanilla/autoload_configs/cdr_sqlite.conf.xml#L10
conf/vanilla/autoload_configs/cidlookup.conf.xml,4,url,http://query.voipcnam.com/query.php?api_key=MYAPIKEY&amp;number=${caller_id_number},https://github.com/signalwire/freeswitch/blob/ef32e205295e29f034f1453ad245ba5efb07b94a/conf/vanilla/autoload_configs/cidlookup.conf.xml#L4
conf/vanilla/autoload_configs/cidlookup.conf.xml,8,whitepages-apikey,MYAPIKEY,https://github.com/signalwire/freeswitch/blob/ef32e205295e29f034f1453ad245ba5efb07b94a/conf/vanilla/autoload_configs/cidlookup.conf.xml#L8
conf/vanilla/autoload_configs/cidlookup.conf.xml,11,cache,true,https://github.com/signalwire/freeswitch/blob/ef32e205295e29f034f1453ad245ba5efb07b94a/conf/vanilla/autoload_configs/cidlookup.conf.xml#L11
conf/vanilla/autoload_configs/cidlookup.conf.xml,13,cache-expire,86400,https://github.com/signalwire/freeswitch/blob/ef32e205295e29f034f1453ad245ba5efb07b94a/conf/vanilla/autoload_configs/cidlookup.conf.xml#L13
conf/vanilla/autoload_configs/cidlookup.conf.xml,15,odbc-dsn,phone:phone:phone,https://github.com/signalwire/freeswitch/blob/ef32e205295e29f034f1453ad245ba5efb07b94a/conf/vanilla/autoload_configs/cidlookup.conf.xml#L15
conf/vanilla/autoload_configs/cidlookup.conf.xml,18,sql,"
     SELECT name||' ('||type||')' AS name 
      FROM phonebook p JOIN numbers n ON p.id = n.phonebook_id
      WHERE n.number='${caller_id_number}' 
      LIMIT 1
      ",https://github.com/signalwire/freeswitch/blob/ef32e205295e29f034f1453ad245ba5efb07b94a/conf/vanilla/autoload_configs/cidlookup.conf.xml#L18
conf/vanilla/autoload_configs/cidlookup.conf.xml,26,citystate-sql,"
     SELECT ratecenter||' '||state as name
      FROM npa_nxx_company_ocn
      WHERE npa = ${caller_id_number:1:3} AND nxx = ${caller_id_number:4:3}
      LIMIT 1
      ",https://github.com/signalwire/freeswitch/blob/ef32e205295e29f034f1453ad245ba5efb07b94a/conf/vanilla/autoload_configs/cidlookup.conf.xml#L26
conf/vanilla/autoload_configs/conference.conf.xml,40,domain,$${domain},https://github.com/signalwire/freeswitch/blob/ef32e205295e29f034f1453ad245ba5efb07b94a/conf/vanilla/autoload_configs/conference.conf.xml#L40
conf/vanilla/autoload_configs/conference.conf.xml,42,rate,8000,https://github.com/signalwire/freeswitch/blob/ef32e205295e29f034f1453ad245ba5efb07b94a/conf/vanilla/autoload_configs/conference.conf.xml#L42
conf/vanilla/autoload_configs/conference.conf.xml,44,interval,20,https://github.com/signalwire/freeswitch/blob/ef32e205295e29f034f1453ad245ba5efb07b94a/conf/vanilla/autoload_configs/conference.conf.xml#L44
conf/vanilla/autoload_configs/conference.conf.xml,46,energy-level,100,https://github.com/signalwire/freeswitch/blob/ef32e205295e29f034f1453ad245ba5efb07b94a/conf/vanilla/autoload_configs/conference.conf.xml#L46
conf/vanilla/autoload_configs/conference.conf.xml,72,muted-sound,conference/conf-muted.wav,https://github.com/signalwire/freeswitch/blob/ef32e205295e29f034f1453ad245ba5efb07b94a/conf/vanilla/autoload_configs/conference.conf.xml#L72
conf/vanilla/autoload_configs/conference.conf.xml,74,unmuted-sound,conference/conf-unmuted.wav,https://github.com/signalwire/freeswitch/blob/ef32e205295e29f034f1453ad245ba5efb07b94a/conf/vanilla/autoload_configs/conference.conf.xml#L74
conf/vanilla/autoload_configs/conference.conf.xml,76,alone-sound,conference/conf-alone.wav,https://github.com/signalwire/freeswitch/blob/ef32e205295e29f034f1453ad245ba5efb07b94a/conf/vanilla/autoload_configs/conference.conf.xml#L76
conf/vanilla/autoload_configs/conference.conf.xml,80,moh-sound,$${hold_music},https://github.com/signalwire/freeswitch/blob/ef32e205295e29f034f1453ad245ba5efb07b94a/conf/vanilla/autoload_configs/conference.conf.xml#L80
conf/vanilla/autoload_configs/conference.conf.xml,82,enter-sound,"tone_stream://%(200,0,500,600,700)",https://github.com/signalwire/freeswitch/blob/ef32e205295e29f034f1453ad245ba5efb07b94a/conf/vanilla/autoload_configs/conference.conf.xml#L82
conf/vanilla/autoload_configs/conference.conf.xml,84,exit-sound,"tone_stream://%(500,0,300,200,100,50,25)",https://github.com/signalwire/freeswitch/blob/ef32e205295e29f034f1453ad245ba5efb07b94a/conf/vanilla/autoload_configs/conference.conf.xml#L84
conf/vanilla/autoload_configs/conference.conf.xml,86,kicked-sound,conference/conf-kicked.wav,https://github.com/signalwire/freeswitch/blob/ef32e205295e29f034f1453ad245ba5efb07b94a/conf/vanilla/autoload_configs/conference.conf.xml#L86
conf/vanilla/autoload_configs/conference.conf.xml,88,locked-sound,conference/conf-locked.wav,https://github.com/signalwire/freeswitch/blob/ef32e205295e29f034f1453ad245ba5efb07b94a/conf/vanilla/autoload_configs/conference.conf.xml#L88
conf/vanilla/autoload_configs/conference.conf.xml,90,is-locked-sound,conference/conf-is-locked.wav,https://github.com/signalwire/freeswitch/blob/ef32e205295e29f034f1453ad245ba5efb07b94a/conf/vanilla/autoload_configs/conference.conf.xml#L90
conf/vanilla/autoload_configs/conference.conf.xml,92,is-unlocked-sound,conference/conf-is-unlocked.wav,https://github.com/signalwire/freeswitch/blob/ef32e205295e29f034f1453ad245ba5efb07b94a/conf/vanilla/autoload_configs/conference.conf.xml#L92
conf/vanilla/autoload_configs/conference.conf.xml,94,pin-sound,conference/conf-pin.wav,https://github.com/signalwire/freeswitch/blob/ef32e205295e29f034f1453ad245ba5efb07b94a/conf/vanilla/autoload_configs/conference.conf.xml#L94
conf/vanilla/autoload_configs/conference.conf.xml,96,bad-pin-sound,conference/conf-bad-pin.wav,https://github.com/signalwire/freeswitch/blob/ef32e205295e29f034f1453ad245ba5efb07b94a/conf/vanilla/autoload_configs/conference.conf.xml#L96
conf/vanilla/autoload_configs/conference.conf.xml,103,caller-id-name,$${outbound_caller_name},https://github.com/signalwire/freeswitch/blob/ef32e205295e29f034f1453ad245ba5efb07b94a/conf/vanilla/autoload_configs/conference.conf.xml#L103
conf/vanilla/autoload_configs/conference.conf.xml,105,caller-id-number,$${outbound_caller_id},https://github.com/signalwire/freeswitch/blob/ef32e205295e29f034f1453ad245ba5efb07b94a/conf/vanilla/autoload_configs/conference.conf.xml#L105
conf/vanilla/autoload_configs/conference.conf.xml,109,comfort-noise,true,https://github.com/signalwire/freeswitch/blob/ef32e205295e29f034f1453ad245ba5efb07b94a/conf/vanilla/autoload_configs/conference.conf.xml#L109
conf/vanilla/autoload_configs/conference.conf.xml,132,domain,$${domain},https://github.com/signalwire/freeswitch/blob/ef32e205295e29f034f1453ad245ba5efb07b94a/conf/vanilla/autoload_configs/conference.conf.xml#L132
conf/vanilla/autoload_configs/conference.conf.xml,133,rate,16000,https://github.com/signalwire/freeswitch/blob/ef32e205295e29f034f1453ad245ba5efb07b94a/conf/vanilla/autoload_configs/conference.conf.xml#L133
conf/vanilla/autoload_configs/conference.conf.xml,134,interval,20,https://github.com/signalwire/freeswitch/blob/ef32e205295e29f034f1453ad245ba5efb07b94a/conf/vanilla/autoload_configs/conference.conf.xml#L134
conf/vanilla/autoload_configs/conference.conf.xml,135,energy-level,100,https://github.com/signalwire/freeswitch/blob/ef32e205295e29f034f1453ad245ba5efb07b94a/conf/vanilla/autoload_configs/conference.conf.xml#L135
conf/vanilla/autoload_configs/conference.conf.xml,137,muted-sound,conference/conf-muted.wav,https://github.com/signalwire/freeswitch/blob/ef32e205295e29f034f1453ad245ba5efb07b94a/conf/vanilla/autoload_configs/conference.conf.xml#L137
conf/vanilla/autoload_configs/conference.conf.xml,138,unmuted-sound,conference/conf-unmuted.wav,https://github.com/signalwire/freeswitch/blob/ef32e205295e29f034f1453ad245ba5efb07b94a/conf/vanilla/autoload_configs/conference.conf.xml#L138
conf/vanilla/autoload_configs/conference.conf.xml,139,alone-sound,conference/conf-alone.wav,https://github.com/signalwire/freeswitch/blob/ef32e205295e29f034f1453ad245ba5efb07b94a/conf/vanilla/autoload_configs/conference.conf.xml#L139
conf/vanilla/autoload_configs/conference.conf.xml,140,moh-sound,$${hold_music},https://github.com/signalwire/freeswitch/blob/ef32e205295e29f034f1453ad245ba5efb07b94a/conf/vanilla/autoload_configs/conference.conf.xml#L140
conf/vanilla/autoload_configs/conference.conf.xml,141,enter-sound,"tone_stream://%(200,0,500,600,700)",https://github.com/signalwire/freeswitch/blob/ef32e205295e29f034f1453ad245ba5efb07b94a/conf/vanilla/autoload_configs/conference.conf.xml#L141
conf/vanilla/autoload_configs/conference.conf.xml,142,exit-sound,"tone_stream://%(500,0,300,200,100,50,25)",https://github.com/signalwire/freeswitch/blob/ef32e205295e29f034f1453ad245ba5efb07b94a/conf/vanilla/autoload_configs/conference.conf.xml#L142
conf/vanilla/autoload_configs/conference.conf.xml,143,kicked-sound,conference/conf-kicked.wav,https://github.com/signalwire/freeswitch/blob/ef32e205295e29f034f1453ad245ba5efb07b94a/conf/vanilla/autoload_configs/conference.conf.xml#L143
conf/vanilla/autoload_configs/conference.conf.xml,144,locked-sound,conference/conf-locked.wav,https://github.com/signalwire/freeswitch/blob/ef32e205295e29f034f1453ad245ba5efb07b94a/conf/vanilla/autoload_configs/conference.conf.xml#L144
conf/vanilla/autoload_configs/conference.conf.xml,145,is-locked-sound,conference/conf-is-locked.wav,https://github.com/signalwire/freeswitch/blob/ef32e205295e29f034f1453ad245ba5efb07b94a/conf/vanilla/autoload_configs/conference.conf.xml#L145
conf/vanilla/autoload_configs/conference.conf.xml,146,is-unlocked-sound,conference/conf-is-unlocked.wav,https://github.com/signalwire/freeswitch/blob/ef32e205295e29f034f1453ad245ba5efb07b94a/conf/vanilla/autoload_configs/conference.conf.xml#L146
conf/vanilla/autoload_configs/conference.conf.xml,147,pin-sound,conference/conf-pin.wav,https://github.com/signalwire/freeswitch/blob/ef32e205295e29f034f1453ad245ba5efb07b94a/conf/vanilla/autoload_configs/conference.conf.xml#L147
conf/vanilla/autoload_configs/conference.conf.xml,148,bad-pin-sound,conference/conf-bad-pin.wav,https://github.com/signalwire/freeswitch/blob/ef32e205295e29f034f1453ad245ba5efb07b94a/conf/vanilla/autoload_configs/conference.conf.xml#L148
conf/vanilla/autoload_configs/conference.conf.xml,149,caller-id-name,$${outbound_caller_name},https://github.com/signalwire/freeswitch/blob/ef32e205295e29f034f1453ad245ba5efb07b94a/conf/vanilla/autoload_configs/conference.conf.xml#L149
conf/vanilla/autoload_configs/conference.conf.xml,150,caller-id-number,$${outbound_caller_id},https://github.com/signalwire/freeswitch/blob/ef32e205295e29f034f1453ad245ba5efb07b94a/conf/vanilla/autoload_configs/conference.conf.xml#L150
conf/vanilla/autoload_configs/conference.conf.xml,151,comfort-noise,true,https://github.com/signalwire/freeswitch/blob/ef32e205295e29f034f1453ad245ba5efb07b94a/conf/vanilla/autoload_configs/conference.conf.xml#L151
conf/vanilla/autoload_configs/conference.conf.xml,157,domain,$${domain},https://github.com/signalwire/freeswitch/blob/ef32e205295e29f034f1453ad245ba5efb07b94a/conf/vanilla/autoload_configs/conference.conf.xml#L157
conf/vanilla/autoload_configs/conference.conf.xml,158,rate,32000,https://github.com/signalwire/freeswitch/blob/ef32e205295e29f034f1453ad245ba5efb07b94a/conf/vanilla/autoload_configs/conference.conf.xml#L158
conf/vanilla/autoload_configs/conference.conf.xml,159,interval,20,https://github.com/signalwire/freeswitch/blob/ef32e205295e29f034f1453ad245ba5efb07b94a/conf/vanilla/autoload_configs/conference.conf.xml#L159
conf/vanilla/autoload_configs/conference.conf.xml,160,energy-level,100,https://github.com/signalwire/freeswitch/blob/ef32e205295e29f034f1453ad245ba5efb07b94a/conf/vanilla/autoload_configs/conference.conf.xml#L160
conf/vanilla/autoload_configs/conference.conf.xml,162,muted-sound,conference/conf-muted.wav,https://github.com/signalwire/freeswitch/blob/ef32e205295e29f034f1453ad245ba5efb07b94a/conf/vanilla/autoload_configs/conference.conf.xml#L162
conf/vanilla/autoload_configs/conference.conf.xml,163,unmuted-sound,conference/conf-unmuted.wav,https://github.com/signalwire/freeswitch/blob/ef32e205295e29f034f1453ad245ba5efb07b94a/conf/vanilla/autoload_configs/conference.conf.xml#L163
conf/vanilla/autoload_configs/conference.conf.xml,164,alone-sound,conference/conf-alone.wav,https://github.com/signalwire/freeswitch/blob/ef32e205295e29f034f1453ad245ba5efb07b94a/conf/vanilla/autoload_configs/conference.conf.xml#L164
conf/vanilla/autoload_configs/conference.conf.xml,165,moh-sound,$${hold_music},https://github.com/signalwire/freeswitch/blob/ef32e205295e29f034f1453ad245ba5efb07b94a/conf/vanilla/autoload_configs/conference.conf.xml#L165
conf/vanilla/autoload_configs/conference.conf.xml,166,enter-sound,"tone_stream://%(200,0,500,600,700)",https://github.com/signalwire/freeswitch/blob/ef32e205295e29f034f1453ad245ba5efb07b94a/conf/vanilla/autoload_configs/conference.conf.xml#L166
conf/vanilla/autoload_configs/conference.conf.xml,167,exit-sound,"tone_stream://%(500,0,300,200,100,50,25)",https://github.com/signalwire/freeswitch/blob/ef32e205295e29f034f1453ad245ba5efb07b94a/conf/vanilla/autoload_configs/conference.conf.xml#L167
conf/vanilla/autoload_configs/conference.conf.xml,168,kicked-sound,conference/conf-kicked.wav,https://github.com/signalwire/freeswitch/blob/ef32e205295e29f034f1453ad245ba5efb07b94a/conf/vanilla/autoload_configs/conference.conf.xml#L168
conf/vanilla/autoload_configs/conference.conf.xml,169,locked-sound,conference/conf-locked.wav,https://github.com/signalwire/freeswitch/blob/ef32e205295e29f034f1453ad245ba5efb07b94a/conf/vanilla/autoload_configs/conference.conf.xml#L169
conf/vanilla/autoload_configs/conference.conf.xml,170,is-locked-sound,conference/conf-is-locked.wav,https://github.com/signalwire/freeswitch/blob/ef32e205295e29f034f1453ad245ba5efb07b94a/conf/vanilla/autoload_configs/conference.conf.xml#L170
conf/vanilla/autoload_configs/conference.conf.xml,171,is-unlocked-sound,conference/conf-is-unlocked.wav,https://github.com/signalwire/freeswitch/blob/ef32e205295e29f034f1453ad245ba5efb07b94a/conf/vanilla/autoload_configs/conference.conf.xml#L171
conf/vanilla/autoload_configs/conference.conf.xml,172,pin-sound,conference/conf-pin.wav,https://github.com/signalwire/freeswitch/blob/ef32e205295e29f034f1453ad245ba5efb07b94a/conf/vanilla/autoload_configs/conference.conf.xml#L172
conf/vanilla/autoload_configs/conference.conf.xml,173,bad-pin-sound,conference/conf-bad-pin.wav,https://github.com/signalwire/freeswitch/blob/ef32e205295e29f034f1453ad245ba5efb07b94a/conf/vanilla/autoload_configs/conference.conf.xml#L173
conf/vanilla/autoload_configs/conference.conf.xml,174,caller-id-name,$${outbound_caller_name},https://github.com/signalwire/freeswitch/blob/ef32e205295e29f034f1453ad245ba5efb07b94a/conf/vanilla/autoload_configs/conference.conf.xml#L174
conf/vanilla/autoload_configs/conference.conf.xml,175,caller-id-number,$${outbound_caller_id},https://github.com/signalwire/freeswitch/blob/ef32e205295e29f034f1453ad245ba5efb07b94a/conf/vanilla/autoload_configs/conference.conf.xml#L175
conf/vanilla/autoload_configs/conference.conf.xml,176,comfort-noise,true,https://github.com/signalwire/freeswitch/blob/ef32e205295e29f034f1453ad245ba5efb07b94a/conf/vanilla/autoload_configs/conference.conf.xml#L176
conf/vanilla/autoload_configs/conference.conf.xml,196,domain,$${domain},https://github.com/signalwire/freeswitch/blob/ef32e205295e29f034f1453ad245ba5efb07b94a/conf/vanilla/autoload_configs/conference.conf.xml#L196
conf/vanilla/autoload_configs/conference.conf.xml,197,rate,48000,https://github.com/signalwire/freeswitch/blob/ef32e205295e29f034f1453ad245ba5efb07b94a/conf/vanilla/autoload_configs/conference.conf.xml#L197
conf/vanilla/autoload_configs/conference.conf.xml,198,interval,20,https://github.com/signalwire/freeswitch/blob/ef32e205295e29f034f1453ad245ba5efb07b94a/conf/vanilla/autoload_configs/conference.conf.xml#L198
conf/vanilla/autoload_configs/conference.conf.xml,199,energy-level,100,https://github.com/signalwire/freeswitch/blob/ef32e205295e29f034f1453ad245ba5efb07b94a/conf/vanilla/autoload_configs/conference.conf.xml#L199
conf/vanilla/autoload_configs/conference.conf.xml,201,muted-sound,conference/conf-muted.wav,https://github.com/signalwire/freeswitch/blob/ef32e205295e29f034f1453ad245ba5efb07b94a/conf/vanilla/autoload_configs/conference.conf.xml#L201
conf/vanilla/autoload_configs/conference.conf.xml,202,unmuted-sound,conference/conf-unmuted.wav,https://github.com/signalwire/freeswitch/blob/ef32e205295e29f034f1453ad245ba5efb07b94a/conf/vanilla/autoload_configs/conference.conf.xml#L202
conf/vanilla/autoload_configs/conference.conf.xml,203,alone-sound,conference/conf-alone.wav,https://github.com/signalwire/freeswitch/blob/ef32e205295e29f034f1453ad245ba5efb07b94a/conf/vanilla/autoload_configs/conference.conf.xml#L203
conf/vanilla/autoload_configs/conference.conf.xml,204,moh-sound,$${hold_music},https://github.com/signalwire/freeswitch/blob/ef32e205295e29f034f1453ad245ba5efb07b94a/conf/vanilla/autoload_configs/conference.conf.xml#L204
conf/vanilla/autoload_configs/conference.conf.xml,205,enter-sound,"tone_stream://%(200,0,500,600,700)",https://github.com/signalwire/freeswitch/blob/ef32e205295e29f034f1453ad245ba5efb07b94a/conf/vanilla/autoload_configs/conference.conf.xml#L205
conf/vanilla/autoload_configs/conference.conf.xml,206,exit-sound,"tone_stream://%(500,0,300,200,100,50,25)",https://github.com/signalwire/freeswitch/blob/ef32e205295e29f034f1453ad245ba5efb07b94a/conf/vanilla/autoload_configs/conference.conf.xml#L206
conf/vanilla/autoload_configs/conference.conf.xml,207,kicked-sound,conference/conf-kicked.wav,https://github.com/signalwire/freeswitch/blob/ef32e205295e29f034f1453ad245ba5efb07b94a/conf/vanilla/autoload_configs/conference.conf.xml#L207
conf/vanilla/autoload_configs/conference.conf.xml,208,locked-sound,conference/conf-locked.wav,https://github.com/signalwire/freeswitch/blob/ef32e205295e29f034f1453ad245ba5efb07b94a/conf/vanilla/autoload_configs/conference.conf.xml#L208
conf/vanilla/autoload_configs/conference.conf.xml,209,is-locked-sound,conference/conf-is-locked.wav,https://github.com/signalwire/freeswitch/blob/ef32e205295e29f034f1453ad245ba5efb07b94a/conf/vanilla/autoload_configs/conference.conf.xml#L209
conf/vanilla/autoload_configs/conference.conf.xml,210,is-unlocked-sound,conference/conf-is-unlocked.wav,https://github.com/signalwire/freeswitch/blob/ef32e205295e29f034f1453ad245ba5efb07b94a/conf/vanilla/autoload_configs/conference.conf.xml#L210
conf/vanilla/autoload_configs/conference.conf.xml,211,pin-sound,conference/conf-pin.wav,https://github.com/signalwire/freeswitch/blob/ef32e205295e29f034f1453ad245ba5efb07b94a/conf/vanilla/autoload_configs/conference.conf.xml#L211
conf/vanilla/autoload_configs/conference.conf.xml,212,bad-pin-sound,conference/conf-bad-pin.wav,https://github.com/signalwire/freeswitch/blob/ef32e205295e29f034f1453ad245ba5efb07b94a/conf/vanilla/autoload_configs/conference.conf.xml#L212
conf/vanilla/autoload_configs/conference.conf.xml,213,caller-id-name,$${outbound_caller_name},https://github.com/signalwire/freeswitch/blob/ef32e205295e29f034f1453ad245ba5efb07b94a/conf/vanilla/autoload_configs/conference.conf.xml#L213
conf/vanilla/autoload_configs/conference.conf.xml,214,caller-id-number,$${outbound_caller_id},https://github.com/signalwire/freeswitch/blob/ef32e205295e29f034f1453ad245ba5efb07b94a/conf/vanilla/autoload_configs/conference.conf.xml#L214
conf/vanilla/autoload_configs/conference.conf.xml,215,comfort-noise,true,https://github.com/signalwire/freeswitch/blob/ef32e205295e29f034f1453ad245ba5efb07b94a/conf/vanilla/autoload_configs/conference.conf.xml#L215
conf/vanilla/autoload_configs/conference.conf.xml,231,domain,$${domain},https://github.com/signalwire/freeswitch/blob/ef32e205295e29f034f1453ad245ba5efb07b94a/conf/vanilla/autoload_configs/conference.conf.xml#L231
conf/vanilla/autoload_configs/conference.conf.xml,232,rate,48000,https://github.com/signalwire/freeswitch/blob/ef32e205295e29f034f1453ad245ba5efb07b94a/conf/vanilla/autoload_configs/conference.conf.xml#L232
conf/vanilla/autoload_configs/conference.conf.xml,233,channels,2,https://github.com/signalwire/freeswitch/blob/ef32e205295e29f034f1453ad245ba5efb07b94a/conf/vanilla/autoload_configs/conference.conf.xml#L233
conf/vanilla/autoload_configs/conference.conf.xml,234,interval,20,https://github.com/signalwire/freeswitch/blob/ef32e205295e29f034f1453ad245ba5efb07b94a/conf/vanilla/autoload_configs/conference.conf.xml#L234
conf/vanilla/autoload_configs/conference.conf.xml,235,energy-level,200,https://github.com/signalwire/freeswitch/blob/ef32e205295e29f034f1453ad245ba5efb07b94a/conf/vanilla/autoload_configs/conference.conf.xml#L235
conf/vanilla/autoload_configs/conference.conf.xml,238,muted-sound,conference/conf-muted.wav,https://github.com/signalwire/freeswitch/blob/ef32e205295e29f034f1453ad245ba5efb07b94a/conf/vanilla/autoload_configs/conference.conf.xml#L238
conf/vanilla/autoload_configs/conference.conf.xml,239,unmuted-sound,conference/conf-unmuted.wav,https://github.com/signalwire/freeswitch/blob/ef32e205295e29f034f1453ad245ba5efb07b94a/conf/vanilla/autoload_configs/conference.conf.xml#L239
conf/vanilla/autoload_configs/conference.conf.xml,240,alone-sound,conference/conf-alone.wav,https://github.com/signalwire/freeswitch/blob/ef32e205295e29f034f1453ad245ba5efb07b94a/conf/vanilla/autoload_configs/conference.conf.xml#L240
conf/vanilla/autoload_configs/conference.conf.xml,241,moh-sound,$${hold_music},https://github.com/signalwire/freeswitch/blob/ef32e205295e29f034f1453ad245ba5efb07b94a/conf/vanilla/autoload_configs/conference.conf.xml#L241
conf/vanilla/autoload_configs/conference.conf.xml,242,enter-sound,"tone_stream://%(200,0,500,600,700)",https://github.com/signalwire/freeswitch/blob/ef32e205295e29f034f1453ad245ba5efb07b94a/conf/vanilla/autoload_configs/conference.conf.xml#L242
conf/vanilla/autoload_configs/conference.conf.xml,243,exit-sound,"tone_stream://%(500,0,300,200,100,50,25)",https://github.com/signalwire/freeswitch/blob/ef32e205295e29f034f1453ad245ba5efb07b94a/conf/vanilla/autoload_configs/conference.conf.xml#L243
conf/vanilla/autoload_configs/conference.conf.xml,244,kicked-sound,conference/conf-kicked.wav,https://github.com/signalwire/freeswitch/blob/ef32e205295e29f034f1453ad245ba5efb07b94a/conf/vanilla/autoload_configs/conference.conf.xml#L244
conf/vanilla/autoload_configs/conference.conf.xml,245,locked-sound,conference/conf-locked.wav,https://github.com/signalwire/freeswitch/blob/ef32e205295e29f034f1453ad245ba5efb07b94a/conf/vanilla/autoload_configs/conference.conf.xml#L245
conf/vanilla/autoload_configs/conference.conf.xml,246,is-locked-sound,conference/conf-is-locked.wav,https://github.com/signalwire/freeswitch/blob/ef32e205295e29f034f1453ad245ba5efb07b94a/conf/vanilla/autoload_configs/conference.conf.xml#L246
conf/vanilla/autoload_configs/conference.conf.xml,247,is-unlocked-sound,conference/conf-is-unlocked.wav,https://github.com/signalwire/freeswitch/blob/ef32e205295e29f034f1453ad245ba5efb07b94a/conf/vanilla/autoload_configs/conference.conf.xml#L247
conf/vanilla/autoload_configs/conference.conf.xml,248,pin-sound,conference/conf-pin.wav,https://github.com/signalwire/freeswitch/blob/ef32e205295e29f034f1453ad245ba5efb07b94a/conf/vanilla/autoload_configs/conference.conf.xml#L248
conf/vanilla/autoload_configs/conference.conf.xml,249,bad-pin-sound,conference/conf-bad-pin.wav,https://github.com/signalwire/freeswitch/blob/ef32e205295e29f034f1453ad245ba5efb07b94a/conf/vanilla/autoload_configs/conference.conf.xml#L249
conf/vanilla/autoload_configs/conference.conf.xml,250,caller-id-name,$${outbound_caller_name},https://github.com/signalwire/freeswitch/blob/ef32e205295e29f034f1453ad245ba5efb07b94a/conf/vanilla/autoload_configs/conference.conf.xml#L250
conf/vanilla/autoload_configs/conference.conf.xml,251,caller-id-number,$${outbound_caller_id},https://github.com/signalwire/freeswitch/blob/ef32e205295e29f034f1453ad245ba5efb07b94a/conf/vanilla/autoload_configs/conference.conf.xml#L251
conf/vanilla/autoload_configs/conference.conf.xml,252,comfort-noise,false,https://github.com/signalwire/freeswitch/blob/ef32e205295e29f034f1453ad245ba5efb07b94a/conf/vanilla/autoload_configs/conference.conf.xml#L252
conf/vanilla/autoload_configs/conference.conf.xml,253,conference-flags,livearray-json-status|json-events|video-floor-only|rfc-4579|livearray-sync|minimize-video-encoding|manage-inbound-video-bitrate|video-required-for-canvas|video-mute-exit-canvas|mute-detect,https://github.com/signalwire/freeswitch/blob/ef32e205295e29f034f1453ad245ba5efb07b94a/conf/vanilla/autoload_configs/conference.conf.xml#L253
conf/vanilla/autoload_configs/conference.conf.xml,254,video-auto-floor-msec,1000,https://github.com/signalwire/freeswitch/blob/ef32e205295e29f034f1453ad245ba5efb07b94a/conf/vanilla/autoload_configs/conference.conf.xml#L254
conf/vanilla/autoload_configs/conference.conf.xml,255,video-mode,mux,https://github.com/signalwire/freeswitch/blob/ef32e205295e29f034f1453ad245ba5efb07b94a/conf/vanilla/autoload_configs/conference.conf.xml#L255
conf/vanilla/autoload_configs/conference.conf.xml,256,video-layout-name,3x3,https://github.com/signalwire/freeswitch/blob/ef32e205295e29f034f1453ad245ba5efb07b94a/conf/vanilla/autoload_configs/conference.conf.xml#L256
conf/vanilla/autoload_configs/conference.conf.xml,257,video-layout-name,group:grid,https://github.com/signalwire/freeswitch/blob/ef32e205295e29f034f1453ad245ba5efb07b94a/conf/vanilla/autoload_configs/conference.conf.xml#L257
conf/vanilla/autoload_configs/conference.conf.xml,258,video-canvas-size,1920x1080,https://github.com/signalwire/freeswitch/blob/ef32e205295e29f034f1453ad245ba5efb07b94a/conf/vanilla/autoload_configs/conference.conf.xml#L258
conf/vanilla/autoload_configs/conference.conf.xml,259,video-canvas-bgcolor,#333333,https://github.com/signalwire/freeswitch/blob/ef32e205295e29f034f1453ad245ba5efb07b94a/conf/vanilla/autoload_configs/conference.conf.xml#L259
conf/vanilla/autoload_configs/conference.conf.xml,260,video-layout-bgcolor,#000000,https://github.com/signalwire/freeswitch/blob/ef32e205295e29f034f1453ad245ba5efb07b94a/conf/vanilla/autoload_configs/conference.conf.xml#L260
conf/vanilla/autoload_configs/conference.conf.xml,261,video-codec-bandwidth,3mb,https://github.com/signalwire/freeswitch/blob/ef32e205295e29f034f1453ad245ba5efb07b94a/conf/vanilla/autoload_configs/conference.conf.xml#L261
conf/vanilla/autoload_configs/conference.conf.xml,262,video-fps,30,https://github.com/signalwire/freeswitch/blob/ef32e205295e29f034f1453ad245ba5efb07b94a/conf/vanilla/autoload_configs/conference.conf.xml#L262
conf/vanilla/autoload_configs/conference.conf.xml,267,domain,$${domain},https://github.com/signalwire/freeswitch/blob/ef32e205295e29f034f1453ad245ba5efb07b94a/conf/vanilla/autoload_configs/conference.conf.xml#L267
conf/vanilla/autoload_configs/conference.conf.xml,268,rate,48000,https://github.com/signalwire/freeswitch/blob/ef32e205295e29f034f1453ad245ba5efb07b94a/conf/vanilla/autoload_configs/conference.conf.xml#L268
conf/vanilla/autoload_configs/conference.conf.xml,269,channels,2,https://github.com/signalwire/freeswitch/blob/ef32e205295e29f034f1453ad245ba5efb07b94a/conf/vanilla/autoload_configs/conference.conf.xml#L269
conf/vanilla/autoload_configs/conference.conf.xml,270,interval,20,https://github.com/signalwire/freeswitch/blob/ef32e205295e29f034f1453ad245ba5efb07b94a/conf/vanilla/autoload_configs/conference.conf.xml#L270
conf/vanilla/autoload_configs/conference.conf.xml,271,energy-level,200,https://github.com/signalwire/freeswitch/blob/ef32e205295e29f034f1453ad245ba5efb07b94a/conf/vanilla/autoload_configs/conference.conf.xml#L271
conf/vanilla/autoload_configs/conference.conf.xml,274,muted-sound,conference/conf-muted.wav,https://github.com/signalwire/freeswitch/blob/ef32e205295e29f034f1453ad245ba5efb07b94a/conf/vanilla/autoload_configs/conference.conf.xml#L274
conf/vanilla/autoload_configs/conference.conf.xml,275,unmuted-sound,conference/conf-unmuted.wav,https://github.com/signalwire/freeswitch/blob/ef32e205295e29f034f1453ad245ba5efb07b94a/conf/vanilla/autoload_configs/conference.conf.xml#L275
conf/vanilla/autoload_configs/conference.conf.xml,276,alone-sound,conference/conf-alone.wav,https://github.com/signalwire/freeswitch/blob/ef32e205295e29f034f1453ad245ba5efb07b94a/conf/vanilla/autoload_configs/conference.conf.xml#L276
conf/vanilla/autoload_configs/conference.conf.xml,277,moh-sound,$${hold_music},https://github.com/signalwire/freeswitch/blob/ef32e205295e29f034f1453ad245ba5efb07b94a/conf/vanilla/autoload_configs/conference.conf.xml#L277
conf/vanilla/autoload_configs/conference.conf.xml,278,enter-sound,"tone_stream://%(200,0,500,600,700)",https://github.com/signalwire/freeswitch/blob/ef32e205295e29f034f1453ad245ba5efb07b94a/conf/vanilla/autoload_configs/conference.conf.xml#L278
conf/vanilla/autoload_configs/conference.conf.xml,279,exit-sound,"tone_stream://%(500,0,300,200,100,50,25)",https://github.com/signalwire/freeswitch/blob/ef32e205295e29f034f1453ad245ba5efb07b94a/conf/vanilla/autoload_configs/conference.conf.xml#L279
conf/vanilla/autoload_configs/conference.conf.xml,280,kicked-sound,conference/conf-kicked.wav,https://github.com/signalwire/freeswitch/blob/ef32e205295e29f034f1453ad245ba5efb07b94a/conf/vanilla/autoload_configs/conference.conf.xml#L280
conf/vanilla/autoload_configs/conference.conf.xml,281,locked-sound,conference/conf-locked.wav,https://github.com/signalwire/freeswitch/blob/ef32e205295e29f034f1453ad245ba5efb07b94a/conf/vanilla/autoload_configs/conference.conf.xml#L281
conf/vanilla/autoload_configs/conference.conf.xml,282,is-locked-sound,conference/conf-is-locked.wav,https://github.com/signalwire/freeswitch/blob/ef32e205295e29f034f1453ad245ba5efb07b94a/conf/vanilla/autoload_configs/conference.conf.xml#L282
conf/vanilla/autoload_configs/conference.conf.xml,283,is-unlocked-sound,conference/conf-is-unlocked.wav,https://github.com/signalwire/freeswitch/blob/ef32e205295e29f034f1453ad245ba5efb07b94a/conf/vanilla/autoload_configs/conference.conf.xml#L283
conf/vanilla/autoload_configs/conference.conf.xml,284,pin-sound,conference/conf-pin.wav,https://github.com/signalwire/freeswitch/blob/ef32e205295e29f034f1453ad245ba5efb07b94a/conf/vanilla/autoload_configs/conference.conf.xml#L284
conf/vanilla/autoload_configs/conference.conf.xml,285,bad-pin-sound,conference/conf-bad-pin.wav,https://github.com/signalwire/freeswitch/blob/ef32e205295e29f034f1453ad245ba5efb07b94a/conf/vanilla/autoload_configs/conference.conf.xml#L285
conf/vanilla/autoload_configs/conference.conf.xml,286,caller-id-name,$${outbound_caller_name},https://github.com/signalwire/freeswitch/blob/ef32e205295e29f034f1453ad245ba5efb07b94a/conf/vanilla/autoload_configs/conference.conf.xml#L286
conf/vanilla/autoload_configs/conference.conf.xml,287,caller-id-number,$${outbound_caller_id},https://github.com/signalwire/freeswitch/blob/ef32e205295e29f034f1453ad245ba5efb07b94a/conf/vanilla/autoload_configs/conference.conf.xml#L287
conf/vanilla/autoload_configs/conference.conf.xml,288,comfort-noise,false,https://github.com/signalwire/freeswitch/blob/ef32e205295e29f034f1453ad245ba5efb07b94a/conf/vanilla/autoload_configs/conference.conf.xml#L288
conf/vanilla/autoload_configs/conference.conf.xml,289,conference-flags,livearray-json-status|json-events|video-floor-only|rfc-4579|livearray-sync|minimize-video-encoding|manage-inbound-video-bitrate|video-required-for-canvas|video-mute-exit-canvas|mute-detect,https://github.com/signalwire/freeswitch/blob/ef32e205295e29f034f1453ad245ba5efb07b94a/conf/vanilla/autoload_configs/conference.conf.xml#L289
conf/vanilla/autoload_configs/conference.conf.xml,290,video-auto-floor-msec,1000,https://github.com/signalwire/freeswitch/blob/ef32e205295e29f034f1453ad245ba5efb07b94a/conf/vanilla/autoload_configs/conference.conf.xml#L290
conf/vanilla/autoload_configs/conference.conf.xml,291,video-mode,mux,https://github.com/signalwire/freeswitch/blob/ef32e205295e29f034f1453ad245ba5efb07b94a/conf/vanilla/autoload_configs/conference.conf.xml#L291
conf/vanilla/autoload_configs/conference.conf.xml,292,video-layout-name,3x3,https://github.com/signalwire/freeswitch/blob/ef32e205295e29f034f1453ad245ba5efb07b94a/conf/vanilla/autoload_configs/conference.conf.xml#L292
conf/vanilla/autoload_configs/conference.conf.xml,293,video-layout-name,group:grid,https://github.com/signalwire/freeswitch/blob/ef32e205295e29f034f1453ad245ba5efb07b94a/conf/vanilla/autoload_configs/conference.conf.xml#L293
conf/vanilla/autoload_configs/conference.conf.xml,294,video-canvas-size,1280x720,https://github.com/signalwire/freeswitch/blob/ef32e205295e29f034f1453ad245ba5efb07b94a/conf/vanilla/autoload_configs/conference.conf.xml#L294
conf/vanilla/autoload_configs/conference.conf.xml,295,video-canvas-bgcolor,#333333,https://github.com/signalwire/freeswitch/blob/ef32e205295e29f034f1453ad245ba5efb07b94a/conf/vanilla/autoload_configs/conference.conf.xml#L295
conf/vanilla/autoload_configs/conference.conf.xml,296,video-layout-bgcolor,#000000,https://github.com/signalwire/freeswitch/blob/ef32e205295e29f034f1453ad245ba5efb07b94a/conf/vanilla/autoload_configs/conference.conf.xml#L296
conf/vanilla/autoload_configs/conference.conf.xml,297,video-codec-bandwidth,3mb,https://github.com/signalwire/freeswitch/blob/ef32e205295e29f034f1453ad245ba5efb07b94a/conf/vanilla/autoload_configs/conference.conf.xml#L297
conf/vanilla/autoload_configs/conference.conf.xml,298,video-fps,30,https://github.com/signalwire/freeswitch/blob/ef32e205295e29f034f1453ad245ba5efb07b94a/conf/vanilla/autoload_configs/conference.conf.xml#L298
conf/vanilla/autoload_configs/conference.conf.xml,302,domain,$${domain},https://github.com/signalwire/freeswitch/blob/ef32e205295e29f034f1453ad245ba5efb07b94a/conf/vanilla/autoload_configs/conference.conf.xml#L302
conf/vanilla/autoload_configs/conference.conf.xml,303,rate,48000,https://github.com/signalwire/freeswitch/blob/ef32e205295e29f034f1453ad245ba5efb07b94a/conf/vanilla/autoload_configs/conference.conf.xml#L303
conf/vanilla/autoload_configs/conference.conf.xml,304,channels,2,https://github.com/signalwire/freeswitch/blob/ef32e205295e29f034f1453ad245ba5efb07b94a/conf/vanilla/autoload_configs/conference.conf.xml#L304
conf/vanilla/autoload_configs/conference.conf.xml,305,interval,20,https://github.com/signalwire/freeswitch/blob/ef32e205295e29f034f1453ad245ba5efb07b94a/conf/vanilla/autoload_configs/conference.conf.xml#L305
conf/vanilla/autoload_configs/conference.conf.xml,306,energy-level,200,https://github.com/signalwire/freeswitch/blob/ef32e205295e29f034f1453ad245ba5efb07b94a/conf/vanilla/autoload_configs/conference.conf.xml#L306
conf/vanilla/autoload_configs/conference.conf.xml,309,muted-sound,conference/conf-muted.wav,https://github.com/signalwire/freeswitch/blob/ef32e205295e29f034f1453ad245ba5efb07b94a/conf/vanilla/autoload_configs/conference.conf.xml#L309
conf/vanilla/autoload_configs/conference.conf.xml,310,unmuted-sound,conference/conf-unmuted.wav,https://github.com/signalwire/freeswitch/blob/ef32e205295e29f034f1453ad245ba5efb07b94a/conf/vanilla/autoload_configs/conference.conf.xml#L310
conf/vanilla/autoload_configs/conference.conf.xml,311,alone-sound,conference/conf-alone.wav,https://github.com/signalwire/freeswitch/blob/ef32e205295e29f034f1453ad245ba5efb07b94a/conf/vanilla/autoload_configs/conference.conf.xml#L311
conf/vanilla/autoload_configs/conference.conf.xml,312,moh-sound,$${hold_music},https://github.com/signalwire/freeswitch/blob/ef32e205295e29f034f1453ad245ba5efb07b94a/conf/vanilla/autoload_configs/conference.conf.xml#L312
conf/vanilla/autoload_configs/conference.conf.xml,313,enter-sound,"tone_stream://%(200,0,500,600,700)",https://github.com/signalwire/freeswitch/blob/ef32e205295e29f034f1453ad245ba5efb07b94a/conf/vanilla/autoload_configs/conference.conf.xml#L313
conf/vanilla/autoload_configs/conference.conf.xml,314,exit-sound,"tone_stream://%(500,0,300,200,100,50,25)",https://github.com/signalwire/freeswitch/blob/ef32e205295e29f034f1453ad245ba5efb07b94a/conf/vanilla/autoload_configs/conference.conf.xml#L314
conf/vanilla/autoload_configs/conference.conf.xml,315,kicked-sound,conference/conf-kicked.wav,https://github.com/signalwire/freeswitch/blob/ef32e205295e29f034f1453ad245ba5efb07b94a/conf/vanilla/autoload_configs/conference.conf.xml#L315
conf/vanilla/autoload_configs/conference.conf.xml,316,locked-sound,conference/conf-locked.wav,https://github.com/signalwire/freeswitch/blob/ef32e205295e29f034f1453ad245ba5efb07b94a/conf/vanilla/autoload_configs/conference.conf.xml#L316
conf/vanilla/autoload_configs/conference.conf.xml,317,is-locked-sound,conference/conf-is-locked.wav,https://github.com/signalwire/freeswitch/blob/ef32e205295e29f034f1453ad245ba5efb07b94a/conf/vanilla/autoload_configs/conference.conf.xml#L317
conf/vanilla/autoload_configs/conference.conf.xml,318,is-unlocked-sound,conference/conf-is-unlocked.wav,https://github.com/signalwire/freeswitch/blob/ef32e205295e29f034f1453ad245ba5efb07b94a/conf/vanilla/autoload_configs/conference.conf.xml#L318
conf/vanilla/autoload_configs/conference.conf.xml,319,pin-sound,conference/conf-pin.wav,https://github.com/signalwire/freeswitch/blob/ef32e205295e29f034f1453ad245ba5efb07b94a/conf/vanilla/autoload_configs/conference.conf.xml#L319
conf/vanilla/autoload_configs/conference.conf.xml,320,bad-pin-sound,conference/conf-bad-pin.wav,https://github.com/signalwire/freeswitch/blob/ef32e205295e29f034f1453ad245ba5efb07b94a/conf/vanilla/autoload_configs/conference.conf.xml#L320
conf/vanilla/autoload_configs/conference.conf.xml,321,caller-id-name,$${outbound_caller_name},https://github.com/signalwire/freeswitch/blob/ef32e205295e29f034f1453ad245ba5efb07b94a/conf/vanilla/autoload_configs/conference.conf.xml#L321
conf/vanilla/autoload_configs/conference.conf.xml,322,caller-id-number,$${outbound_caller_id},https://github.com/signalwire/freeswitch/blob/ef32e205295e29f034f1453ad245ba5efb07b94a/conf/vanilla/autoload_configs/conference.conf.xml#L322
conf/vanilla/autoload_configs/conference.conf.xml,323,comfort-noise,false,https://github.com/signalwire/freeswitch/blob/ef32e205295e29f034f1453ad245ba5efb07b94a/conf/vanilla/autoload_configs/conference.conf.xml#L323
conf/vanilla/autoload_configs/conference.conf.xml,324,conference-flags,livearray-json-status|json-events|video-floor-only|rfc-4579|livearray-sync|minimize-video-encoding|manage-inbound-video-bitrate|video-required-for-canvas|video-mute-exit-canvas|mute-detect,https://github.com/signalwire/freeswitch/blob/ef32e205295e29f034f1453ad245ba5efb07b94a/conf/vanilla/autoload_configs/conference.conf.xml#L324
conf/vanilla/autoload_configs/conference.conf.xml,325,video-auto-floor-msec,1000,https://github.com/signalwire/freeswitch/blob/ef32e205295e29f034f1453ad245ba5efb07b94a/conf/vanilla/autoload_configs/conference.conf.xml#L325
conf/vanilla/autoload_configs/conference.conf.xml,326,video-mode,mux,https://github.com/signalwire/freeswitch/blob/ef32e205295e29f034f1453ad245ba5efb07b94a/conf/vanilla/autoload_configs/conference.conf.xml#L326
conf/vanilla/autoload_configs/conference.conf.xml,327,video-layout-name,3x3,https://github.com/signalwire/freeswitch/blob/ef32e205295e29f034f1453ad245ba5efb07b94a/conf/vanilla/autoload_configs/conference.conf.xml#L327
conf/vanilla/autoload_configs/conference.conf.xml,328,video-layout-name,group:grid,https://github.com/signalwire/freeswitch/blob/ef32e205295e29f034f1453ad245ba5efb07b94a/conf/vanilla/autoload_configs/conference.conf.xml#L328
conf/vanilla/autoload_configs/conference.conf.xml,329,video-canvas-size,640x480,https://github.com/signalwire/freeswitch/blob/ef32e205295e29f034f1453ad245ba5efb07b94a/conf/vanilla/autoload_configs/conference.conf.xml#L329
conf/vanilla/autoload_configs/conference.conf.xml,330,video-canvas-bgcolor,#333333,https://github.com/signalwire/freeswitch/blob/ef32e205295e29f034f1453ad245ba5efb07b94a/conf/vanilla/autoload_configs/conference.conf.xml#L330
conf/vanilla/autoload_configs/conference.conf.xml,331,video-layout-bgcolor,#000000,https://github.com/signalwire/freeswitch/blob/ef32e205295e29f034f1453ad245ba5efb07b94a/conf/vanilla/autoload_configs/conference.conf.xml#L331
conf/vanilla/autoload_configs/conference.conf.xml,332,video-codec-bandwidth,3mb,https://github.com/signalwire/freeswitch/blob/ef32e205295e29f034f1453ad245ba5efb07b94a/conf/vanilla/autoload_configs/conference.conf.xml#L332
conf/vanilla/autoload_configs/conference.conf.xml,333,video-fps,30,https://github.com/signalwire/freeswitch/blob/ef32e205295e29f034f1453ad245ba5efb07b94a/conf/vanilla/autoload_configs/conference.conf.xml#L333
conf/vanilla/autoload_configs/conference.conf.xml,337,domain,$${domain},https://github.com/signalwire/freeswitch/blob/ef32e205295e29f034f1453ad245ba5efb07b94a/conf/vanilla/autoload_configs/conference.conf.xml#L337
conf/vanilla/autoload_configs/conference.conf.xml,338,rate,48000,https://github.com/signalwire/freeswitch/blob/ef32e205295e29f034f1453ad245ba5efb07b94a/conf/vanilla/autoload_configs/conference.conf.xml#L338
conf/vanilla/autoload_configs/conference.conf.xml,339,channels,2,https://github.com/signalwire/freeswitch/blob/ef32e205295e29f034f1453ad245ba5efb07b94a/conf/vanilla/autoload_configs/conference.conf.xml#L339
conf/vanilla/autoload_configs/conference.conf.xml,340,interval,20,https://github.com/signalwire/freeswitch/blob/ef32e205295e29f034f1453ad245ba5efb07b94a/conf/vanilla/autoload_configs/conference.conf.xml#L340
conf/vanilla/autoload_configs/conference.conf.xml,341,energy-level,200,https://github.com/signalwire/freeswitch/blob/ef32e205295e29f034f1453ad245ba5efb07b94a/conf/vanilla/autoload_configs/conference.conf.xml#L341
conf/vanilla/autoload_configs/conference.conf.xml,344,muted-sound,conference/conf-muted.wav,https://github.com/signalwire/freeswitch/blob/ef32e205295e29f034f1453ad245ba5efb07b94a/conf/vanilla/autoload_configs/conference.conf.xml#L344
conf/vanilla/autoload_configs/conference.conf.xml,345,unmuted-sound,conference/conf-unmuted.wav,https://github.com/signalwire/freeswitch/blob/ef32e205295e29f034f1453ad245ba5efb07b94a/conf/vanilla/autoload_configs/conference.conf.xml#L345
conf/vanilla/autoload_configs/conference.conf.xml,346,alone-sound,conference/conf-alone.wav,https://github.com/signalwire/freeswitch/blob/ef32e205295e29f034f1453ad245ba5efb07b94a/conf/vanilla/autoload_configs/conference.conf.xml#L346
conf/vanilla/autoload_configs/conference.conf.xml,347,moh-sound,$${hold_music},https://github.com/signalwire/freeswitch/blob/ef32e205295e29f034f1453ad245ba5efb07b94a/conf/vanilla/autoload_configs/conference.conf.xml#L347
conf/vanilla/autoload_configs/conference.conf.xml,348,enter-sound,"tone_stream://%(200,0,500,600,700)",https://github.com/signalwire/freeswitch/blob/ef32e205295e29f034f1453ad245ba5efb07b94a/conf/vanilla/autoload_configs/conference.conf.xml#L348
conf/vanilla/autoload_configs/conference.conf.xml,349,exit-sound,"tone_stream://%(500,0,300,200,100,50,25)",https://github.com/signalwire/freeswitch/blob/ef32e205295e29f034f1453ad245ba5efb07b94a/conf/vanilla/autoload_configs/conference.conf.xml#L349
conf/vanilla/autoload_configs/conference.conf.xml,350,kicked-sound,conference/conf-kicked.wav,https://github.com/signalwire/freeswitch/blob/ef32e205295e29f034f1453ad245ba5efb07b94a/conf/vanilla/autoload_configs/conference.conf.xml#L350
conf/vanilla/autoload_configs/conference.conf.xml,351,locked-sound,conference/conf-locked.wav,https://github.com/signalwire/freeswitch/blob/ef32e205295e29f034f1453ad245ba5efb07b94a/conf/vanilla/autoload_configs/conference.conf.xml#L351
conf/vanilla/autoload_configs/conference.conf.xml,352,is-locked-sound,conference/conf-is-locked.wav,https://github.com/signalwire/freeswitch/blob/ef32e205295e29f034f1453ad245ba5efb07b94a/conf/vanilla/autoload_configs/conference.conf.xml#L352
conf/vanilla/autoload_configs/conference.conf.xml,353,is-unlocked-sound,conference/conf-is-unlocked.wav,https://github.com/signalwire/freeswitch/blob/ef32e205295e29f034f1453ad245ba5efb07b94a/conf/vanilla/autoload_configs/conference.conf.xml#L353
conf/vanilla/autoload_configs/conference.conf.xml,354,pin-sound,conference/conf-pin.wav,https://github.com/signalwire/freeswitch/blob/ef32e205295e29f034f1453ad245ba5efb07b94a/conf/vanilla/autoload_configs/conference.conf.xml#L354
conf/vanilla/autoload_configs/conference.conf.xml,355,bad-pin-sound,conference/conf-bad-pin.wav,https://github.com/signalwire/freeswitch/blob/ef32e205295e29f034f1453ad245ba5efb07b94a/conf/vanilla/autoload_configs/conference.conf.xml#L355
conf/vanilla/autoload_configs/conference.conf.xml,356,caller-id-name,$${outbound_caller_name},https://github.com/signalwire/freeswitch/blob/ef32e205295e29f034f1453ad245ba5efb07b94a/conf/vanilla/autoload_configs/conference.conf.xml#L356
conf/vanilla/autoload_configs/conference.conf.xml,357,caller-id-number,$${outbound_caller_id},https://github.com/signalwire/freeswitch/blob/ef32e205295e29f034f1453ad245ba5efb07b94a/conf/vanilla/autoload_configs/conference.conf.xml#L357
conf/vanilla/autoload_configs/conference.conf.xml,358,comfort-noise,false,https://github.com/signalwire/freeswitch/blob/ef32e205295e29f034f1453ad245ba5efb07b94a/conf/vanilla/autoload_configs/conference.conf.xml#L358
conf/vanilla/autoload_configs/conference.conf.xml,359,conference-flags,livearray-json-status|json-events|video-floor-only|rfc-4579|livearray-sync|minimize-video-encoding|manage-inbound-video-bitrate|video-required-for-canvas|video-mute-exit-canvas|mute-detect,https://github.com/signalwire/freeswitch/blob/ef32e205295e29f034f1453ad245ba5efb07b94a/conf/vanilla/autoload_configs/conference.conf.xml#L359
conf/vanilla/autoload_configs/conference.conf.xml,360,video-auto-floor-msec,1000,https://github.com/signalwire/freeswitch/blob/ef32e205295e29f034f1453ad245ba5efb07b94a/conf/vanilla/autoload_configs/conference.conf.xml#L360
conf/vanilla/autoload_configs/conference.conf.xml,361,video-mode,mux,https://github.com/signalwire/freeswitch/blob/ef32e205295e29f034f1453ad245ba5efb07b94a/conf/vanilla/autoload_configs/conference.conf.xml#L361
conf/vanilla/autoload_configs/conference.conf.xml,362,video-layout-name,3x3,https://github.com/signalwire/freeswitch/blob/ef32e205295e29f034f1453ad245ba5efb07b94a/conf/vanilla/autoload_configs/conference.conf.xml#L362
conf/vanilla/autoload_configs/conference.conf.xml,363,video-layout-name,group:grid,https://github.com/signalwire/freeswitch/blob/ef32e205295e29f034f1453ad245ba5efb07b94a/conf/vanilla/autoload_configs/conference.conf.xml#L363
conf/vanilla/autoload_configs/conference.conf.xml,364,video-canvas-size,480x320,https://github.com/signalwire/freeswitch/blob/ef32e205295e29f034f1453ad245ba5efb07b94a/conf/vanilla/autoload_configs/conference.conf.xml#L364
conf/vanilla/autoload_configs/conference.conf.xml,365,video-canvas-bgcolor,#333333,https://github.com/signalwire/freeswitch/blob/ef32e205295e29f034f1453ad245ba5efb07b94a/conf/vanilla/autoload_configs/conference.conf.xml#L365
conf/vanilla/autoload_configs/conference.conf.xml,366,video-layout-bgcolor,#000000,https://github.com/signalwire/freeswitch/blob/ef32e205295e29f034f1453ad245ba5efb07b94a/conf/vanilla/autoload_configs/conference.conf.xml#L366
conf/vanilla/autoload_configs/conference.conf.xml,367,video-codec-bandwidth,3mb,https://github.com/signalwire/freeswitch/blob/ef32e205295e29f034f1453ad245ba5efb07b94a/conf/vanilla/autoload_configs/conference.conf.xml#L367
conf/vanilla/autoload_configs/conference.conf.xml,368,video-fps,30,https://github.com/signalwire/freeswitch/blob/ef32e205295e29f034f1453ad245ba5efb07b94a/conf/vanilla/autoload_configs/conference.conf.xml#L368
conf/vanilla/autoload_configs/conference.conf.xml,372,domain,$${domain},https://github.com/signalwire/freeswitch/blob/ef32e205295e29f034f1453ad245ba5efb07b94a/conf/vanilla/autoload_configs/conference.conf.xml#L372
conf/vanilla/autoload_configs/conference.conf.xml,373,rate,16000,https://github.com/signalwire/freeswitch/blob/ef32e205295e29f034f1453ad245ba5efb07b94a/conf/vanilla/autoload_configs/conference.conf.xml#L373
conf/vanilla/autoload_configs/conference.conf.xml,374,interval,20,https://github.com/signalwire/freeswitch/blob/ef32e205295e29f034f1453ad245ba5efb07b94a/conf/vanilla/autoload_configs/conference.conf.xml#L374
conf/vanilla/autoload_configs/conference.conf.xml,375,caller-controls,none,https://github.com/signalwire/freeswitch/blob/ef32e205295e29f034f1453ad245ba5efb07b94a/conf/vanilla/autoload_configs/conference.conf.xml#L375
conf/vanilla/autoload_configs/conference.conf.xml,376,energy-level,200,https://github.com/signalwire/freeswitch/blob/ef32e205295e29f034f1453ad245ba5efb07b94a/conf/vanilla/autoload_configs/conference.conf.xml#L376
conf/vanilla/autoload_configs/conference.conf.xml,377,moh-sound,silence,https://github.com/signalwire/freeswitch/blob/ef32e205295e29f034f1453ad245ba5efb07b94a/conf/vanilla/autoload_configs/conference.conf.xml#L377
conf/vanilla/autoload_configs/conference.conf.xml,378,comfort-noise,true,https://github.com/signalwire/freeswitch/blob/ef32e205295e29f034f1453ad245ba5efb07b94a/conf/vanilla/autoload_configs/conference.conf.xml#L378
conf/vanilla/autoload_configs/console.conf.xml,53,colorize,true,https://github.com/signalwire/freeswitch/blob/ef32e205295e29f034f1453ad245ba5efb07b94a/conf/vanilla/autoload_configs/console.conf.xml#L53
conf/vanilla/autoload_configs/console.conf.xml,54,loglevel,$${console_loglevel},https://github.com/signalwire/freeswitch/blob/ef32e205295e29f034f1453ad245ba5efb07b94a/conf/vanilla/autoload_configs/console.conf.xml#L54
conf/vanilla/autoload_configs/curl.conf.xml,3,max-bytes,64000,https://github.com/signalwire/freeswitch/blob/ef32e205295e29f034f1453ad245ba5efb07b94a/conf/vanilla/autoload_configs/curl.conf.xml#L3
conf/vanilla/autoload_configs/dialplan_directory.conf.xml,3,directory-name,ldap,https://github.com/signalwire/freeswitch/blob/ef32e205295e29f034f1453ad245ba5efb07b94a/conf/vanilla/autoload_configs/dialplan_directory.conf.xml#L3
conf/vanilla/autoload_configs/dialplan_directory.conf.xml,4,host,ldap.freeswitch.org,https://github.com/signalwire/freeswitch/blob/ef32e205295e29f034f1453ad245ba5efb07b94a/conf/vanilla/autoload_configs/dialplan_directory.conf.xml#L4
conf/vanilla/autoload_configs/dialplan_directory.conf.xml,5,dn,"cn=Manager,dc=freeswitch,dc=org",https://github.com/signalwire/freeswitch/blob/ef32e205295e29f034f1453ad245ba5efb07b94a/conf/vanilla/autoload_configs/dialplan_directory.conf.xml#L5
conf/vanilla/autoload_configs/dialplan_directory.conf.xml,6,pass,test,https://github.com/signalwire/freeswitch/blob/ef32e205295e29f034f1453ad245ba5efb07b94a/conf/vanilla/autoload_configs/dialplan_directory.conf.xml#L6
conf/vanilla/autoload_configs/dialplan_directory.conf.xml,7,base,"dc=freeswitch,dc=org",https://github.com/signalwire/freeswitch/blob/ef32e205295e29f034f1453ad245ba5efb07b94a/conf/vanilla/autoload_configs/dialplan_directory.conf.xml#L7
conf/vanilla/autoload_configs/directory.conf.xml,8,max-menu-attempts,3,https://github.com/signalwire/freeswitch/blob/ef32e205295e29f034f1453ad245ba5efb07b94a/conf/vanilla/autoload_configs/directory.conf.xml#L8
conf/vanilla/autoload_configs/directory.conf.xml,9,min-search-digits,3,https://github.com/signalwire/freeswitch/blob/ef32e205295e29f034f1453ad245ba5efb07b94a/conf/vanilla/autoload_configs/directory.conf.xml#L9
conf/vanilla/autoload_configs/directory.conf.xml,10,terminator-key,#,https://github.com/signalwire/freeswitch/blob/ef32e205295e29f034f1453ad245ba5efb07b94a/conf/vanilla/autoload_configs/directory.conf.xml#L10
conf/vanilla/autoload_configs/directory.conf.xml,11,digit-timeout,3000,https://github.com/signalwire/freeswitch/blob/ef32e205295e29f034f1453ad245ba5efb07b94a/conf/vanilla/autoload_configs/directory.conf.xml#L11
conf/vanilla/autoload_configs/directory.conf.xml,12,max-result,5,https://github.com/signalwire/freeswitch/blob/ef32e205295e29f034f1453ad245ba5efb07b94a/conf/vanilla/autoload_configs/directory.conf.xml#L12
conf/vanilla/autoload_configs/directory.conf.xml,13,next-key,6,https://github.com/signalwire/freeswitch/blob/ef32e205295e29f034f1453ad245ba5efb07b94a/conf/vanilla/autoload_configs/directory.conf.xml#L13
conf/vanilla/autoload_configs/directory.conf.xml,14,prev-key,4,https://github.com/signalwire/freeswitch/blob/ef32e205295e29f034f1453ad245ba5efb07b94a/conf/vanilla/autoload_configs/directory.conf.xml#L14
conf/vanilla/autoload_configs/directory.conf.xml,15,switch-order-key,*,https://github.com/signalwire/freeswitch/blob/ef32e205295e29f034f1453ad245ba5efb07b94a/conf/vanilla/autoload_configs/directory.conf.xml#L15
conf/vanilla/autoload_configs/directory.conf.xml,16,select-name-key,1,https://github.com/signalwire/freeswitch/blob/ef32e205295e29f034f1453ad245ba5efb07b94a/conf/vanilla/autoload_configs/directory.conf.xml#L16
conf/vanilla/autoload_configs/directory.conf.xml,17,new-search-key,3,https://github.com/signalwire/freeswitch/blob/ef32e205295e29f034f1453ad245ba5efb07b94a/conf/vanilla/autoload_configs/directory.conf.xml#L17
conf/vanilla/autoload_configs/directory.conf.xml,18,search-order,last_name,https://github.com/signalwire/freeswitch/blob/ef32e205295e29f034f1453ad245ba5efb07b94a/conf/vanilla/autoload_configs/directory.conf.xml#L18
conf/vanilla/autoload_configs/easyroute.conf.xml,4,db-username,root,https://github.com/signalwire/freeswitch/blob/ef32e205295e29f034f1453ad245ba5efb07b94a/conf/vanilla/autoload_configs/easyroute.conf.xml#L4
conf/vanilla/autoload_configs/easyroute.conf.xml,5,db-password,password,https://github.com/signalwire/freeswitch/blob/ef32e205295e29f034f1453ad245ba5efb07b94a/conf/vanilla/autoload_configs/easyroute.conf.xml#L5
conf/vanilla/autoload_configs/easyroute.conf.xml,6,db-dsn,easyroute,https://github.com/signalwire/freeswitch/blob/ef32e205295e29f034f1453ad245ba5efb07b94a/conf/vanilla/autoload_configs/easyroute.conf.xml#L6
conf/vanilla/autoload_configs/easyroute.conf.xml,9,default-techprofile,sofia/default,https://github.com/signalwire/freeswitch/blob/ef32e205295e29f034f1453ad245ba5efb07b94a/conf/vanilla/autoload_configs/easyroute.conf.xml#L9
conf/vanilla/autoload_configs/easyroute.conf.xml,12,default-gateway,192.168.66.6,https://github.com/signalwire/freeswitch/blob/ef32e205295e29f034f1453ad245ba5efb07b94a/conf/vanilla/autoload_configs/easyroute.conf.xml#L12
conf/vanilla/autoload_configs/easyroute.conf.xml,15,odbc-retries,120,https://github.com/signalwire/freeswitch/blob/ef32e205295e29f034f1453ad245ba5efb07b94a/conf/vanilla/autoload_configs/easyroute.conf.xml#L15
conf/vanilla/autoload_configs/enum.conf.xml,3,default-root,e164.org,https://github.com/signalwire/freeswitch/blob/ef32e205295e29f034f1453ad245ba5efb07b94a/conf/vanilla/autoload_configs/enum.conf.xml#L3
conf/vanilla/autoload_configs/enum.conf.xml,4,default-isn-root,freenum.org,https://github.com/signalwire/freeswitch/blob/ef32e205295e29f034f1453ad245ba5efb07b94a/conf/vanilla/autoload_configs/enum.conf.xml#L4
conf/vanilla/autoload_configs/enum.conf.xml,5,auto-reload,true,https://github.com/signalwire/freeswitch/blob/ef32e205295e29f034f1453ad245ba5efb07b94a/conf/vanilla/autoload_configs/enum.conf.xml#L5
conf/vanilla/autoload_configs/enum.conf.xml,7,query-timeout-ms,200,https://github.com/signalwire/freeswitch/blob/ef32e205295e29f034f1453ad245ba5efb07b94a/conf/vanilla/autoload_configs/enum.conf.xml#L7
conf/vanilla/autoload_configs/enum.conf.xml,8,query-timeout-retry,2,https://github.com/signalwire/freeswitch/blob/ef32e205295e29f034f1453ad245ba5efb07b94a/conf/vanilla/autoload_configs/enum.conf.xml#L8
conf/vanilla/autoload_configs/enum.conf.xml,9,random-nameserver,false,https://github.com/signalwire/freeswitch/blob/ef32e205295e29f034f1453ad245ba5efb07b94a/conf/vanilla/autoload_configs/enum.conf.xml#L9
conf/vanilla/autoload_configs/erlang_event.conf.xml,3,listen-ip,0.0.0.0,https://github.com/signalwire/freeswitch/blob/ef32e205295e29f034f1453ad245ba5efb07b94a/conf/vanilla/autoload_configs/erlang_event.conf.xml#L3
conf/vanilla/autoload_configs/erlang_event.conf.xml,4,listen-port,8031,https://github.com/signalwire/freeswitch/blob/ef32e205295e29f034f1453ad245ba5efb07b94a/conf/vanilla/autoload_configs/erlang_event.conf.xml#L4
conf/vanilla/autoload_configs/erlang_event.conf.xml,10,nodename,freeswitch,https://github.com/signalwire/freeswitch/blob/ef32e205295e29f034f1453ad245ba5efb07b94a/conf/vanilla/autoload_configs/erlang_event.conf.xml#L10
conf/vanilla/autoload_configs/erlang_event.conf.xml,12,cookie,ClueCon,https://github.com/signalwire/freeswitch/blob/ef32e205295e29f034f1453ad245ba5efb07b94a/conf/vanilla/autoload_configs/erlang_event.conf.xml#L12
conf/vanilla/autoload_configs/erlang_event.conf.xml,15,shortname,true,https://github.com/signalwire/freeswitch/blob/ef32e205295e29f034f1453ad245ba5efb07b94a/conf/vanilla/autoload_configs/erlang_event.conf.xml#L15
conf/vanilla/autoload_configs/event_multicast.conf.xml,3,address,225.1.1.1,https://github.com/signalwire/freeswitch/blob/ef32e205295e29f034f1453ad245ba5efb07b94a/conf/vanilla/autoload_configs/event_multicast.conf.xml#L3
conf/vanilla/autoload_configs/event_multicast.conf.xml,4,port,4242,https://github.com/signalwire/freeswitch/blob/ef32e205295e29f034f1453ad245ba5efb07b94a/conf/vanilla/autoload_configs/event_multicast.conf.xml#L4
conf/vanilla/autoload_configs/event_multicast.conf.xml,5,bindings,all,https://github.com/signalwire/freeswitch/blob/ef32e205295e29f034f1453ad245ba5efb07b94a/conf/vanilla/autoload_configs/event_multicast.conf.xml#L5
conf/vanilla/autoload_configs/event_multicast.conf.xml,6,ttl,1,https://github.com/signalwire/freeswitch/blob/ef32e205295e29f034f1453ad245ba5efb07b94a/conf/vanilla/autoload_configs/event_multicast.conf.xml#L6
conf/vanilla/autoload_configs/event_socket.conf.xml,3,nat-map,false,https://github.com/signalwire/freeswitch/blob/ef32e205295e29f034f1453ad245ba5efb07b94a/conf/vanilla/autoload_configs/event_socket.conf.xml#L3
conf/vanilla/autoload_configs/event_socket.conf.xml,4,listen-ip,::,https://github.com/signalwire/freeswitch/blob/ef32e205295e29f034f1453ad245ba5efb07b94a/conf/vanilla/autoload_configs/event_socket.conf.xml#L4
conf/vanilla/autoload_configs/event_socket.conf.xml,5,listen-port,8021,https://github.com/signalwire/freeswitch/blob/ef32e205295e29f034f1453ad245ba5efb07b94a/conf/vanilla/autoload_configs/event_socket.conf.xml#L5
conf/vanilla/autoload_configs/event_socket.conf.xml,6,password,ClueCon,https://github.com/signalwire/freeswitch/blob/ef32e205295e29f034f1453ad245ba5efb07b94a/conf/vanilla/autoload_configs/event_socket.conf.xml#L6
conf/vanilla/autoload_configs/fax.conf.xml,3,use-ecm,true,https://github.com/signalwire/freeswitch/blob/ef32e205295e29f034f1453ad245ba5efb07b94a/conf/vanilla/autoload_configs/fax.conf.xml#L3
conf/vanilla/autoload_configs/fax.conf.xml,4,verbose,false,https://github.com/signalwire/freeswitch/blob/ef32e205295e29f034f1453ad245ba5efb07b94a/conf/vanilla/autoload_configs/fax.conf.xml#L4
conf/vanilla/autoload_configs/fax.conf.xml,5,disable-v17,false,https://github.com/signalwire/freeswitch/blob/ef32e205295e29f034f1453ad245ba5efb07b94a/conf/vanilla/autoload_configs/fax.conf.xml#L5
conf/vanilla/autoload_configs/fax.conf.xml,6,ident,SpanDSP Fax Ident,https://github.com/signalwire/freeswitch/blob/ef32e205295e29f034f1453ad245ba5efb07b94a/conf/vanilla/autoload_configs/fax.conf.xml#L6
conf/vanilla/autoload_configs/fax.conf.xml,7,header,SpanDSP Fax Header,https://github.com/signalwire/freeswitch/blob/ef32e205295e29f034f1453ad245ba5efb07b94a/conf/vanilla/autoload_configs/fax.conf.xml#L7
conf/vanilla/autoload_configs/fax.conf.xml,9,spool-dir,$${temp_dir},https://github.com/signalwire/freeswitch/blob/ef32e205295e29f034f1453ad245ba5efb07b94a/conf/vanilla/autoload_configs/fax.conf.xml#L9
conf/vanilla/autoload_configs/fax.conf.xml,10,file-prefix,faxrx,https://github.com/signalwire/freeswitch/blob/ef32e205295e29f034f1453ad245ba5efb07b94a/conf/vanilla/autoload_configs/fax.conf.xml#L10
conf/vanilla/autoload_configs/fifo.conf.xml,3,delete-all-outbound-member-on-startup,false,https://github.com/signalwire/freeswitch/blob/ef32e205295e29f034f1453ad245ba5efb07b94a/conf/vanilla/autoload_configs/fifo.conf.xml#L3
conf/vanilla/autoload_configs/format_cdr.conf.xml,12,format,xml,https://github.com/signalwire/freeswitch/blob/ef32e205295e29f034f1453ad245ba5efb07b94a/conf/vanilla/autoload_configs/format_cdr.conf.xml#L12
conf/vanilla/autoload_configs/format_cdr.conf.xml,31,log-dir,,https://github.com/signalwire/freeswitch/blob/ef32e205295e29f034f1453ad245ba5efb07b94a/conf/vanilla/autoload_configs/format_cdr.conf.xml#L31
conf/vanilla/autoload_configs/format_cdr.conf.xml,35,log-b-leg,false,https://github.com/signalwire/freeswitch/blob/ef32e205295e29f034f1453ad245ba5efb07b94a/conf/vanilla/autoload_configs/format_cdr.conf.xml#L35
conf/vanilla/autoload_configs/format_cdr.conf.xml,39,prefix-a-leg,true,https://github.com/signalwire/freeswitch/blob/ef32e205295e29f034f1453ad245ba5efb07b94a/conf/vanilla/autoload_configs/format_cdr.conf.xml#L39
conf/vanilla/autoload_configs/format_cdr.conf.xml,42,encode,true,https://github.com/signalwire/freeswitch/blob/ef32e205295e29f034f1453ad245ba5efb07b94a/conf/vanilla/autoload_configs/format_cdr.conf.xml#L42
conf/vanilla/autoload_configs/format_cdr.conf.xml,83,encode-values,true,https://github.com/signalwire/freeswitch/blob/ef32e205295e29f034f1453ad245ba5efb07b94a/conf/vanilla/autoload_configs/format_cdr.conf.xml#L83
conf/vanilla/autoload_configs/graylog2.conf.xml,11,server-host,192.168.0.69,https://github.com/signalwire/freeswitch/blob/ef32e205295e29f034f1453ad245ba5efb07b94a/conf/vanilla/autoload_configs/graylog2.conf.xml#L11
conf/vanilla/autoload_configs/graylog2.conf.xml,12,server-port,12201,https://github.com/signalwire/freeswitch/blob/ef32e205295e29f034f1453ad245ba5efb07b94a/conf/vanilla/autoload_configs/graylog2.conf.xml#L12
conf/vanilla/autoload_configs/graylog2.conf.xml,13,loglevel,warning,https://github.com/signalwire/freeswitch/blob/ef32e205295e29f034f1453ad245ba5efb07b94a/conf/vanilla/autoload_configs/graylog2.conf.xml#L13
conf/vanilla/autoload_configs/hiredis.conf.xml,6,hostname,172.18.101.101,https://github.com/signalwire/freeswitch/blob/ef32e205295e29f034f1453ad245ba5efb07b94a/conf/vanilla/autoload_configs/hiredis.conf.xml#L6
conf/vanilla/autoload_configs/hiredis.conf.xml,7,password,redis,https://github.com/signalwire/freeswitch/blob/ef32e205295e29f034f1453ad245ba5efb07b94a/conf/vanilla/autoload_configs/hiredis.conf.xml#L7
conf/vanilla/autoload_configs/hiredis.conf.xml,8,port,6379,https://github.com/signalwire/freeswitch/blob/ef32e205295e29f034f1453ad245ba5efb07b94a/conf/vanilla/autoload_configs/hiredis.conf.xml#L8
conf/vanilla/autoload_configs/hiredis.conf.xml,9,timeout_ms,500,https://github.com/signalwire/freeswitch/blob/ef32e205295e29f034f1453ad245ba5efb07b94a/conf/vanilla/autoload_configs/hiredis.conf.xml#L9
conf/vanilla/autoload_configs/hiredis.conf.xml,12,hostname,localhost,https://github.com/signalwire/freeswitch/blob/ef32e205295e29f034f1453ad245ba5efb07b94a/conf/vanilla/autoload_configs/hiredis.conf.xml#L12
conf/vanilla/autoload_configs/hiredis.conf.xml,13,password,redis,https://github.com/signalwire/freeswitch/blob/ef32e205295e29f034f1453ad245ba5efb07b94a/conf/vanilla/autoload_configs/hiredis.conf.xml#L13
conf/vanilla/autoload_configs/hiredis.conf.xml,14,port,6380,https://github.com/signalwire/freeswitch/blob/ef32e205295e29f034f1453ad245ba5efb07b94a/conf/vanilla/autoload_configs/hiredis.conf.xml#L14
conf/vanilla/autoload_configs/hiredis.conf.xml,15,timeout_ms,500,https://github.com/signalwire/freeswitch/blob/ef32e205295e29f034f1453ad245ba5efb07b94a/conf/vanilla/autoload_configs/hiredis.conf.xml#L15
conf/vanilla/autoload_configs/hiredis.conf.xml,19,ignore-connect-fail,true,https://github.com/signalwire/freeswitch/blob/ef32e205295e29f034f1453ad245ba5efb07b94a/conf/vanilla/autoload_configs/hiredis.conf.xml#L19
conf/vanilla/autoload_configs/httapi.conf.xml,4,debug,true,https://github.com/signalwire/freeswitch/blob/ef32e205295e29f034f1453ad245ba5efb07b94a/conf/vanilla/autoload_configs/httapi.conf.xml#L4
conf/vanilla/autoload_configs/httapi.conf.xml,6,file-not-found-expires,300,https://github.com/signalwire/freeswitch/blob/ef32e205295e29f034f1453ad245ba5efb07b94a/conf/vanilla/autoload_configs/httapi.conf.xml#L6
conf/vanilla/autoload_configs/httapi.conf.xml,8,file-cache-ttl,300,https://github.com/signalwire/freeswitch/blob/ef32e205295e29f034f1453ad245ba5efb07b94a/conf/vanilla/autoload_configs/httapi.conf.xml#L8
conf/vanilla/autoload_configs/httapi.conf.xml,15,default-profile,default,https://github.com/signalwire/freeswitch/blob/ef32e205295e29f034f1453ad245ba5efb07b94a/conf/vanilla/autoload_configs/httapi.conf.xml#L15
conf/vanilla/autoload_configs/httapi.conf.xml,20,context,default,https://github.com/signalwire/freeswitch/blob/ef32e205295e29f034f1453ad245ba5efb07b94a/conf/vanilla/autoload_configs/httapi.conf.xml#L20
conf/vanilla/autoload_configs/httapi.conf.xml,21,dialplan,XML,https://github.com/signalwire/freeswitch/blob/ef32e205295e29f034f1453ad245ba5efb07b94a/conf/vanilla/autoload_configs/httapi.conf.xml#L21
conf/vanilla/autoload_configs/httapi.conf.xml,85,gateway-url,http://www.freeswitch.org/api/index.cgi,https://github.com/signalwire/freeswitch/blob/ef32e205295e29f034f1453ad245ba5efb07b94a/conf/vanilla/autoload_configs/httapi.conf.xml#L85
conf/vanilla/autoload_configs/http_cache.conf.xml,4,enable-file-formats,false,https://github.com/signalwire/freeswitch/blob/ef32e205295e29f034f1453ad245ba5efb07b94a/conf/vanilla/autoload_configs/http_cache.conf.xml#L4
conf/vanilla/autoload_configs/http_cache.conf.xml,5,max-urls,10000,https://github.com/signalwire/freeswitch/blob/ef32e205295e29f034f1453ad245ba5efb07b94a/conf/vanilla/autoload_configs/http_cache.conf.xml#L5
conf/vanilla/autoload_configs/http_cache.conf.xml,6,location,$${cache_dir},https://github.com/signalwire/freeswitch/blob/ef32e205295e29f034f1453ad245ba5efb07b94a/conf/vanilla/autoload_configs/http_cache.conf.xml#L6
conf/vanilla/autoload_configs/http_cache.conf.xml,7,default-max-age,86400,https://github.com/signalwire/freeswitch/blob/ef32e205295e29f034f1453ad245ba5efb07b94a/conf/vanilla/autoload_configs/http_cache.conf.xml#L7
conf/vanilla/autoload_configs/http_cache.conf.xml,8,prefetch-thread-count,8,https://github.com/signalwire/freeswitch/blob/ef32e205295e29f034f1453ad245ba5efb07b94a/conf/vanilla/autoload_configs/http_cache.conf.xml#L8
conf/vanilla/autoload_configs/http_cache.conf.xml,9,prefetch-queue-size,100,https://github.com/signalwire/freeswitch/blob/ef32e205295e29f034f1453ad245ba5efb07b94a/conf/vanilla/autoload_configs/http_cache.conf.xml#L9
conf/vanilla/autoload_configs/http_cache.conf.xml,11,ssl-cacert,$${certs_dir}/cacert.pem,https://github.com/signalwire/freeswitch/blob/ef32e205295e29f034f1453ad245ba5efb07b94a/conf/vanilla/autoload_configs/http_cache.conf.xml#L11
conf/vanilla/autoload_configs/http_cache.conf.xml,13,ssl-verifypeer,true,https://github.com/signalwire/freeswitch/blob/ef32e205295e29f034f1453ad245ba5efb07b94a/conf/vanilla/autoload_configs/http_cache.conf.xml#L13
conf/vanilla/autoload_configs/http_cache.conf.xml,15,ssl-verifyhost,true,https://github.com/signalwire/freeswitch/blob/ef32e205295e29f034f1453ad245ba5efb07b94a/conf/vanilla/autoload_configs/http_cache.conf.xml#L15
conf/vanilla/autoload_configs/lcr.conf.xml,3,odbc-dsn,freeswitch-mysql:freeswitch:Fr33Sw1tch,https://github.com/signalwire/freeswitch/blob/ef32e205295e29f034f1453ad245ba5efb07b94a/conf/vanilla/autoload_configs/lcr.conf.xml#L3
conf/vanilla/autoload_configs/lcr.conf.xml,8,id,0,https://github.com/signalwire/freeswitch/blob/ef32e205295e29f034f1453ad245ba5efb07b94a/conf/vanilla/autoload_configs/lcr.conf.xml#L8
conf/vanilla/autoload_configs/lcr.conf.xml,9,order_by,"rate,quality,reliability",https://github.com/signalwire/freeswitch/blob/ef32e205295e29f034f1453ad245ba5efb07b94a/conf/vanilla/autoload_configs/lcr.conf.xml#L9
conf/vanilla/autoload_configs/lcr.conf.xml,12,id,1,https://github.com/signalwire/freeswitch/blob/ef32e205295e29f034f1453ad245ba5efb07b94a/conf/vanilla/autoload_configs/lcr.conf.xml#L12
conf/vanilla/autoload_configs/lcr.conf.xml,13,order_by,"quality,reliability",https://github.com/signalwire/freeswitch/blob/ef32e205295e29f034f1453ad245ba5efb07b94a/conf/vanilla/autoload_configs/lcr.conf.xml#L13
conf/vanilla/autoload_configs/lcr.conf.xml,16,id,2,https://github.com/signalwire/freeswitch/blob/ef32e205295e29f034f1453ad245ba5efb07b94a/conf/vanilla/autoload_configs/lcr.conf.xml#L16
conf/vanilla/autoload_configs/lcr.conf.xml,17,order_by,"reliability,quality",https://github.com/signalwire/freeswitch/blob/ef32e205295e29f034f1453ad245ba5efb07b94a/conf/vanilla/autoload_configs/lcr.conf.xml#L17
conf/vanilla/autoload_configs/local_stream.conf.xml,4,rate,8000,https://github.com/signalwire/freeswitch/blob/ef32e205295e29f034f1453ad245ba5efb07b94a/conf/vanilla/autoload_configs/local_stream.conf.xml#L4
conf/vanilla/autoload_configs/local_stream.conf.xml,5,shuffle,true,https://github.com/signalwire/freeswitch/blob/ef32e205295e29f034f1453ad245ba5efb07b94a/conf/vanilla/autoload_configs/local_stream.conf.xml#L5
conf/vanilla/autoload_configs/local_stream.conf.xml,6,channels,1,https://github.com/signalwire/freeswitch/blob/ef32e205295e29f034f1453ad245ba5efb07b94a/conf/vanilla/autoload_configs/local_stream.conf.xml#L6
conf/vanilla/autoload_configs/local_stream.conf.xml,7,interval,20,https://github.com/signalwire/freeswitch/blob/ef32e205295e29f034f1453ad245ba5efb07b94a/conf/vanilla/autoload_configs/local_stream.conf.xml#L7
conf/vanilla/autoload_configs/local_stream.conf.xml,8,timer-name,soft,https://github.com/signalwire/freeswitch/blob/ef32e205295e29f034f1453ad245ba5efb07b94a/conf/vanilla/autoload_configs/local_stream.conf.xml#L8
conf/vanilla/autoload_configs/local_stream.conf.xml,18,rate,8000,https://github.com/signalwire/freeswitch/blob/ef32e205295e29f034f1453ad245ba5efb07b94a/conf/vanilla/autoload_configs/local_stream.conf.xml#L18
conf/vanilla/autoload_configs/local_stream.conf.xml,19,shuffle,true,https://github.com/signalwire/freeswitch/blob/ef32e205295e29f034f1453ad245ba5efb07b94a/conf/vanilla/autoload_configs/local_stream.conf.xml#L19
conf/vanilla/autoload_configs/local_stream.conf.xml,20,channels,1,https://github.com/signalwire/freeswitch/blob/ef32e205295e29f034f1453ad245ba5efb07b94a/conf/vanilla/autoload_configs/local_stream.conf.xml#L20
conf/vanilla/autoload_configs/local_stream.conf.xml,21,interval,20,https://github.com/signalwire/freeswitch/blob/ef32e205295e29f034f1453ad245ba5efb07b94a/conf/vanilla/autoload_configs/local_stream.conf.xml#L21
conf/vanilla/autoload_configs/local_stream.conf.xml,22,timer-name,soft,https://github.com/signalwire/freeswitch/blob/ef32e205295e29f034f1453ad245ba5efb07b94a/conf/vanilla/autoload_configs/local_stream.conf.xml#L22
conf/vanilla/autoload_configs/local_stream.conf.xml,26,rate,16000,https://github.com/signalwire/freeswitch/blob/ef32e205295e29f034f1453ad245ba5efb07b94a/conf/vanilla/autoload_configs/local_stream.conf.xml#L26
conf/vanilla/autoload_configs/local_stream.conf.xml,27,shuffle,true,https://github.com/signalwire/freeswitch/blob/ef32e205295e29f034f1453ad245ba5efb07b94a/conf/vanilla/autoload_configs/local_stream.conf.xml#L27
conf/vanilla/autoload_configs/local_stream.conf.xml,28,channels,1,https://github.com/signalwire/freeswitch/blob/ef32e205295e29f034f1453ad245ba5efb07b94a/conf/vanilla/autoload_configs/local_stream.conf.xml#L28
conf/vanilla/autoload_configs/local_stream.conf.xml,29,interval,20,https://github.com/signalwire/freeswitch/blob/ef32e205295e29f034f1453ad245ba5efb07b94a/conf/vanilla/autoload_configs/local_stream.conf.xml#L29
conf/vanilla/autoload_configs/local_stream.conf.xml,30,timer-name,soft,https://github.com/signalwire/freeswitch/blob/ef32e205295e29f034f1453ad245ba5efb07b94a/conf/vanilla/autoload_configs/local_stream.conf.xml#L30
conf/vanilla/autoload_configs/local_stream.conf.xml,34,rate,32000,https://github.com/signalwire/freeswitch/blob/ef32e205295e29f034f1453ad245ba5efb07b94a/conf/vanilla/autoload_configs/local_stream.conf.xml#L34
conf/vanilla/autoload_configs/local_stream.conf.xml,35,shuffle,true,https://github.com/signalwire/freeswitch/blob/ef32e205295e29f034f1453ad245ba5efb07b94a/conf/vanilla/autoload_configs/local_stream.conf.xml#L35
conf/vanilla/autoload_configs/local_stream.conf.xml,36,channels,1,https://github.com/signalwire/freeswitch/blob/ef32e205295e29f034f1453ad245ba5efb07b94a/conf/vanilla/autoload_configs/local_stream.conf.xml#L36
conf/vanilla/autoload_configs/local_stream.conf.xml,37,interval,20,https://github.com/signalwire/freeswitch/blob/ef32e205295e29f034f1453ad245ba5efb07b94a/conf/vanilla/autoload_configs/local_stream.conf.xml#L37
conf/vanilla/autoload_configs/local_stream.conf.xml,38,timer-name,soft,https://github.com/signalwire/freeswitch/blob/ef32e205295e29f034f1453ad245ba5efb07b94a/conf/vanilla/autoload_configs/local_stream.conf.xml#L38
conf/vanilla/autoload_configs/local_stream.conf.xml,42,rate,48000,https://github.com/signalwire/freeswitch/blob/ef32e205295e29f034f1453ad245ba5efb07b94a/conf/vanilla/autoload_configs/local_stream.conf.xml#L42
conf/vanilla/autoload_configs/local_stream.conf.xml,43,shuffle,true,https://github.com/signalwire/freeswitch/blob/ef32e205295e29f034f1453ad245ba5efb07b94a/conf/vanilla/autoload_configs/local_stream.conf.xml#L43
conf/vanilla/autoload_configs/local_stream.conf.xml,44,channels,1,https://github.com/signalwire/freeswitch/blob/ef32e205295e29f034f1453ad245ba5efb07b94a/conf/vanilla/autoload_configs/local_stream.conf.xml#L44
conf/vanilla/autoload_configs/local_stream.conf.xml,45,interval,10,https://github.com/signalwire/freeswitch/blob/ef32e205295e29f034f1453ad245ba5efb07b94a/conf/vanilla/autoload_configs/local_stream.conf.xml#L45
conf/vanilla/autoload_configs/local_stream.conf.xml,46,timer-name,soft,https://github.com/signalwire/freeswitch/blob/ef32e205295e29f034f1453ad245ba5efb07b94a/conf/vanilla/autoload_configs/local_stream.conf.xml#L46
conf/vanilla/autoload_configs/logfile.conf.xml,4,rotate-on-hup,true,https://github.com/signalwire/freeswitch/blob/ef32e205295e29f034f1453ad245ba5efb07b94a/conf/vanilla/autoload_configs/logfile.conf.xml#L4
conf/vanilla/autoload_configs/logfile.conf.xml,12,rollover,1048576000,https://github.com/signalwire/freeswitch/blob/ef32e205295e29f034f1453ad245ba5efb07b94a/conf/vanilla/autoload_configs/logfile.conf.xml#L12
conf/vanilla/autoload_configs/logfile.conf.xml,15,maximum-rotate,32,https://github.com/signalwire/freeswitch/blob/ef32e205295e29f034f1453ad245ba5efb07b94a/conf/vanilla/autoload_configs/logfile.conf.xml#L15
conf/vanilla/autoload_configs/logfile.conf.xml,17,uuid,true,https://github.com/signalwire/freeswitch/blob/ef32e205295e29f034f1453ad245ba5efb07b94a/conf/vanilla/autoload_configs/logfile.conf.xml#L17
conf/vanilla/autoload_configs/memcache.conf.xml,4,memcache-servers,localhost,https://github.com/signalwire/freeswitch/blob/ef32e205295e29f034f1453ad245ba5efb07b94a/conf/vanilla/autoload_configs/memcache.conf.xml#L4
conf/vanilla/autoload_configs/mongo.conf.xml,6,connection-string,mongodb://127.0.0.1:27017/?connectTimeoutMS=10000,https://github.com/signalwire/freeswitch/blob/ef32e205295e29f034f1453ad245ba5efb07b94a/conf/vanilla/autoload_configs/mongo.conf.xml#L6
conf/vanilla/autoload_configs/msrp.conf.xml,3,listen-ip,$${local_ip_v4},https://github.com/signalwire/freeswitch/blob/ef32e205295e29f034f1453ad245ba5efb07b94a/conf/vanilla/autoload_configs/msrp.conf.xml#L3
conf/vanilla/autoload_configs/nibblebill.conf.xml,6,odbc-dsn,bandwidth.com,https://github.com/signalwire/freeswitch/blob/ef32e205295e29f034f1453ad245ba5efb07b94a/conf/vanilla/autoload_configs/nibblebill.conf.xml#L6
conf/vanilla/autoload_configs/nibblebill.conf.xml,9,db_table,accounts,https://github.com/signalwire/freeswitch/blob/ef32e205295e29f034f1453ad245ba5efb07b94a/conf/vanilla/autoload_configs/nibblebill.conf.xml#L9
conf/vanilla/autoload_configs/nibblebill.conf.xml,12,db_column_cash,cash,https://github.com/signalwire/freeswitch/blob/ef32e205295e29f034f1453ad245ba5efb07b94a/conf/vanilla/autoload_configs/nibblebill.conf.xml#L12
conf/vanilla/autoload_configs/nibblebill.conf.xml,15,db_column_account,id,https://github.com/signalwire/freeswitch/blob/ef32e205295e29f034f1453ad245ba5efb07b94a/conf/vanilla/autoload_configs/nibblebill.conf.xml#L15
conf/vanilla/autoload_configs/nibblebill.conf.xml,33,global_heartbeat,60,https://github.com/signalwire/freeswitch/blob/ef32e205295e29f034f1453ad245ba5efb07b94a/conf/vanilla/autoload_configs/nibblebill.conf.xml#L33
conf/vanilla/autoload_configs/nibblebill.conf.xml,36,lowbal_amt,5,https://github.com/signalwire/freeswitch/blob/ef32e205295e29f034f1453ad245ba5efb07b94a/conf/vanilla/autoload_configs/nibblebill.conf.xml#L36
conf/vanilla/autoload_configs/nibblebill.conf.xml,37,lowbal_action,play ding,https://github.com/signalwire/freeswitch/blob/ef32e205295e29f034f1453ad245ba5efb07b94a/conf/vanilla/autoload_configs/nibblebill.conf.xml#L37
conf/vanilla/autoload_configs/nibblebill.conf.xml,40,nobal_amt,0,https://github.com/signalwire/freeswitch/blob/ef32e205295e29f034f1453ad245ba5efb07b94a/conf/vanilla/autoload_configs/nibblebill.conf.xml#L40
conf/vanilla/autoload_configs/nibblebill.conf.xml,41,nobal_action,hangup,https://github.com/signalwire/freeswitch/blob/ef32e205295e29f034f1453ad245ba5efb07b94a/conf/vanilla/autoload_configs/nibblebill.conf.xml#L41
conf/vanilla/autoload_configs/nibblebill.conf.xml,44,percall_max_amt,100,https://github.com/signalwire/freeswitch/blob/ef32e205295e29f034f1453ad245ba5efb07b94a/conf/vanilla/autoload_configs/nibblebill.conf.xml#L44
conf/vanilla/autoload_configs/nibblebill.conf.xml,45,percall_action,hangup,https://github.com/signalwire/freeswitch/blob/ef32e205295e29f034f1453ad245ba5efb07b94a/conf/vanilla/autoload_configs/nibblebill.conf.xml#L45
conf/vanilla/autoload_configs/opal.conf.xml,3,trace-level,3,https://github.com/signalwire/freeswitch/blob/ef32e205295e29f034f1453ad245ba5efb07b94a/conf/vanilla/autoload_configs/opal.conf.xml#L3
conf/vanilla/autoload_configs/opal.conf.xml,4,context,default,https://github.com/signalwire/freeswitch/blob/ef32e205295e29f034f1453ad245ba5efb07b94a/conf/vanilla/autoload_configs/opal.conf.xml#L4
conf/vanilla/autoload_configs/opal.conf.xml,5,dialplan,XML,https://github.com/signalwire/freeswitch/blob/ef32e205295e29f034f1453ad245ba5efb07b94a/conf/vanilla/autoload_configs/opal.conf.xml#L5
conf/vanilla/autoload_configs/opal.conf.xml,6,dtmf-type,signal,https://github.com/signalwire/freeswitch/blob/ef32e205295e29f034f1453ad245ba5efb07b94a/conf/vanilla/autoload_configs/opal.conf.xml#L6
conf/vanilla/autoload_configs/opal.conf.xml,7,jitter-size,"40,100",https://github.com/signalwire/freeswitch/blob/ef32e205295e29f034f1453ad245ba5efb07b94a/conf/vanilla/autoload_configs/opal.conf.xml#L7
conf/vanilla/autoload_configs/opal.conf.xml,10,gk-address,,https://github.com/signalwire/freeswitch/blob/ef32e205295e29f034f1453ad245ba5efb07b94a/conf/vanilla/autoload_configs/opal.conf.xml#L10
conf/vanilla/autoload_configs/opal.conf.xml,11,gk-identifer,,https://github.com/signalwire/freeswitch/blob/ef32e205295e29f034f1453ad245ba5efb07b94a/conf/vanilla/autoload_configs/opal.conf.xml#L11
conf/vanilla/autoload_configs/opal.conf.xml,12,gk-interface,$${local_ip_v4},https://github.com/signalwire/freeswitch/blob/ef32e205295e29f034f1453ad245ba5efb07b94a/conf/vanilla/autoload_configs/opal.conf.xml#L12
conf/vanilla/autoload_configs/opal.conf.xml,16,h323-ip,$${local_ip_v4},https://github.com/signalwire/freeswitch/blob/ef32e205295e29f034f1453ad245ba5efb07b94a/conf/vanilla/autoload_configs/opal.conf.xml#L16
conf/vanilla/autoload_configs/opal.conf.xml,17,h323-port,1720,https://github.com/signalwire/freeswitch/blob/ef32e205295e29f034f1453ad245ba5efb07b94a/conf/vanilla/autoload_configs/opal.conf.xml#L17
conf/vanilla/autoload_configs/opus.conf.xml,3,use-vbr,1,https://github.com/signalwire/freeswitch/blob/ef32e205295e29f034f1453ad245ba5efb07b94a/conf/vanilla/autoload_configs/opus.conf.xml#L3
conf/vanilla/autoload_configs/opus.conf.xml,5,complexity,10,https://github.com/signalwire/freeswitch/blob/ef32e205295e29f034f1453ad245ba5efb07b94a/conf/vanilla/autoload_configs/opus.conf.xml#L5
conf/vanilla/autoload_configs/opus.conf.xml,15,keep-fec-enabled,1,https://github.com/signalwire/freeswitch/blob/ef32e205295e29f034f1453ad245ba5efb07b94a/conf/vanilla/autoload_configs/opus.conf.xml#L15
conf/vanilla/autoload_configs/opus.conf.xml,26,maxaveragebitrate,0,https://github.com/signalwire/freeswitch/blob/ef32e205295e29f034f1453ad245ba5efb07b94a/conf/vanilla/autoload_configs/opus.conf.xml#L26
conf/vanilla/autoload_configs/opus.conf.xml,27,maxplaybackrate,0,https://github.com/signalwire/freeswitch/blob/ef32e205295e29f034f1453ad245ba5efb07b94a/conf/vanilla/autoload_configs/opus.conf.xml#L27
conf/vanilla/autoload_configs/opus.conf.xml,33,mono,0,https://github.com/signalwire/freeswitch/blob/ef32e205295e29f034f1453ad245ba5efb07b94a/conf/vanilla/autoload_configs/opus.conf.xml#L33
conf/vanilla/autoload_configs/osp.conf.xml,4,debug-info,disabled,https://github.com/signalwire/freeswitch/blob/ef32e205295e29f034f1453ad245ba5efb07b94a/conf/vanilla/autoload_configs/osp.conf.xml#L4
conf/vanilla/autoload_configs/osp.conf.xml,6,log-level,info,https://github.com/signalwire/freeswitch/blob/ef32e205295e29f034f1453ad245ba5efb07b94a/conf/vanilla/autoload_configs/osp.conf.xml#L6
conf/vanilla/autoload_configs/osp.conf.xml,8,crypto-hardware,disabled,https://github.com/signalwire/freeswitch/blob/ef32e205295e29f034f1453ad245ba5efb07b94a/conf/vanilla/autoload_configs/osp.conf.xml#L8
conf/vanilla/autoload_configs/osp.conf.xml,10,sip,,https://github.com/signalwire/freeswitch/blob/ef32e205295e29f034f1453ad245ba5efb07b94a/conf/vanilla/autoload_configs/osp.conf.xml#L10
conf/vanilla/autoload_configs/osp.conf.xml,18,default-protocol,sip,https://github.com/signalwire/freeswitch/blob/ef32e205295e29f034f1453ad245ba5efb07b94a/conf/vanilla/autoload_configs/osp.conf.xml#L18
conf/vanilla/autoload_configs/osp.conf.xml,27,service-point-url,http://127.0.0.1:5045/osp,https://github.com/signalwire/freeswitch/blob/ef32e205295e29f034f1453ad245ba5efb07b94a/conf/vanilla/autoload_configs/osp.conf.xml#L27
conf/vanilla/autoload_configs/osp.conf.xml,30,device-ip,127.0.0.1:5080,https://github.com/signalwire/freeswitch/blob/ef32e205295e29f034f1453ad245ba5efb07b94a/conf/vanilla/autoload_configs/osp.conf.xml#L30
conf/vanilla/autoload_configs/osp.conf.xml,33,ssl-lifetime,300,https://github.com/signalwire/freeswitch/blob/ef32e205295e29f034f1453ad245ba5efb07b94a/conf/vanilla/autoload_configs/osp.conf.xml#L33
conf/vanilla/autoload_configs/osp.conf.xml,35,http-max-connections,20,https://github.com/signalwire/freeswitch/blob/ef32e205295e29f034f1453ad245ba5efb07b94a/conf/vanilla/autoload_configs/osp.conf.xml#L35
conf/vanilla/autoload_configs/osp.conf.xml,37,http-persistence,60,https://github.com/signalwire/freeswitch/blob/ef32e205295e29f034f1453ad245ba5efb07b94a/conf/vanilla/autoload_configs/osp.conf.xml#L37
conf/vanilla/autoload_configs/osp.conf.xml,39,http-retry-delay,0,https://github.com/signalwire/freeswitch/blob/ef32e205295e29f034f1453ad245ba5efb07b94a/conf/vanilla/autoload_configs/osp.conf.xml#L39
conf/vanilla/autoload_configs/osp.conf.xml,41,http-retry-limit,2,https://github.com/signalwire/freeswitch/blob/ef32e205295e29f034f1453ad245ba5efb07b94a/conf/vanilla/autoload_configs/osp.conf.xml#L41
conf/vanilla/autoload_configs/osp.conf.xml,43,http-timeout,10000,https://github.com/signalwire/freeswitch/blob/ef32e205295e29f034f1453ad245ba5efb07b94a/conf/vanilla/autoload_configs/osp.conf.xml#L43
conf/vanilla/autoload_configs/osp.conf.xml,46,work-mode,direct,https://github.com/signalwire/freeswitch/blob/ef32e205295e29f034f1453ad245ba5efb07b94a/conf/vanilla/autoload_configs/osp.conf.xml#L46
conf/vanilla/autoload_configs/osp.conf.xml,48,service-type,voice,https://github.com/signalwire/freeswitch/blob/ef32e205295e29f034f1453ad245ba5efb07b94a/conf/vanilla/autoload_configs/osp.conf.xml#L48
conf/vanilla/autoload_configs/osp.conf.xml,50,max-destinations,12,https://github.com/signalwire/freeswitch/blob/ef32e205295e29f034f1453ad245ba5efb07b94a/conf/vanilla/autoload_configs/osp.conf.xml#L50
conf/vanilla/autoload_configs/pocketsphinx.conf.xml,3,threshold,400,https://github.com/signalwire/freeswitch/blob/ef32e205295e29f034f1453ad245ba5efb07b94a/conf/vanilla/autoload_configs/pocketsphinx.conf.xml#L3
conf/vanilla/autoload_configs/pocketsphinx.conf.xml,4,silence-hits,25,https://github.com/signalwire/freeswitch/blob/ef32e205295e29f034f1453ad245ba5efb07b94a/conf/vanilla/autoload_configs/pocketsphinx.conf.xml#L4
conf/vanilla/autoload_configs/pocketsphinx.conf.xml,5,listen-hits,1,https://github.com/signalwire/freeswitch/blob/ef32e205295e29f034f1453ad245ba5efb07b94a/conf/vanilla/autoload_configs/pocketsphinx.conf.xml#L5
conf/vanilla/autoload_configs/pocketsphinx.conf.xml,6,auto-reload,true,https://github.com/signalwire/freeswitch/blob/ef32e205295e29f034f1453ad245ba5efb07b94a/conf/vanilla/autoload_configs/pocketsphinx.conf.xml#L6
conf/vanilla/autoload_configs/redis.conf.xml,3,host,localhost,https://github.com/signalwire/freeswitch/blob/ef32e205295e29f034f1453ad245ba5efb07b94a/conf/vanilla/autoload_configs/redis.conf.xml#L3
conf/vanilla/autoload_configs/redis.conf.xml,4,port,6379,https://github.com/signalwire/freeswitch/blob/ef32e205295e29f034f1453ad245ba5efb07b94a/conf/vanilla/autoload_configs/redis.conf.xml#L4
conf/vanilla/autoload_configs/redis.conf.xml,5,timeout,10000,https://github.com/signalwire/freeswitch/blob/ef32e205295e29f034f1453ad245ba5efb07b94a/conf/vanilla/autoload_configs/redis.conf.xml#L5
conf/vanilla/autoload_configs/rtmp.conf.xml,5,bind-address,0.0.0.0:1935,https://github.com/signalwire/freeswitch/blob/ef32e205295e29f034f1453ad245ba5efb07b94a/conf/vanilla/autoload_configs/rtmp.conf.xml#L5
conf/vanilla/autoload_configs/rtmp.conf.xml,6,context,public,https://github.com/signalwire/freeswitch/blob/ef32e205295e29f034f1453ad245ba5efb07b94a/conf/vanilla/autoload_configs/rtmp.conf.xml#L6
conf/vanilla/autoload_configs/rtmp.conf.xml,7,dialplan,XML,https://github.com/signalwire/freeswitch/blob/ef32e205295e29f034f1453ad245ba5efb07b94a/conf/vanilla/autoload_configs/rtmp.conf.xml#L7
conf/vanilla/autoload_configs/rtmp.conf.xml,9,auth-calls,true,https://github.com/signalwire/freeswitch/blob/ef32e205295e29f034f1453ad245ba5efb07b94a/conf/vanilla/autoload_configs/rtmp.conf.xml#L9
conf/vanilla/autoload_configs/rtmp.conf.xml,11,buffer-len,50,https://github.com/signalwire/freeswitch/blob/ef32e205295e29f034f1453ad245ba5efb07b94a/conf/vanilla/autoload_configs/rtmp.conf.xml#L11
conf/vanilla/autoload_configs/rtmp.conf.xml,13,chunksize,512,https://github.com/signalwire/freeswitch/blob/ef32e205295e29f034f1453ad245ba5efb07b94a/conf/vanilla/autoload_configs/rtmp.conf.xml#L13
conf/vanilla/autoload_configs/smpp.conf.xml,5,host,example.com,https://github.com/signalwire/freeswitch/blob/ef32e205295e29f034f1453ad245ba5efb07b94a/conf/vanilla/autoload_configs/smpp.conf.xml#L5
conf/vanilla/autoload_configs/smpp.conf.xml,6,port,2775,https://github.com/signalwire/freeswitch/blob/ef32e205295e29f034f1453ad245ba5efb07b94a/conf/vanilla/autoload_configs/smpp.conf.xml#L6
conf/vanilla/autoload_configs/smpp.conf.xml,7,debug,1,https://github.com/signalwire/freeswitch/blob/ef32e205295e29f034f1453ad245ba5efb07b94a/conf/vanilla/autoload_configs/smpp.conf.xml#L7
conf/vanilla/autoload_configs/smpp.conf.xml,8,profile,default,https://github.com/signalwire/freeswitch/blob/ef32e205295e29f034f1453ad245ba5efb07b94a/conf/vanilla/autoload_configs/smpp.conf.xml#L8
conf/vanilla/autoload_configs/smpp.conf.xml,9,system_id,username,https://github.com/signalwire/freeswitch/blob/ef32e205295e29f034f1453ad245ba5efb07b94a/conf/vanilla/autoload_configs/smpp.conf.xml#L9
conf/vanilla/autoload_configs/smpp.conf.xml,10,password,password,https://github.com/signalwire/freeswitch/blob/ef32e205295e29f034f1453ad245ba5efb07b94a/conf/vanilla/autoload_configs/smpp.conf.xml#L10
conf/vanilla/autoload_configs/smpp.conf.xml,11,system_type,remote_smpp,https://github.com/signalwire/freeswitch/blob/ef32e205295e29f034f1453ad245ba5efb07b94a/conf/vanilla/autoload_configs/smpp.conf.xml#L11
conf/vanilla/autoload_configs/sofia.conf.xml,4,log-level,0,https://github.com/signalwire/freeswitch/blob/ef32e205295e29f034f1453ad245ba5efb07b94a/conf/vanilla/autoload_configs/sofia.conf.xml#L4
conf/vanilla/autoload_configs/sofia.conf.xml,7,debug-presence,0,https://github.com/signalwire/freeswitch/blob/ef32e205295e29f034f1453ad245ba5efb07b94a/conf/vanilla/autoload_configs/sofia.conf.xml#L7
conf/vanilla/autoload_configs/spandsp.conf.xml,16,total-modems,0,https://github.com/signalwire/freeswitch/blob/ef32e205295e29f034f1453ad245ba5efb07b94a/conf/vanilla/autoload_configs/spandsp.conf.xml#L16
conf/vanilla/autoload_configs/spandsp.conf.xml,21,context,default,https://github.com/signalwire/freeswitch/blob/ef32e205295e29f034f1453ad245ba5efb07b94a/conf/vanilla/autoload_configs/spandsp.conf.xml#L21
conf/vanilla/autoload_configs/spandsp.conf.xml,22,dialplan,XML,https://github.com/signalwire/freeswitch/blob/ef32e205295e29f034f1453ad245ba5efb07b94a/conf/vanilla/autoload_configs/spandsp.conf.xml#L22
conf/vanilla/autoload_configs/spandsp.conf.xml,25,verbose,false,https://github.com/signalwire/freeswitch/blob/ef32e205295e29f034f1453ad245ba5efb07b94a/conf/vanilla/autoload_configs/spandsp.conf.xml#L25
conf/vanilla/autoload_configs/spandsp.conf.xml,29,use-ecm,true,https://github.com/signalwire/freeswitch/blob/ef32e205295e29f034f1453ad245ba5efb07b94a/conf/vanilla/autoload_configs/spandsp.conf.xml#L29
conf/vanilla/autoload_configs/spandsp.conf.xml,30,verbose,false,https://github.com/signalwire/freeswitch/blob/ef32e205295e29f034f1453ad245ba5efb07b94a/conf/vanilla/autoload_configs/spandsp.conf.xml#L30
conf/vanilla/autoload_configs/spandsp.conf.xml,32,disable-v17,false,https://github.com/signalwire/freeswitch/blob/ef32e205295e29f034f1453ad245ba5efb07b94a/conf/vanilla/autoload_configs/spandsp.conf.xml#L32
conf/vanilla/autoload_configs/spandsp.conf.xml,33,ident,SpanDSP Fax Ident,https://github.com/signalwire/freeswitch/blob/ef32e205295e29f034f1453ad245ba5efb07b94a/conf/vanilla/autoload_configs/spandsp.conf.xml#L33
conf/vanilla/autoload_configs/spandsp.conf.xml,34,header,SpanDSP Fax Header,https://github.com/signalwire/freeswitch/blob/ef32e205295e29f034f1453ad245ba5efb07b94a/conf/vanilla/autoload_configs/spandsp.conf.xml#L34
conf/vanilla/autoload_configs/spandsp.conf.xml,36,spool-dir,$${temp_dir},https://github.com/signalwire/freeswitch/blob/ef32e205295e29f034f1453ad245ba5efb07b94a/conf/vanilla/autoload_configs/spandsp.conf.xml#L36
conf/vanilla/autoload_configs/spandsp.conf.xml,37,file-prefix,faxrx,https://github.com/signalwire/freeswitch/blob/ef32e205295e29f034f1453ad245ba5efb07b94a/conf/vanilla/autoload_configs/spandsp.conf.xml#L37
conf/vanilla/autoload_configs/switch.conf.xml,25,colorize-console,true,https://github.com/signalwire/freeswitch/blob/ef32e205295e29f034f1453ad245ba5efb07b94a/conf/vanilla/autoload_configs/switch.conf.xml#L25
conf/vanilla/autoload_configs/switch.conf.xml,28,dialplan-timestamps,false,https://github.com/signalwire/freeswitch/blob/ef32e205295e29f034f1453ad245ba5efb07b94a/conf/vanilla/autoload_configs/switch.conf.xml#L28
conf/vanilla/autoload_configs/switch.conf.xml,44,max-db-handles,50,https://github.com/signalwire/freeswitch/blob/ef32e205295e29f034f1453ad245ba5efb07b94a/conf/vanilla/autoload_configs/switch.conf.xml#L44
conf/vanilla/autoload_configs/switch.conf.xml,46,db-handle-timeout,10,https://github.com/signalwire/freeswitch/blob/ef32e205295e29f034f1453ad245ba5efb07b94a/conf/vanilla/autoload_configs/switch.conf.xml#L46
conf/vanilla/autoload_configs/switch.conf.xml,61,max-sessions,1000,https://github.com/signalwire/freeswitch/blob/ef32e205295e29f034f1453ad245ba5efb07b94a/conf/vanilla/autoload_configs/switch.conf.xml#L61
conf/vanilla/autoload_configs/switch.conf.xml,63,sessions-per-second,30,https://github.com/signalwire/freeswitch/blob/ef32e205295e29f034f1453ad245ba5efb07b94a/conf/vanilla/autoload_configs/switch.conf.xml#L63
conf/vanilla/autoload_configs/switch.conf.xml,65,loglevel,debug,https://github.com/signalwire/freeswitch/blob/ef32e205295e29f034f1453ad245ba5efb07b94a/conf/vanilla/autoload_configs/switch.conf.xml#L65
conf/vanilla/autoload_configs/switch.conf.xml,130,mailer-app,sendmail,https://github.com/signalwire/freeswitch/blob/ef32e205295e29f034f1453ad245ba5efb07b94a/conf/vanilla/autoload_configs/switch.conf.xml#L130
conf/vanilla/autoload_configs/switch.conf.xml,131,mailer-app-args,-t,https://github.com/signalwire/freeswitch/blob/ef32e205295e29f034f1453ad245ba5efb07b94a/conf/vanilla/autoload_configs/switch.conf.xml#L131
conf/vanilla/autoload_configs/switch.conf.xml,132,dump-cores,yes,https://github.com/signalwire/freeswitch/blob/ef32e205295e29f034f1453ad245ba5efb07b94a/conf/vanilla/autoload_configs/switch.conf.xml#L132
conf/vanilla/autoload_configs/syslog.conf.xml,12,facility,user,https://github.com/signalwire/freeswitch/blob/ef32e205295e29f034f1453ad245ba5efb07b94a/conf/vanilla/autoload_configs/syslog.conf.xml#L12
conf/vanilla/autoload_configs/syslog.conf.xml,13,ident,freeswitch,https://github.com/signalwire/freeswitch/blob/ef32e205295e29f034f1453ad245ba5efb07b94a/conf/vanilla/autoload_configs/syslog.conf.xml#L13
conf/vanilla/autoload_configs/syslog.conf.xml,14,loglevel,warning,https://github.com/signalwire/freeswitch/blob/ef32e205295e29f034f1453ad245ba5efb07b94a/conf/vanilla/autoload_configs/syslog.conf.xml#L14
conf/vanilla/autoload_configs/syslog.conf.xml,16,uuid,true,https://github.com/signalwire/freeswitch/blob/ef32e205295e29f034f1453ad245ba5efb07b94a/conf/vanilla/autoload_configs/syslog.conf.xml#L16
conf/vanilla/autoload_configs/tts_commandline.conf.xml,13,command,,https://github.com/signalwire/freeswitch/blob/ef32e205295e29f034f1453ad245ba5efb07b94a/conf/vanilla/autoload_configs/tts_commandline.conf.xml#L13
conf/vanilla/autoload_configs/verto.conf.xml,4,debug,0,https://github.com/signalwire/freeswitch/blob/ef32e205295e29f034f1453ad245ba5efb07b94a/conf/vanilla/autoload_configs/verto.conf.xml#L4
conf/vanilla/autoload_configs/verto.conf.xml,16,bind-local,$${local_ip_v4}:8081,https://github.com/signalwire/freeswitch/blob/ef32e205295e29f034f1453ad245ba5efb07b94a/conf/vanilla/autoload_configs/verto.conf.xml#L16
conf/vanilla/autoload_configs/verto.conf.xml,17,bind-local,$${local_ip_v4}:8082,https://github.com/signalwire/freeswitch/blob/ef32e205295e29f034f1453ad245ba5efb07b94a/conf/vanilla/autoload_configs/verto.conf.xml#L17
conf/vanilla/autoload_configs/verto.conf.xml,18,force-register-domain,$${domain},https://github.com/signalwire/freeswitch/blob/ef32e205295e29f034f1453ad245ba5efb07b94a/conf/vanilla/autoload_configs/verto.conf.xml#L18
conf/vanilla/autoload_configs/verto.conf.xml,19,secure-combined,$${certs_dir}/wss.pem,https://github.com/signalwire/freeswitch/blob/ef32e205295e29f034f1453ad245ba5efb07b94a/conf/vanilla/autoload_configs/verto.conf.xml#L19
conf/vanilla/autoload_configs/verto.conf.xml,20,secure-chain,$${certs_dir}/wss.pem,https://github.com/signalwire/freeswitch/blob/ef32e205295e29f034f1453ad245ba5efb07b94a/conf/vanilla/autoload_configs/verto.conf.xml#L20
conf/vanilla/autoload_configs/verto.conf.xml,21,userauth,true,https://github.com/signalwire/freeswitch/blob/ef32e205295e29f034f1453ad245ba5efb07b94a/conf/vanilla/autoload_configs/verto.conf.xml#L21
conf/vanilla/autoload_configs/verto.conf.xml,23,blind-reg,false,https://github.com/signalwire/freeswitch/blob/ef32e205295e29f034f1453ad245ba5efb07b94a/conf/vanilla/autoload_configs/verto.conf.xml#L23
conf/vanilla/autoload_configs/verto.conf.xml,29,mcast-ip,224.1.1.1,https://github.com/signalwire/freeswitch/blob/ef32e205295e29f034f1453ad245ba5efb07b94a/conf/vanilla/autoload_configs/verto.conf.xml#L29
conf/vanilla/autoload_configs/verto.conf.xml,30,mcast-port,1337,https://github.com/signalwire/freeswitch/blob/ef32e205295e29f034f1453ad245ba5efb07b94a/conf/vanilla/autoload_configs/verto.conf.xml#L30
conf/vanilla/autoload_configs/verto.conf.xml,31,rtp-ip,$${local_ip_v4},https://github.com/signalwire/freeswitch/blob/ef32e205295e29f034f1453ad245ba5efb07b94a/conf/vanilla/autoload_configs/verto.conf.xml#L31
conf/vanilla/autoload_configs/verto.conf.xml,32,ext-rtp-ip,$${external_rtp_ip},https://github.com/signalwire/freeswitch/blob/ef32e205295e29f034f1453ad245ba5efb07b94a/conf/vanilla/autoload_configs/verto.conf.xml#L32
conf/vanilla/autoload_configs/verto.conf.xml,33,local-network,localnet.auto,https://github.com/signalwire/freeswitch/blob/ef32e205295e29f034f1453ad245ba5efb07b94a/conf/vanilla/autoload_configs/verto.conf.xml#L33
conf/vanilla/autoload_configs/verto.conf.xml,34,outbound-codec-string,"opus,h264,vp8",https://github.com/signalwire/freeswitch/blob/ef32e205295e29f034f1453ad245ba5efb07b94a/conf/vanilla/autoload_configs/verto.conf.xml#L34
conf/vanilla/autoload_configs/verto.conf.xml,35,inbound-codec-string,"opus,h264,vp8",https://github.com/signalwire/freeswitch/blob/ef32e205295e29f034f1453ad245ba5efb07b94a/conf/vanilla/autoload_configs/verto.conf.xml#L35
conf/vanilla/autoload_configs/verto.conf.xml,37,apply-candidate-acl,localnet.auto,https://github.com/signalwire/freeswitch/blob/ef32e205295e29f034f1453ad245ba5efb07b94a/conf/vanilla/autoload_configs/verto.conf.xml#L37
conf/vanilla/autoload_configs/verto.conf.xml,38,apply-candidate-acl,wan_v4.auto,https://github.com/signalwire/freeswitch/blob/ef32e205295e29f034f1453ad245ba5efb07b94a/conf/vanilla/autoload_configs/verto.conf.xml#L38
conf/vanilla/autoload_configs/verto.conf.xml,39,apply-candidate-acl,rfc1918.auto,https://github.com/signalwire/freeswitch/blob/ef32e205295e29f034f1453ad245ba5efb07b94a/conf/vanilla/autoload_configs/verto.conf.xml#L39
conf/vanilla/autoload_configs/verto.conf.xml,40,apply-candidate-acl,any_v4.auto,https://github.com/signalwire/freeswitch/blob/ef32e205295e29f034f1453ad245ba5efb07b94a/conf/vanilla/autoload_configs/verto.conf.xml#L40
conf/vanilla/autoload_configs/verto.conf.xml,41,timer-name,soft,https://github.com/signalwire/freeswitch/blob/ef32e205295e29f034f1453ad245ba5efb07b94a/conf/vanilla/autoload_configs/verto.conf.xml#L41
conf/vanilla/autoload_configs/verto.conf.xml,46,bind-local,[$${local_ip_v6}]:8081,https://github.com/signalwire/freeswitch/blob/ef32e205295e29f034f1453ad245ba5efb07b94a/conf/vanilla/autoload_configs/verto.conf.xml#L46
conf/vanilla/autoload_configs/verto.conf.xml,47,bind-local,[$${local_ip_v6}]:8082,https://github.com/signalwire/freeswitch/blob/ef32e205295e29f034f1453ad245ba5efb07b94a/conf/vanilla/autoload_configs/verto.conf.xml#L47
conf/vanilla/autoload_configs/verto.conf.xml,48,force-register-domain,$${domain},https://github.com/signalwire/freeswitch/blob/ef32e205295e29f034f1453ad245ba5efb07b94a/conf/vanilla/autoload_configs/verto.conf.xml#L48
conf/vanilla/autoload_configs/verto.conf.xml,49,secure-combined,$${certs_dir}/wss.pem,https://github.com/signalwire/freeswitch/blob/ef32e205295e29f034f1453ad245ba5efb07b94a/conf/vanilla/autoload_configs/verto.conf.xml#L49
conf/vanilla/autoload_configs/verto.conf.xml,50,secure-chain,$${certs_dir}/wss.pem,https://github.com/signalwire/freeswitch/blob/ef32e205295e29f034f1453ad245ba5efb07b94a/conf/vanilla/autoload_configs/verto.conf.xml#L50
conf/vanilla/autoload_configs/verto.conf.xml,51,userauth,true,https://github.com/signalwire/freeswitch/blob/ef32e205295e29f034f1453ad245ba5efb07b94a/conf/vanilla/autoload_configs/verto.conf.xml#L51
conf/vanilla/autoload_configs/verto.conf.xml,53,blind-reg,false,https://github.com/signalwire/freeswitch/blob/ef32e205295e29f034f1453ad245ba5efb07b94a/conf/vanilla/autoload_configs/verto.conf.xml#L53
conf/vanilla/autoload_configs/verto.conf.xml,55,rtp-ip,$${local_ip_v6},https://github.com/signalwire/freeswitch/blob/ef32e205295e29f034f1453ad245ba5efb07b94a/conf/vanilla/autoload_configs/verto.conf.xml#L55
conf/vanilla/autoload_configs/verto.conf.xml,57,outbound-codec-string,"opus,h264,vp8",https://github.com/signalwire/freeswitch/blob/ef32e205295e29f034f1453ad245ba5efb07b94a/conf/vanilla/autoload_configs/verto.conf.xml#L57
conf/vanilla/autoload_configs/verto.conf.xml,58,inbound-codec-string,"opus,h264,vp8",https://github.com/signalwire/freeswitch/blob/ef32e205295e29f034f1453ad245ba5efb07b94a/conf/vanilla/autoload_configs/verto.conf.xml#L58
conf/vanilla/autoload_configs/verto.conf.xml,60,apply-candidate-acl,wan_v6.auto,https://github.com/signalwire/freeswitch/blob/ef32e205295e29f034f1453ad245ba5efb07b94a/conf/vanilla/autoload_configs/verto.conf.xml#L60
conf/vanilla/autoload_configs/verto.conf.xml,61,apply-candidate-acl,rfc1918.auto,https://github.com/signalwire/freeswitch/blob/ef32e205295e29f034f1453ad245ba5efb07b94a/conf/vanilla/autoload_configs/verto.conf.xml#L61
conf/vanilla/autoload_configs/verto.conf.xml,62,apply-candidate-acl,any_v6.auto,https://github.com/signalwire/freeswitch/blob/ef32e205295e29f034f1453ad245ba5efb07b94a/conf/vanilla/autoload_configs/verto.conf.xml#L62
conf/vanilla/autoload_configs/verto.conf.xml,63,apply-candidate-acl,wan_v4.auto,https://github.com/signalwire/freeswitch/blob/ef32e205295e29f034f1453ad245ba5efb07b94a/conf/vanilla/autoload_configs/verto.conf.xml#L63
conf/vanilla/autoload_configs/verto.conf.xml,64,apply-candidate-acl,any_v4.auto,https://github.com/signalwire/freeswitch/blob/ef32e205295e29f034f1453ad245ba5efb07b94a/conf/vanilla/autoload_configs/verto.conf.xml#L64
conf/vanilla/autoload_configs/verto.conf.xml,65,timer-name,soft,https://github.com/signalwire/freeswitch/blob/ef32e205295e29f034f1453ad245ba5efb07b94a/conf/vanilla/autoload_configs/verto.conf.xml#L65
conf/vanilla/autoload_configs/voicemail.conf.xml,6,file-extension,wav,https://github.com/signalwire/freeswitch/blob/ef32e205295e29f034f1453ad245ba5efb07b94a/conf/vanilla/autoload_configs/voicemail.conf.xml#L6
conf/vanilla/autoload_configs/voicemail.conf.xml,7,terminator-key,#,https://github.com/signalwire/freeswitch/blob/ef32e205295e29f034f1453ad245ba5efb07b94a/conf/vanilla/autoload_configs/voicemail.conf.xml#L7
conf/vanilla/autoload_configs/voicemail.conf.xml,8,max-login-attempts,3,https://github.com/signalwire/freeswitch/blob/ef32e205295e29f034f1453ad245ba5efb07b94a/conf/vanilla/autoload_configs/voicemail.conf.xml#L8
conf/vanilla/autoload_configs/voicemail.conf.xml,9,digit-timeout,10000,https://github.com/signalwire/freeswitch/blob/ef32e205295e29f034f1453ad245ba5efb07b94a/conf/vanilla/autoload_configs/voicemail.conf.xml#L9
conf/vanilla/autoload_configs/voicemail.conf.xml,10,min-record-len,3,https://github.com/signalwire/freeswitch/blob/ef32e205295e29f034f1453ad245ba5efb07b94a/conf/vanilla/autoload_configs/voicemail.conf.xml#L10
conf/vanilla/autoload_configs/voicemail.conf.xml,11,max-record-len,300,https://github.com/signalwire/freeswitch/blob/ef32e205295e29f034f1453ad245ba5efb07b94a/conf/vanilla/autoload_configs/voicemail.conf.xml#L11
conf/vanilla/autoload_configs/voicemail.conf.xml,12,max-retries,3,https://github.com/signalwire/freeswitch/blob/ef32e205295e29f034f1453ad245ba5efb07b94a/conf/vanilla/autoload_configs/voicemail.conf.xml#L12
conf/vanilla/autoload_configs/voicemail.conf.xml,13,tone-spec,"%(1000, 0, 640)",https://github.com/signalwire/freeswitch/blob/ef32e205295e29f034f1453ad245ba5efb07b94a/conf/vanilla/autoload_configs/voicemail.conf.xml#L13
conf/vanilla/autoload_configs/voicemail.conf.xml,14,callback-dialplan,XML,https://github.com/signalwire/freeswitch/blob/ef32e205295e29f034f1453ad245ba5efb07b94a/conf/vanilla/autoload_configs/voicemail.conf.xml#L14
conf/vanilla/autoload_configs/voicemail.conf.xml,15,callback-context,default,https://github.com/signalwire/freeswitch/blob/ef32e205295e29f034f1453ad245ba5efb07b94a/conf/vanilla/autoload_configs/voicemail.conf.xml#L15
conf/vanilla/autoload_configs/voicemail.conf.xml,16,play-new-messages-key,1,https://github.com/signalwire/freeswitch/blob/ef32e205295e29f034f1453ad245ba5efb07b94a/conf/vanilla/autoload_configs/voicemail.conf.xml#L16
conf/vanilla/autoload_configs/voicemail.conf.xml,17,play-saved-messages-key,2,https://github.com/signalwire/freeswitch/blob/ef32e205295e29f034f1453ad245ba5efb07b94a/conf/vanilla/autoload_configs/voicemail.conf.xml#L17
conf/vanilla/autoload_configs/voicemail.conf.xml,22,login-keys,0,https://github.com/signalwire/freeswitch/blob/ef32e205295e29f034f1453ad245ba5efb07b94a/conf/vanilla/autoload_configs/voicemail.conf.xml#L22
conf/vanilla/autoload_configs/voicemail.conf.xml,23,main-menu-key,0,https://github.com/signalwire/freeswitch/blob/ef32e205295e29f034f1453ad245ba5efb07b94a/conf/vanilla/autoload_configs/voicemail.conf.xml#L23
conf/vanilla/autoload_configs/voicemail.conf.xml,24,config-menu-key,5,https://github.com/signalwire/freeswitch/blob/ef32e205295e29f034f1453ad245ba5efb07b94a/conf/vanilla/autoload_configs/voicemail.conf.xml#L24
conf/vanilla/autoload_configs/voicemail.conf.xml,25,record-greeting-key,1,https://github.com/signalwire/freeswitch/blob/ef32e205295e29f034f1453ad245ba5efb07b94a/conf/vanilla/autoload_configs/voicemail.conf.xml#L25
conf/vanilla/autoload_configs/voicemail.conf.xml,26,choose-greeting-key,2,https://github.com/signalwire/freeswitch/blob/ef32e205295e29f034f1453ad245ba5efb07b94a/conf/vanilla/autoload_configs/voicemail.conf.xml#L26
conf/vanilla/autoload_configs/voicemail.conf.xml,27,change-pass-key,6,https://github.com/signalwire/freeswitch/blob/ef32e205295e29f034f1453ad245ba5efb07b94a/conf/vanilla/autoload_configs/voicemail.conf.xml#L27
conf/vanilla/autoload_configs/voicemail.conf.xml,28,record-name-key,3,https://github.com/signalwire/freeswitch/blob/ef32e205295e29f034f1453ad245ba5efb07b94a/conf/vanilla/autoload_configs/voicemail.conf.xml#L28
conf/vanilla/autoload_configs/voicemail.conf.xml,29,record-file-key,3,https://github.com/signalwire/freeswitch/blob/ef32e205295e29f034f1453ad245ba5efb07b94a/conf/vanilla/autoload_configs/voicemail.conf.xml#L29
conf/vanilla/autoload_configs/voicemail.conf.xml,30,listen-file-key,1,https://github.com/signalwire/freeswitch/blob/ef32e205295e29f034f1453ad245ba5efb07b94a/conf/vanilla/autoload_configs/voicemail.conf.xml#L30
conf/vanilla/autoload_configs/voicemail.conf.xml,31,save-file-key,2,https://github.com/signalwire/freeswitch/blob/ef32e205295e29f034f1453ad245ba5efb07b94a/conf/vanilla/autoload_configs/voicemail.conf.xml#L31
conf/vanilla/autoload_configs/voicemail.conf.xml,32,delete-file-key,7,https://github.com/signalwire/freeswitch/blob/ef32e205295e29f034f1453ad245ba5efb07b94a/conf/vanilla/autoload_configs/voicemail.conf.xml#L32
conf/vanilla/autoload_configs/voicemail.conf.xml,33,undelete-file-key,8,https://github.com/signalwire/freeswitch/blob/ef32e205295e29f034f1453ad245ba5efb07b94a/conf/vanilla/autoload_configs/voicemail.conf.xml#L33
conf/vanilla/autoload_configs/voicemail.conf.xml,34,email-key,4,https://github.com/signalwire/freeswitch/blob/ef32e205295e29f034f1453ad245ba5efb07b94a/conf/vanilla/autoload_configs/voicemail.conf.xml#L34
conf/vanilla/autoload_configs/voicemail.conf.xml,35,pause-key,0,https://github.com/signalwire/freeswitch/blob/ef32e205295e29f034f1453ad245ba5efb07b94a/conf/vanilla/autoload_configs/voicemail.conf.xml#L35
conf/vanilla/autoload_configs/voicemail.conf.xml,36,restart-key,1,https://github.com/signalwire/freeswitch/blob/ef32e205295e29f034f1453ad245ba5efb07b94a/conf/vanilla/autoload_configs/voicemail.conf.xml#L36
conf/vanilla/autoload_configs/voicemail.conf.xml,37,ff-key,6,https://github.com/signalwire/freeswitch/blob/ef32e205295e29f034f1453ad245ba5efb07b94a/conf/vanilla/autoload_configs/voicemail.conf.xml#L37
conf/vanilla/autoload_configs/voicemail.conf.xml,38,rew-key,4,https://github.com/signalwire/freeswitch/blob/ef32e205295e29f034f1453ad245ba5efb07b94a/conf/vanilla/autoload_configs/voicemail.conf.xml#L38
conf/vanilla/autoload_configs/voicemail.conf.xml,39,skip-greet-key,#,https://github.com/signalwire/freeswitch/blob/ef32e205295e29f034f1453ad245ba5efb07b94a/conf/vanilla/autoload_configs/voicemail.conf.xml#L39
conf/vanilla/autoload_configs/voicemail.conf.xml,40,previous-message-key,1,https://github.com/signalwire/freeswitch/blob/ef32e205295e29f034f1453ad245ba5efb07b94a/conf/vanilla/autoload_configs/voicemail.conf.xml#L40
conf/vanilla/autoload_configs/voicemail.conf.xml,41,next-message-key,3,https://github.com/signalwire/freeswitch/blob/ef32e205295e29f034f1453ad245ba5efb07b94a/conf/vanilla/autoload_configs/voicemail.conf.xml#L41
conf/vanilla/autoload_configs/voicemail.conf.xml,42,skip-info-key,*,https://github.com/signalwire/freeswitch/blob/ef32e205295e29f034f1453ad245ba5efb07b94a/conf/vanilla/autoload_configs/voicemail.conf.xml#L42
conf/vanilla/autoload_configs/voicemail.conf.xml,43,repeat-message-key,0,https://github.com/signalwire/freeswitch/blob/ef32e205295e29f034f1453ad245ba5efb07b94a/conf/vanilla/autoload_configs/voicemail.conf.xml#L43
conf/vanilla/autoload_configs/voicemail.conf.xml,44,record-silence-threshold,200,https://github.com/signalwire/freeswitch/blob/ef32e205295e29f034f1453ad245ba5efb07b94a/conf/vanilla/autoload_configs/voicemail.conf.xml#L44
conf/vanilla/autoload_configs/voicemail.conf.xml,45,record-silence-hits,2,https://github.com/signalwire/freeswitch/blob/ef32e205295e29f034f1453ad245ba5efb07b94a/conf/vanilla/autoload_configs/voicemail.conf.xml#L45
conf/vanilla/autoload_configs/voicemail.conf.xml,46,web-template-file,web-vm.tpl,https://github.com/signalwire/freeswitch/blob/ef32e205295e29f034f1453ad245ba5efb07b94a/conf/vanilla/autoload_configs/voicemail.conf.xml#L46
conf/vanilla/autoload_configs/voicemail.conf.xml,47,db-password-override,false,https://github.com/signalwire/freeswitch/blob/ef32e205295e29f034f1453ad245ba5efb07b94a/conf/vanilla/autoload_configs/voicemail.conf.xml#L47
conf/vanilla/autoload_configs/voicemail.conf.xml,48,allow-empty-password-auth,true,https://github.com/signalwire/freeswitch/blob/ef32e205295e29f034f1453ad245ba5efb07b94a/conf/vanilla/autoload_configs/voicemail.conf.xml#L48
conf/vanilla/autoload_configs/voicemail.conf.xml,54,operator-extension,operator XML default,https://github.com/signalwire/freeswitch/blob/ef32e205295e29f034f1453ad245ba5efb07b94a/conf/vanilla/autoload_configs/voicemail.conf.xml#L54
conf/vanilla/autoload_configs/voicemail.conf.xml,55,operator-key,9,https://github.com/signalwire/freeswitch/blob/ef32e205295e29f034f1453ad245ba5efb07b94a/conf/vanilla/autoload_configs/voicemail.conf.xml#L55
conf/vanilla/autoload_configs/voicemail.conf.xml,56,vmain-extension,vmain XML default,https://github.com/signalwire/freeswitch/blob/ef32e205295e29f034f1453ad245ba5efb07b94a/conf/vanilla/autoload_configs/voicemail.conf.xml#L56
conf/vanilla/autoload_configs/voicemail.conf.xml,57,vmain-key,*,https://github.com/signalwire/freeswitch/blob/ef32e205295e29f034f1453ad245ba5efb07b94a/conf/vanilla/autoload_configs/voicemail.conf.xml#L57
conf/vanilla/autoload_configs/voicemail.conf.xml,61,template-file,voicemail.tpl,https://github.com/signalwire/freeswitch/blob/ef32e205295e29f034f1453ad245ba5efb07b94a/conf/vanilla/autoload_configs/voicemail.conf.xml#L61
conf/vanilla/autoload_configs/voicemail.conf.xml,62,notify-template-file,notify-voicemail.tpl,https://github.com/signalwire/freeswitch/blob/ef32e205295e29f034f1453ad245ba5efb07b94a/conf/vanilla/autoload_configs/voicemail.conf.xml#L62
conf/vanilla/autoload_configs/voicemail.conf.xml,64,date-fmt,"%A, %B %d %Y, %I %M %p",https://github.com/signalwire/freeswitch/blob/ef32e205295e29f034f1453ad245ba5efb07b94a/conf/vanilla/autoload_configs/voicemail.conf.xml#L64
conf/vanilla/autoload_configs/voicemail.conf.xml,65,email-from,${voicemail_account}@${voicemail_domain},https://github.com/signalwire/freeswitch/blob/ef32e205295e29f034f1453ad245ba5efb07b94a/conf/vanilla/autoload_configs/voicemail.conf.xml#L65
conf/vanilla/autoload_configs/voicemail_ivr.conf.xml,5,IVR-Maximum-Attempts,3,https://github.com/signalwire/freeswitch/blob/ef32e205295e29f034f1453ad245ba5efb07b94a/conf/vanilla/autoload_configs/voicemail_ivr.conf.xml#L5
conf/vanilla/autoload_configs/voicemail_ivr.conf.xml,6,IVR-Entry-Timeout,3000,https://github.com/signalwire/freeswitch/blob/ef32e205295e29f034f1453ad245ba5efb07b94a/conf/vanilla/autoload_configs/voicemail_ivr.conf.xml#L6
conf/vanilla/autoload_configs/voicemail_ivr.conf.xml,7,Record-Format,wav,https://github.com/signalwire/freeswitch/blob/ef32e205295e29f034f1453ad245ba5efb07b94a/conf/vanilla/autoload_configs/voicemail_ivr.conf.xml#L7
conf/vanilla/autoload_configs/voicemail_ivr.conf.xml,9,Record-Silence-Hits,4,https://github.com/signalwire/freeswitch/blob/ef32e205295e29f034f1453ad245ba5efb07b94a/conf/vanilla/autoload_configs/voicemail_ivr.conf.xml#L9
conf/vanilla/autoload_configs/voicemail_ivr.conf.xml,10,Record-Silence-Threshold,200,https://github.com/signalwire/freeswitch/blob/ef32e205295e29f034f1453ad245ba5efb07b94a/conf/vanilla/autoload_configs/voicemail_ivr.conf.xml#L10
conf/vanilla/autoload_configs/voicemail_ivr.conf.xml,11,Record-Maximum-Length,30,https://github.com/signalwire/freeswitch/blob/ef32e205295e29f034f1453ad245ba5efb07b94a/conf/vanilla/autoload_configs/voicemail_ivr.conf.xml#L11
conf/vanilla/autoload_configs/voicemail_ivr.conf.xml,13,Exit-Purge,true,https://github.com/signalwire/freeswitch/blob/ef32e205295e29f034f1453ad245ba5efb07b94a/conf/vanilla/autoload_configs/voicemail_ivr.conf.xml#L13
conf/vanilla/autoload_configs/voicemail_ivr.conf.xml,14,Password-Mask,XXX.,https://github.com/signalwire/freeswitch/blob/ef32e205295e29f034f1453ad245ba5efb07b94a/conf/vanilla/autoload_configs/voicemail_ivr.conf.xml#L14
conf/vanilla/autoload_configs/voicemail_ivr.conf.xml,15,User-Mask,X.,https://github.com/signalwire/freeswitch/blob/ef32e205295e29f034f1453ad245ba5efb07b94a/conf/vanilla/autoload_configs/voicemail_ivr.conf.xml#L15
conf/vanilla/autoload_configs/voicemail_ivr.conf.xml,62,Action-On-New-Message,new_msg:std_navigator,https://github.com/signalwire/freeswitch/blob/ef32e205295e29f034f1453ad245ba5efb07b94a/conf/vanilla/autoload_configs/voicemail_ivr.conf.xml#L62
conf/vanilla/autoload_configs/vpx.conf.xml,100,g-profile,0,https://github.com/signalwire/freeswitch/blob/ef32e205295e29f034f1453ad245ba5efb07b94a/conf/vanilla/autoload_configs/vpx.conf.xml#L100
conf/vanilla/autoload_configs/vpx.conf.xml,177,dec-threads,cpu/2/4,https://github.com/signalwire/freeswitch/blob/ef32e205295e29f034f1453ad245ba5efb07b94a/conf/vanilla/autoload_configs/vpx.conf.xml#L177
conf/vanilla/autoload_configs/vpx.conf.xml,178,enc-threads,1,https://github.com/signalwire/freeswitch/blob/ef32e205295e29f034f1453ad245ba5efb07b94a/conf/vanilla/autoload_configs/vpx.conf.xml#L178
conf/vanilla/autoload_configs/vpx.conf.xml,189,dec-threads,cpu/2/4,https://github.com/signalwire/freeswitch/blob/ef32e205295e29f034f1453ad245ba5efb07b94a/conf/vanilla/autoload_configs/vpx.conf.xml#L189
conf/vanilla/autoload_configs/vpx.conf.xml,190,enc-threads,cpu/2/4,https://github.com/signalwire/freeswitch/blob/ef32e205295e29f034f1453ad245ba5efb07b94a/conf/vanilla/autoload_configs/vpx.conf.xml#L190
conf/vanilla/autoload_configs/vpx.conf.xml,191,g-profile,2,https://github.com/signalwire/freeswitch/blob/ef32e205295e29f034f1453ad245ba5efb07b94a/conf/vanilla/autoload_configs/vpx.conf.xml#L191
conf/vanilla/autoload_configs/vpx.conf.xml,193,g-error-resilient,PARTITIONS,https://github.com/signalwire/freeswitch/blob/ef32e205295e29f034f1453ad245ba5efb07b94a/conf/vanilla/autoload_configs/vpx.conf.xml#L193
conf/vanilla/autoload_configs/vpx.conf.xml,204,rc-end-usage,CBR,https://github.com/signalwire/freeswitch/blob/ef32e205295e29f034f1453ad245ba5efb07b94a/conf/vanilla/autoload_configs/vpx.conf.xml#L204
conf/vanilla/autoload_configs/vpx.conf.xml,206,rc-target-bitrate,1mb,https://github.com/signalwire/freeswitch/blob/ef32e205295e29f034f1453ad245ba5efb07b94a/conf/vanilla/autoload_configs/vpx.conf.xml#L206
conf/vanilla/autoload_configs/vpx.conf.xml,207,rc-min-quantizer,0,https://github.com/signalwire/freeswitch/blob/ef32e205295e29f034f1453ad245ba5efb07b94a/conf/vanilla/autoload_configs/vpx.conf.xml#L207
conf/vanilla/autoload_configs/vpx.conf.xml,208,rc-max-quantizer,63,https://github.com/signalwire/freeswitch/blob/ef32e205295e29f034f1453ad245ba5efb07b94a/conf/vanilla/autoload_configs/vpx.conf.xml#L208
conf/vanilla/autoload_configs/vpx.conf.xml,209,rc-undershoot-pct,100,https://github.com/signalwire/freeswitch/blob/ef32e205295e29f034f1453ad245ba5efb07b94a/conf/vanilla/autoload_configs/vpx.conf.xml#L209
conf/vanilla/autoload_configs/vpx.conf.xml,210,rc-overshoot-pct,50,https://github.com/signalwire/freeswitch/blob/ef32e205295e29f034f1453ad245ba5efb07b94a/conf/vanilla/autoload_configs/vpx.conf.xml#L210
conf/vanilla/autoload_configs/vpx.conf.xml,211,rc-buf-sz,5000,https://github.com/signalwire/freeswitch/blob/ef32e205295e29f034f1453ad245ba5efb07b94a/conf/vanilla/autoload_configs/vpx.conf.xml#L211
conf/vanilla/autoload_configs/vpx.conf.xml,212,rc-buf-initial-sz,1000,https://github.com/signalwire/freeswitch/blob/ef32e205295e29f034f1453ad245ba5efb07b94a/conf/vanilla/autoload_configs/vpx.conf.xml#L212
conf/vanilla/autoload_configs/vpx.conf.xml,213,rc-buf-optimal-sz,1000,https://github.com/signalwire/freeswitch/blob/ef32e205295e29f034f1453ad245ba5efb07b94a/conf/vanilla/autoload_configs/vpx.conf.xml#L213
conf/vanilla/autoload_configs/vpx.conf.xml,218,kf-mode,AUTO,https://github.com/signalwire/freeswitch/blob/ef32e205295e29f034f1453ad245ba5efb07b94a/conf/vanilla/autoload_configs/vpx.conf.xml#L218
conf/vanilla/autoload_configs/vpx.conf.xml,219,kf-min-dist,0,https://github.com/signalwire/freeswitch/blob/ef32e205295e29f034f1453ad245ba5efb07b94a/conf/vanilla/autoload_configs/vpx.conf.xml#L219
conf/vanilla/autoload_configs/vpx.conf.xml,220,kf-max-dist,240,https://github.com/signalwire/freeswitch/blob/ef32e205295e29f034f1453ad245ba5efb07b94a/conf/vanilla/autoload_configs/vpx.conf.xml#L220
conf/vanilla/autoload_configs/vpx.conf.xml,227,lossless,0,https://github.com/signalwire/freeswitch/blob/ef32e205295e29f034f1453ad245ba5efb07b94a/conf/vanilla/autoload_configs/vpx.conf.xml#L227
conf/vanilla/autoload_configs/vpx.conf.xml,229,cpuused,-6,https://github.com/signalwire/freeswitch/blob/ef32e205295e29f034f1453ad245ba5efb07b94a/conf/vanilla/autoload_configs/vpx.conf.xml#L229
conf/vanilla/autoload_configs/vpx.conf.xml,231,token-parts,cpu/2/3,https://github.com/signalwire/freeswitch/blob/ef32e205295e29f034f1453ad245ba5efb07b94a/conf/vanilla/autoload_configs/vpx.conf.xml#L231
conf/vanilla/autoload_configs/vpx.conf.xml,232,static-thresh,100,https://github.com/signalwire/freeswitch/blob/ef32e205295e29f034f1453ad245ba5efb07b94a/conf/vanilla/autoload_configs/vpx.conf.xml#L232
conf/vanilla/autoload_configs/vpx.conf.xml,233,noise-sensitivity,1,https://github.com/signalwire/freeswitch/blob/ef32e205295e29f034f1453ad245ba5efb07b94a/conf/vanilla/autoload_configs/vpx.conf.xml#L233
conf/vanilla/autoload_configs/xml_cdr.conf.xml,20,log-dir,,https://github.com/signalwire/freeswitch/blob/ef32e205295e29f034f1453ad245ba5efb07b94a/conf/vanilla/autoload_configs/xml_cdr.conf.xml#L20
conf/vanilla/autoload_configs/xml_cdr.conf.xml,24,log-b-leg,false,https://github.com/signalwire/freeswitch/blob/ef32e205295e29f034f1453ad245ba5efb07b94a/conf/vanilla/autoload_configs/xml_cdr.conf.xml#L24
conf/vanilla/autoload_configs/xml_cdr.conf.xml,28,prefix-a-leg,true,https://github.com/signalwire/freeswitch/blob/ef32e205295e29f034f1453ad245ba5efb07b94a/conf/vanilla/autoload_configs/xml_cdr.conf.xml#L28
conf/vanilla/autoload_configs/xml_cdr.conf.xml,31,encode,true,https://github.com/signalwire/freeswitch/blob/ef32e205295e29f034f1453ad245ba5efb07b94a/conf/vanilla/autoload_configs/xml_cdr.conf.xml#L31
conf/vanilla/autoload_configs/xml_rpc.conf.xml,4,http-port,8080,https://github.com/signalwire/freeswitch/blob/ef32e205295e29f034f1453ad245ba5efb07b94a/conf/vanilla/autoload_configs/xml_rpc.conf.xml#L4
conf/vanilla/autoload_configs/xml_rpc.conf.xml,6,auth-realm,freeswitch,https://github.com/signalwire/freeswitch/blob/ef32e205295e29f034f1453ad245ba5efb07b94a/conf/vanilla/autoload_configs/xml_rpc.conf.xml#L6
conf/vanilla/autoload_configs/xml_rpc.conf.xml,7,auth-user,freeswitch,https://github.com/signalwire/freeswitch/blob/ef32e205295e29f034f1453ad245ba5efb07b94a/conf/vanilla/autoload_configs/xml_rpc.conf.xml#L7
conf/vanilla/autoload_configs/xml_rpc.conf.xml,8,auth-pass,works,https://github.com/signalwire/freeswitch/blob/ef32e205295e29f034f1453ad245ba5efb07b94a/conf/vanilla/autoload_configs/xml_rpc.conf.xml#L8
conf/vanilla/autoload_configs/zeroconf.conf.xml,3,publish,yes,https://github.com/signalwire/freeswitch/blob/ef32e205295e29f034f1453ad245ba5efb07b94a/conf/vanilla/autoload_configs/zeroconf.conf.xml#L3
conf/vanilla/autoload_configs/zeroconf.conf.xml,4,browse,_sip._udp,https://github.com/signalwire/freeswitch/blob/ef32e205295e29f034f1453ad245ba5efb07b94a/conf/vanilla/autoload_configs/zeroconf.conf.xml#L4
conf/vanilla/directory/default.xml,24,dial-string,"{^^:sip_invite_domain=${dialed_domain}:presence_id=${dialed_user}@${dialed_domain}}${sofia_contact(*/${dialed_user}@${dialed_domain})},${verto_contact(${dialed_user}@${dialed_domain})}",https://github.com/signalwire/freeswitch/blob/ef32e205295e29f034f1453ad245ba5efb07b94a/conf/vanilla/directory/default.xml#L24
conf/vanilla/directory/default.xml,26,jsonrpc-allowed-methods,verto,https://github.com/signalwire/freeswitch/blob/ef32e205295e29f034f1453ad245ba5efb07b94a/conf/vanilla/directory/default.xml#L26
conf/vanilla/directory/default/1000.xml,4,password,$${default_password},https://github.com/signalwire/freeswitch/blob/ef32e205295e29f034f1453ad245ba5efb07b94a/conf/vanilla/directory/default/1000.xml#L4
conf/vanilla/directory/default/1000.xml,5,vm-password,1000,https://github.com/signalwire/freeswitch/blob/ef32e205295e29f034f1453ad245ba5efb07b94a/conf/vanilla/directory/default/1000.xml#L5
conf/vanilla/directory/default/1001.xml,4,password,$${default_password},https://github.com/signalwire/freeswitch/blob/ef32e205295e29f034f1453ad245ba5efb07b94a/conf/vanilla/directory/default/1001.xml#L4
conf/vanilla/directory/default/1001.xml,5,vm-password,1001,https://github.com/signalwire/freeswitch/blob/ef32e205295e29f034f1453ad245ba5efb07b94a/conf/vanilla/directory/default/1001.xml#L5
conf/vanilla/directory/default/1002.xml,4,password,$${default_password},https://github.com/signalwire/freeswitch/blob/ef32e205295e29f034f1453ad245ba5efb07b94a/conf/vanilla/directory/default/1002.xml#L4
conf/vanilla/directory/default/1002.xml,5,vm-password,1002,https://github.com/signalwire/freeswitch/blob/ef32e205295e29f034f1453ad245ba5efb07b94a/conf/vanilla/directory/default/1002.xml#L5
conf/vanilla/directory/default/1003.xml,4,password,$${default_password},https://github.com/signalwire/freeswitch/blob/ef32e205295e29f034f1453ad245ba5efb07b94a/conf/vanilla/directory/default/1003.xml#L4
conf/vanilla/directory/default/1003.xml,5,vm-password,1003,https://github.com/signalwire/freeswitch/blob/ef32e205295e29f034f1453ad245ba5efb07b94a/conf/vanilla/directory/default/1003.xml#L5
conf/vanilla/directory/default/1004.xml,4,password,$${default_password},https://github.com/signalwire/freeswitch/blob/ef32e205295e29f034f1453ad245ba5efb07b94a/conf/vanilla/directory/default/1004.xml#L4
conf/vanilla/directory/default/1004.xml,5,vm-password,1004,https://github.com/signalwire/freeswitch/blob/ef32e205295e29f034f1453ad245ba5efb07b94a/conf/vanilla/directory/default/1004.xml#L5
conf/vanilla/directory/default/1005.xml,4,password,$${default_password},https://github.com/signalwire/freeswitch/blob/ef32e205295e29f034f1453ad245ba5efb07b94a/conf/vanilla/directory/default/1005.xml#L4
conf/vanilla/directory/default/1005.xml,5,vm-password,1005,https://github.com/signalwire/freeswitch/blob/ef32e205295e29f034f1453ad245ba5efb07b94a/conf/vanilla/directory/default/1005.xml#L5
conf/vanilla/directory/default/1006.xml,4,password,$${default_password},https://github.com/signalwire/freeswitch/blob/ef32e205295e29f034f1453ad245ba5efb07b94a/conf/vanilla/directory/default/1006.xml#L4
conf/vanilla/directory/default/1006.xml,5,vm-password,1006,https://github.com/signalwire/freeswitch/blob/ef32e205295e29f034f1453ad245ba5efb07b94a/conf/vanilla/directory/default/1006.xml#L5
conf/vanilla/directory/default/1007.xml,4,password,$${default_password},https://github.com/signalwire/freeswitch/blob/ef32e205295e29f034f1453ad245ba5efb07b94a/conf/vanilla/directory/default/1007.xml#L4
conf/vanilla/directory/default/1007.xml,5,vm-password,1007,https://github.com/signalwire/freeswitch/blob/ef32e205295e29f034f1453ad245ba5efb07b94a/conf/vanilla/directory/default/1007.xml#L5
conf/vanilla/directory/default/1008.xml,4,password,$${default_password},https://github.com/signalwire/freeswitch/blob/ef32e205295e29f034f1453ad245ba5efb07b94a/conf/vanilla/directory/default/1008.xml#L4
conf/vanilla/directory/default/1008.xml,5,vm-password,1008,https://github.com/signalwire/freeswitch/blob/ef32e205295e29f034f1453ad245ba5efb07b94a/conf/vanilla/directory/default/1008.xml#L5
conf/vanilla/directory/default/1009.xml,4,password,$${default_password},https://github.com/signalwire/freeswitch/blob/ef32e205295e29f034f1453ad245ba5efb07b94a/conf/vanilla/directory/default/1009.xml#L4
conf/vanilla/directory/default/1009.xml,5,vm-password,1009,https://github.com/signalwire/freeswitch/blob/ef32e205295e29f034f1453ad245ba5efb07b94a/conf/vanilla/directory/default/1009.xml#L5
conf/vanilla/directory/default/1010.xml,4,password,$${default_password},https://github.com/signalwire/freeswitch/blob/ef32e205295e29f034f1453ad245ba5efb07b94a/conf/vanilla/directory/default/1010.xml#L4
conf/vanilla/directory/default/1010.xml,5,vm-password,1010,https://github.com/signalwire/freeswitch/blob/ef32e205295e29f034f1453ad245ba5efb07b94a/conf/vanilla/directory/default/1010.xml#L5
conf/vanilla/directory/default/1011.xml,4,password,$${default_password},https://github.com/signalwire/freeswitch/blob/ef32e205295e29f034f1453ad245ba5efb07b94a/conf/vanilla/directory/default/1011.xml#L4
conf/vanilla/directory/default/1011.xml,5,vm-password,1011,https://github.com/signalwire/freeswitch/blob/ef32e205295e29f034f1453ad245ba5efb07b94a/conf/vanilla/directory/default/1011.xml#L5
conf/vanilla/directory/default/1012.xml,4,password,$${default_password},https://github.com/signalwire/freeswitch/blob/ef32e205295e29f034f1453ad245ba5efb07b94a/conf/vanilla/directory/default/1012.xml#L4
conf/vanilla/directory/default/1012.xml,5,vm-password,1012,https://github.com/signalwire/freeswitch/blob/ef32e205295e29f034f1453ad245ba5efb07b94a/conf/vanilla/directory/default/1012.xml#L5
conf/vanilla/directory/default/1013.xml,4,password,$${default_password},https://github.com/signalwire/freeswitch/blob/ef32e205295e29f034f1453ad245ba5efb07b94a/conf/vanilla/directory/default/1013.xml#L4
conf/vanilla/directory/default/1013.xml,5,vm-password,1013,https://github.com/signalwire/freeswitch/blob/ef32e205295e29f034f1453ad245ba5efb07b94a/conf/vanilla/directory/default/1013.xml#L5
conf/vanilla/directory/default/1014.xml,4,password,$${default_password},https://github.com/signalwire/freeswitch/blob/ef32e205295e29f034f1453ad245ba5efb07b94a/conf/vanilla/directory/default/1014.xml#L4
conf/vanilla/directory/default/1014.xml,5,vm-password,1014,https://github.com/signalwire/freeswitch/blob/ef32e205295e29f034f1453ad245ba5efb07b94a/conf/vanilla/directory/default/1014.xml#L5
conf/vanilla/directory/default/1015.xml,4,password,$${default_password},https://github.com/signalwire/freeswitch/blob/ef32e205295e29f034f1453ad245ba5efb07b94a/conf/vanilla/directory/default/1015.xml#L4
conf/vanilla/directory/default/1015.xml,5,vm-password,1015,https://github.com/signalwire/freeswitch/blob/ef32e205295e29f034f1453ad245ba5efb07b94a/conf/vanilla/directory/default/1015.xml#L5
conf/vanilla/directory/default/1016.xml,4,password,$${default_password},https://github.com/signalwire/freeswitch/blob/ef32e205295e29f034f1453ad245ba5efb07b94a/conf/vanilla/directory/default/1016.xml#L4
conf/vanilla/directory/default/1016.xml,5,vm-password,1016,https://github.com/signalwire/freeswitch/blob/ef32e205295e29f034f1453ad245ba5efb07b94a/conf/vanilla/directory/default/1016.xml#L5
conf/vanilla/directory/default/1017.xml,4,password,$${default_password},https://github.com/signalwire/freeswitch/blob/ef32e205295e29f034f1453ad245ba5efb07b94a/conf/vanilla/directory/default/1017.xml#L4
conf/vanilla/directory/default/1017.xml,5,vm-password,1017,https://github.com/signalwire/freeswitch/blob/ef32e205295e29f034f1453ad245ba5efb07b94a/conf/vanilla/directory/default/1017.xml#L5
conf/vanilla/directory/default/1018.xml,4,password,$${default_password},https://github.com/signalwire/freeswitch/blob/ef32e205295e29f034f1453ad245ba5efb07b94a/conf/vanilla/directory/default/1018.xml#L4
conf/vanilla/directory/default/1018.xml,5,vm-password,1018,https://github.com/signalwire/freeswitch/blob/ef32e205295e29f034f1453ad245ba5efb07b94a/conf/vanilla/directory/default/1018.xml#L5
conf/vanilla/directory/default/1019.xml,4,password,$${default_password},https://github.com/signalwire/freeswitch/blob/ef32e205295e29f034f1453ad245ba5efb07b94a/conf/vanilla/directory/default/1019.xml#L4
conf/vanilla/directory/default/1019.xml,5,vm-password,1019,https://github.com/signalwire/freeswitch/blob/ef32e205295e29f034f1453ad245ba5efb07b94a/conf/vanilla/directory/default/1019.xml#L5
conf/vanilla/directory/default/brian.xml,46,password,$${default_password},https://github.com/signalwire/freeswitch/blob/ef32e205295e29f034f1453ad245ba5efb07b94a/conf/vanilla/directory/default/brian.xml#L46
conf/vanilla/directory/default/brian.xml,47,vm-password,9999,https://github.com/signalwire/freeswitch/blob/ef32e205295e29f034f1453ad245ba5efb07b94a/conf/vanilla/directory/default/brian.xml#L47
conf/vanilla/directory/default/example.com.xml,9,username,$${default_provider_username},https://github.com/signalwire/freeswitch/blob/ef32e205295e29f034f1453ad245ba5efb07b94a/conf/vanilla/directory/default/example.com.xml#L9
conf/vanilla/directory/default/example.com.xml,10,password,$${default_provider_password},https://github.com/signalwire/freeswitch/blob/ef32e205295e29f034f1453ad245ba5efb07b94a/conf/vanilla/directory/default/example.com.xml#L10
conf/vanilla/directory/default/example.com.xml,11,from-user,$${default_provider_username},https://github.com/signalwire/freeswitch/blob/ef32e205295e29f034f1453ad245ba5efb07b94a/conf/vanilla/directory/default/example.com.xml#L11
conf/vanilla/directory/default/example.com.xml,12,from-domain,$${default_provider_from_domain},https://github.com/signalwire/freeswitch/blob/ef32e205295e29f034f1453ad245ba5efb07b94a/conf/vanilla/directory/default/example.com.xml#L12
conf/vanilla/directory/default/example.com.xml,13,expire-seconds,600,https://github.com/signalwire/freeswitch/blob/ef32e205295e29f034f1453ad245ba5efb07b94a/conf/vanilla/directory/default/example.com.xml#L13
conf/vanilla/directory/default/example.com.xml,14,register,$${default_provider_register},https://github.com/signalwire/freeswitch/blob/ef32e205295e29f034f1453ad245ba5efb07b94a/conf/vanilla/directory/default/example.com.xml#L14
conf/vanilla/directory/default/example.com.xml,15,retry-seconds,30,https://github.com/signalwire/freeswitch/blob/ef32e205295e29f034f1453ad245ba5efb07b94a/conf/vanilla/directory/default/example.com.xml#L15
conf/vanilla/directory/default/example.com.xml,16,extension,$${default_provider_contact},https://github.com/signalwire/freeswitch/blob/ef32e205295e29f034f1453ad245ba5efb07b94a/conf/vanilla/directory/default/example.com.xml#L16
conf/vanilla/directory/default/example.com.xml,18,context,public,https://github.com/signalwire/freeswitch/blob/ef32e205295e29f034f1453ad245ba5efb07b94a/conf/vanilla/directory/default/example.com.xml#L18
conf/vanilla/directory/default/example.com.xml,22,password,$${default_provider_password},https://github.com/signalwire/freeswitch/blob/ef32e205295e29f034f1453ad245ba5efb07b94a/conf/vanilla/directory/default/example.com.xml#L22
conf/vanilla/directory/default/skinny-example.xml,8,foo,bar,https://github.com/signalwire/freeswitch/blob/ef32e205295e29f034f1453ad245ba5efb07b94a/conf/vanilla/directory/default/skinny-example.xml#L8
conf/vanilla/sip_profiles/external-ipv6.xml,20,debug,0,https://github.com/signalwire/freeswitch/blob/ef32e205295e29f034f1453ad245ba5efb07b94a/conf/vanilla/sip_profiles/external-ipv6.xml#L20
conf/vanilla/sip_profiles/external-ipv6.xml,23,sip-trace,no,https://github.com/signalwire/freeswitch/blob/ef32e205295e29f034f1453ad245ba5efb07b94a/conf/vanilla/sip_profiles/external-ipv6.xml#L23
conf/vanilla/sip_profiles/external-ipv6.xml,24,sip-capture,no,https://github.com/signalwire/freeswitch/blob/ef32e205295e29f034f1453ad245ba5efb07b94a/conf/vanilla/sip_profiles/external-ipv6.xml#L24
conf/vanilla/sip_profiles/external-ipv6.xml,25,rfc2833-pt,101,https://github.com/signalwire/freeswitch/blob/ef32e205295e29f034f1453ad245ba5efb07b94a/conf/vanilla/sip_profiles/external-ipv6.xml#L25
conf/vanilla/sip_profiles/external-ipv6.xml,28,sip-port,$${external_sip_port},https://github.com/signalwire/freeswitch/blob/ef32e205295e29f034f1453ad245ba5efb07b94a/conf/vanilla/sip_profiles/external-ipv6.xml#L28
conf/vanilla/sip_profiles/external-ipv6.xml,29,dialplan,XML,https://github.com/signalwire/freeswitch/blob/ef32e205295e29f034f1453ad245ba5efb07b94a/conf/vanilla/sip_profiles/external-ipv6.xml#L29
conf/vanilla/sip_profiles/external-ipv6.xml,30,context,public,https://github.com/signalwire/freeswitch/blob/ef32e205295e29f034f1453ad245ba5efb07b94a/conf/vanilla/sip_profiles/external-ipv6.xml#L30
conf/vanilla/sip_profiles/external-ipv6.xml,31,dtmf-duration,2000,https://github.com/signalwire/freeswitch/blob/ef32e205295e29f034f1453ad245ba5efb07b94a/conf/vanilla/sip_profiles/external-ipv6.xml#L31
conf/vanilla/sip_profiles/external-ipv6.xml,32,inbound-codec-prefs,$${global_codec_prefs},https://github.com/signalwire/freeswitch/blob/ef32e205295e29f034f1453ad245ba5efb07b94a/conf/vanilla/sip_profiles/external-ipv6.xml#L32
conf/vanilla/sip_profiles/external-ipv6.xml,33,outbound-codec-prefs,$${outbound_codec_prefs},https://github.com/signalwire/freeswitch/blob/ef32e205295e29f034f1453ad245ba5efb07b94a/conf/vanilla/sip_profiles/external-ipv6.xml#L33
conf/vanilla/sip_profiles/external-ipv6.xml,34,hold-music,$${hold_music},https://github.com/signalwire/freeswitch/blob/ef32e205295e29f034f1453ad245ba5efb07b94a/conf/vanilla/sip_profiles/external-ipv6.xml#L34
conf/vanilla/sip_profiles/external-ipv6.xml,35,rtp-timer-name,soft,https://github.com/signalwire/freeswitch/blob/ef32e205295e29f034f1453ad245ba5efb07b94a/conf/vanilla/sip_profiles/external-ipv6.xml#L35
conf/vanilla/sip_profiles/external-ipv6.xml,39,local-network-acl,localnet.auto,https://github.com/signalwire/freeswitch/blob/ef32e205295e29f034f1453ad245ba5efb07b94a/conf/vanilla/sip_profiles/external-ipv6.xml#L39
conf/vanilla/sip_profiles/external-ipv6.xml,40,manage-presence,false,https://github.com/signalwire/freeswitch/blob/ef32e205295e29f034f1453ad245ba5efb07b94a/conf/vanilla/sip_profiles/external-ipv6.xml#L40
conf/vanilla/sip_profiles/external-ipv6.xml,56,inbound-codec-negotiation,generous,https://github.com/signalwire/freeswitch/blob/ef32e205295e29f034f1453ad245ba5efb07b94a/conf/vanilla/sip_profiles/external-ipv6.xml#L56
conf/vanilla/sip_profiles/external-ipv6.xml,57,nonce-ttl,60,https://github.com/signalwire/freeswitch/blob/ef32e205295e29f034f1453ad245ba5efb07b94a/conf/vanilla/sip_profiles/external-ipv6.xml#L57
conf/vanilla/sip_profiles/external-ipv6.xml,58,auth-calls,false,https://github.com/signalwire/freeswitch/blob/ef32e205295e29f034f1453ad245ba5efb07b94a/conf/vanilla/sip_profiles/external-ipv6.xml#L58
conf/vanilla/sip_profiles/external-ipv6.xml,61,inbound-late-negotiation,true,https://github.com/signalwire/freeswitch/blob/ef32e205295e29f034f1453ad245ba5efb07b94a/conf/vanilla/sip_profiles/external-ipv6.xml#L61
conf/vanilla/sip_profiles/external-ipv6.xml,65,rtp-ip,$${local_ip_v6},https://github.com/signalwire/freeswitch/blob/ef32e205295e29f034f1453ad245ba5efb07b94a/conf/vanilla/sip_profiles/external-ipv6.xml#L65
conf/vanilla/sip_profiles/external-ipv6.xml,66,sip-ip,$${local_ip_v6},https://github.com/signalwire/freeswitch/blob/ef32e205295e29f034f1453ad245ba5efb07b94a/conf/vanilla/sip_profiles/external-ipv6.xml#L66
conf/vanilla/sip_profiles/external-ipv6.xml,70,rtp-timeout-sec,300,https://github.com/signalwire/freeswitch/blob/ef32e205295e29f034f1453ad245ba5efb07b94a/conf/vanilla/sip_profiles/external-ipv6.xml#L70
conf/vanilla/sip_profiles/external-ipv6.xml,71,rtp-hold-timeout-sec,1800,https://github.com/signalwire/freeswitch/blob/ef32e205295e29f034f1453ad245ba5efb07b94a/conf/vanilla/sip_profiles/external-ipv6.xml#L71
conf/vanilla/sip_profiles/external-ipv6.xml,75,tls,$${external_ssl_enable},https://github.com/signalwire/freeswitch/blob/ef32e205295e29f034f1453ad245ba5efb07b94a/conf/vanilla/sip_profiles/external-ipv6.xml#L75
conf/vanilla/sip_profiles/external-ipv6.xml,77,tls-only,false,https://github.com/signalwire/freeswitch/blob/ef32e205295e29f034f1453ad245ba5efb07b94a/conf/vanilla/sip_profiles/external-ipv6.xml#L77
conf/vanilla/sip_profiles/external-ipv6.xml,79,tls-bind-params,transport=tls,https://github.com/signalwire/freeswitch/blob/ef32e205295e29f034f1453ad245ba5efb07b94a/conf/vanilla/sip_profiles/external-ipv6.xml#L79
conf/vanilla/sip_profiles/external-ipv6.xml,81,tls-sip-port,$${external_tls_port},https://github.com/signalwire/freeswitch/blob/ef32e205295e29f034f1453ad245ba5efb07b94a/conf/vanilla/sip_profiles/external-ipv6.xml#L81
conf/vanilla/sip_profiles/external-ipv6.xml,85,tls-passphrase,,https://github.com/signalwire/freeswitch/blob/ef32e205295e29f034f1453ad245ba5efb07b94a/conf/vanilla/sip_profiles/external-ipv6.xml#L85
conf/vanilla/sip_profiles/external-ipv6.xml,87,tls-verify-date,true,https://github.com/signalwire/freeswitch/blob/ef32e205295e29f034f1453ad245ba5efb07b94a/conf/vanilla/sip_profiles/external-ipv6.xml#L87
conf/vanilla/sip_profiles/external-ipv6.xml,90,tls-verify-policy,none,https://github.com/signalwire/freeswitch/blob/ef32e205295e29f034f1453ad245ba5efb07b94a/conf/vanilla/sip_profiles/external-ipv6.xml#L90
conf/vanilla/sip_profiles/external-ipv6.xml,92,tls-verify-depth,2,https://github.com/signalwire/freeswitch/blob/ef32e205295e29f034f1453ad245ba5efb07b94a/conf/vanilla/sip_profiles/external-ipv6.xml#L92
conf/vanilla/sip_profiles/external-ipv6.xml,94,tls-verify-in-subjects,,https://github.com/signalwire/freeswitch/blob/ef32e205295e29f034f1453ad245ba5efb07b94a/conf/vanilla/sip_profiles/external-ipv6.xml#L94
conf/vanilla/sip_profiles/external-ipv6.xml,96,tls-version,$${sip_tls_version},https://github.com/signalwire/freeswitch/blob/ef32e205295e29f034f1453ad245ba5efb07b94a/conf/vanilla/sip_profiles/external-ipv6.xml#L96
conf/vanilla/sip_profiles/external.xml,20,debug,0,https://github.com/signalwire/freeswitch/blob/ef32e205295e29f034f1453ad245ba5efb07b94a/conf/vanilla/sip_profiles/external.xml#L20
conf/vanilla/sip_profiles/external.xml,23,sip-trace,no,https://github.com/signalwire/freeswitch/blob/ef32e205295e29f034f1453ad245ba5efb07b94a/conf/vanilla/sip_profiles/external.xml#L23
conf/vanilla/sip_profiles/external.xml,24,sip-capture,no,https://github.com/signalwire/freeswitch/blob/ef32e205295e29f034f1453ad245ba5efb07b94a/conf/vanilla/sip_profiles/external.xml#L24
conf/vanilla/sip_profiles/external.xml,25,rfc2833-pt,101,https://github.com/signalwire/freeswitch/blob/ef32e205295e29f034f1453ad245ba5efb07b94a/conf/vanilla/sip_profiles/external.xml#L25
conf/vanilla/sip_profiles/external.xml,28,sip-port,$${external_sip_port},https://github.com/signalwire/freeswitch/blob/ef32e205295e29f034f1453ad245ba5efb07b94a/conf/vanilla/sip_profiles/external.xml#L28
conf/vanilla/sip_profiles/external.xml,29,dialplan,XML,https://github.com/signalwire/freeswitch/blob/ef32e205295e29f034f1453ad245ba5efb07b94a/conf/vanilla/sip_profiles/external.xml#L29
conf/vanilla/sip_profiles/external.xml,30,context,public,https://github.com/signalwire/freeswitch/blob/ef32e205295e29f034f1453ad245ba5efb07b94a/conf/vanilla/sip_profiles/external.xml#L30
conf/vanilla/sip_profiles/external.xml,31,dtmf-duration,2000,https://github.com/signalwire/freeswitch/blob/ef32e205295e29f034f1453ad245ba5efb07b94a/conf/vanilla/sip_profiles/external.xml#L31
conf/vanilla/sip_profiles/external.xml,32,inbound-codec-prefs,$${global_codec_prefs},https://github.com/signalwire/freeswitch/blob/ef32e205295e29f034f1453ad245ba5efb07b94a/conf/vanilla/sip_profiles/external.xml#L32
conf/vanilla/sip_profiles/external.xml,33,outbound-codec-prefs,$${outbound_codec_prefs},https://github.com/signalwire/freeswitch/blob/ef32e205295e29f034f1453ad245ba5efb07b94a/conf/vanilla/sip_profiles/external.xml#L33
conf/vanilla/sip_profiles/external.xml,34,hold-music,$${hold_music},https://github.com/signalwire/freeswitch/blob/ef32e205295e29f034f1453ad245ba5efb07b94a/conf/vanilla/sip_profiles/external.xml#L34
conf/vanilla/sip_profiles/external.xml,35,rtp-timer-name,soft,https://github.com/signalwire/freeswitch/blob/ef32e205295e29f034f1453ad245ba5efb07b94a/conf/vanilla/sip_profiles/external.xml#L35
conf/vanilla/sip_profiles/external.xml,39,local-network-acl,localnet.auto,https://github.com/signalwire/freeswitch/blob/ef32e205295e29f034f1453ad245ba5efb07b94a/conf/vanilla/sip_profiles/external.xml#L39
conf/vanilla/sip_profiles/external.xml,40,manage-presence,false,https://github.com/signalwire/freeswitch/blob/ef32e205295e29f034f1453ad245ba5efb07b94a/conf/vanilla/sip_profiles/external.xml#L40
conf/vanilla/sip_profiles/external.xml,56,inbound-codec-negotiation,generous,https://github.com/signalwire/freeswitch/blob/ef32e205295e29f034f1453ad245ba5efb07b94a/conf/vanilla/sip_profiles/external.xml#L56
conf/vanilla/sip_profiles/external.xml,57,nonce-ttl,60,https://github.com/signalwire/freeswitch/blob/ef32e205295e29f034f1453ad245ba5efb07b94a/conf/vanilla/sip_profiles/external.xml#L57
conf/vanilla/sip_profiles/external.xml,58,auth-calls,false,https://github.com/signalwire/freeswitch/blob/ef32e205295e29f034f1453ad245ba5efb07b94a/conf/vanilla/sip_profiles/external.xml#L58
conf/vanilla/sip_profiles/external.xml,61,inbound-late-negotiation,true,https://github.com/signalwire/freeswitch/blob/ef32e205295e29f034f1453ad245ba5efb07b94a/conf/vanilla/sip_profiles/external.xml#L61
conf/vanilla/sip_profiles/external.xml,65,rtp-ip,$${local_ip_v4},https://github.com/signalwire/freeswitch/blob/ef32e205295e29f034f1453ad245ba5efb07b94a/conf/vanilla/sip_profiles/external.xml#L65
conf/vanilla/sip_profiles/external.xml,66,sip-ip,$${local_ip_v4},https://github.com/signalwire/freeswitch/blob/ef32e205295e29f034f1453ad245ba5efb07b94a/conf/vanilla/sip_profiles/external.xml#L66
conf/vanilla/sip_profiles/external.xml,67,ext-rtp-ip,$${external_rtp_ip},https://github.com/signalwire/freeswitch/blob/ef32e205295e29f034f1453ad245ba5efb07b94a/conf/vanilla/sip_profiles/external.xml#L67
conf/vanilla/sip_profiles/external.xml,68,ext-sip-ip,$${external_sip_ip},https://github.com/signalwire/freeswitch/blob/ef32e205295e29f034f1453ad245ba5efb07b94a/conf/vanilla/sip_profiles/external.xml#L68
conf/vanilla/sip_profiles/external.xml,69,rtp-timeout-sec,300,https://github.com/signalwire/freeswitch/blob/ef32e205295e29f034f1453ad245ba5efb07b94a/conf/vanilla/sip_profiles/external.xml#L69
conf/vanilla/sip_profiles/external.xml,70,rtp-hold-timeout-sec,1800,https://github.com/signalwire/freeswitch/blob/ef32e205295e29f034f1453ad245ba5efb07b94a/conf/vanilla/sip_profiles/external.xml#L70
conf/vanilla/sip_profiles/external.xml,74,tls,$${external_ssl_enable},https://github.com/signalwire/freeswitch/blob/ef32e205295e29f034f1453ad245ba5efb07b94a/conf/vanilla/sip_profiles/external.xml#L74
conf/vanilla/sip_profiles/external.xml,76,tls-only,false,https://github.com/signalwire/freeswitch/blob/ef32e205295e29f034f1453ad245ba5efb07b94a/conf/vanilla/sip_profiles/external.xml#L76
conf/vanilla/sip_profiles/external.xml,78,tls-bind-params,transport=tls,https://github.com/signalwire/freeswitch/blob/ef32e205295e29f034f1453ad245ba5efb07b94a/conf/vanilla/sip_profiles/external.xml#L78
conf/vanilla/sip_profiles/external.xml,80,tls-sip-port,$${external_tls_port},https://github.com/signalwire/freeswitch/blob/ef32e205295e29f034f1453ad245ba5efb07b94a/conf/vanilla/sip_profiles/external.xml#L80
conf/vanilla/sip_profiles/external.xml,84,tls-passphrase,,https://github.com/signalwire/freeswitch/blob/ef32e205295e29f034f1453ad245ba5efb07b94a/conf/vanilla/sip_profiles/external.xml#L84
conf/vanilla/sip_profiles/external.xml,86,tls-verify-date,true,https://github.com/signalwire/freeswitch/blob/ef32e205295e29f034f1453ad245ba5efb07b94a/conf/vanilla/sip_profiles/external.xml#L86
conf/vanilla/sip_profiles/external.xml,89,tls-verify-policy,none,https://github.com/signalwire/freeswitch/blob/ef32e205295e29f034f1453ad245ba5efb07b94a/conf/vanilla/sip_profiles/external.xml#L89
conf/vanilla/sip_profiles/external.xml,91,tls-verify-depth,2,https://github.com/signalwire/freeswitch/blob/ef32e205295e29f034f1453ad245ba5efb07b94a/conf/vanilla/sip_profiles/external.xml#L91
conf/vanilla/sip_profiles/external.xml,93,tls-verify-in-subjects,,https://github.com/signalwire/freeswitch/blob/ef32e205295e29f034f1453ad245ba5efb07b94a/conf/vanilla/sip_profiles/external.xml#L93
conf/vanilla/sip_profiles/external.xml,95,tls-version,$${sip_tls_version},https://github.com/signalwire/freeswitch/blob/ef32e205295e29f034f1453ad245ba5efb07b94a/conf/vanilla/sip_profiles/external.xml#L95
conf/vanilla/sip_profiles/external.xml,97,tls-ciphers,$${sip_tls_ciphers},https://github.com/signalwire/freeswitch/blob/ef32e205295e29f034f1453ad245ba5efb07b94a/conf/vanilla/sip_profiles/external.xml#L97
conf/vanilla/sip_profiles/internal-ipv6.xml,10,debug,0,https://github.com/signalwire/freeswitch/blob/ef32e205295e29f034f1453ad245ba5efb07b94a/conf/vanilla/sip_profiles/internal-ipv6.xml#L10
conf/vanilla/sip_profiles/internal-ipv6.xml,11,sip-trace,no,https://github.com/signalwire/freeswitch/blob/ef32e205295e29f034f1453ad245ba5efb07b94a/conf/vanilla/sip_profiles/internal-ipv6.xml#L11
conf/vanilla/sip_profiles/internal-ipv6.xml,12,context,public,https://github.com/signalwire/freeswitch/blob/ef32e205295e29f034f1453ad245ba5efb07b94a/conf/vanilla/sip_profiles/internal-ipv6.xml#L12
conf/vanilla/sip_profiles/internal-ipv6.xml,13,rfc2833-pt,101,https://github.com/signalwire/freeswitch/blob/ef32e205295e29f034f1453ad245ba5efb07b94a/conf/vanilla/sip_profiles/internal-ipv6.xml#L13
conf/vanilla/sip_profiles/internal-ipv6.xml,15,sip-port,$${internal_sip_port},https://github.com/signalwire/freeswitch/blob/ef32e205295e29f034f1453ad245ba5efb07b94a/conf/vanilla/sip_profiles/internal-ipv6.xml#L15
conf/vanilla/sip_profiles/internal-ipv6.xml,16,dialplan,XML,https://github.com/signalwire/freeswitch/blob/ef32e205295e29f034f1453ad245ba5efb07b94a/conf/vanilla/sip_profiles/internal-ipv6.xml#L16
conf/vanilla/sip_profiles/internal-ipv6.xml,17,dtmf-duration,2000,https://github.com/signalwire/freeswitch/blob/ef32e205295e29f034f1453ad245ba5efb07b94a/conf/vanilla/sip_profiles/internal-ipv6.xml#L17
conf/vanilla/sip_profiles/internal-ipv6.xml,18,inbound-codec-prefs,$${global_codec_prefs},https://github.com/signalwire/freeswitch/blob/ef32e205295e29f034f1453ad245ba5efb07b94a/conf/vanilla/sip_profiles/internal-ipv6.xml#L18
conf/vanilla/sip_profiles/internal-ipv6.xml,19,outbound-codec-prefs,$${global_codec_prefs},https://github.com/signalwire/freeswitch/blob/ef32e205295e29f034f1453ad245ba5efb07b94a/conf/vanilla/sip_profiles/internal-ipv6.xml#L19
conf/vanilla/sip_profiles/internal-ipv6.xml,20,use-rtp-timer,true,https://github.com/signalwire/freeswitch/blob/ef32e205295e29f034f1453ad245ba5efb07b94a/conf/vanilla/sip_profiles/internal-ipv6.xml#L20
conf/vanilla/sip_profiles/internal-ipv6.xml,21,rtp-timer-name,soft,https://github.com/signalwire/freeswitch/blob/ef32e205295e29f034f1453ad245ba5efb07b94a/conf/vanilla/sip_profiles/internal-ipv6.xml#L21
conf/vanilla/sip_profiles/internal-ipv6.xml,23,rtp-ip,$${local_ip_v6},https://github.com/signalwire/freeswitch/blob/ef32e205295e29f034f1453ad245ba5efb07b94a/conf/vanilla/sip_profiles/internal-ipv6.xml#L23
conf/vanilla/sip_profiles/internal-ipv6.xml,25,sip-ip,$${local_ip_v6},https://github.com/signalwire/freeswitch/blob/ef32e205295e29f034f1453ad245ba5efb07b94a/conf/vanilla/sip_profiles/internal-ipv6.xml#L25
conf/vanilla/sip_profiles/internal-ipv6.xml,26,hold-music,$${hold_music},https://github.com/signalwire/freeswitch/blob/ef32e205295e29f034f1453ad245ba5efb07b94a/conf/vanilla/sip_profiles/internal-ipv6.xml#L26
conf/vanilla/sip_profiles/internal-ipv6.xml,29,apply-inbound-acl,domains,https://github.com/signalwire/freeswitch/blob/ef32e205295e29f034f1453ad245ba5efb07b94a/conf/vanilla/sip_profiles/internal-ipv6.xml#L29
conf/vanilla/sip_profiles/internal-ipv6.xml,32,record-template,$${recordings_dir}/${caller_id_number}.${strftime(%Y-%m-%d-%H-%M-%S)}.wav,https://github.com/signalwire/freeswitch/blob/ef32e205295e29f034f1453ad245ba5efb07b94a/conf/vanilla/sip_profiles/internal-ipv6.xml#L32
conf/vanilla/sip_profiles/internal-ipv6.xml,34,manage-presence,true,https://github.com/signalwire/freeswitch/blob/ef32e205295e29f034f1453ad245ba5efb07b94a/conf/vanilla/sip_profiles/internal-ipv6.xml#L34
conf/vanilla/sip_profiles/internal-ipv6.xml,45,inbound-codec-negotiation,generous,https://github.com/signalwire/freeswitch/blob/ef32e205295e29f034f1453ad245ba5efb07b94a/conf/vanilla/sip_profiles/internal-ipv6.xml#L45
conf/vanilla/sip_profiles/internal-ipv6.xml,51,tls,$${internal_ssl_enable},https://github.com/signalwire/freeswitch/blob/ef32e205295e29f034f1453ad245ba5efb07b94a/conf/vanilla/sip_profiles/internal-ipv6.xml#L51
conf/vanilla/sip_profiles/internal-ipv6.xml,53,tls-bind-params,transport=tls,https://github.com/signalwire/freeswitch/blob/ef32e205295e29f034f1453ad245ba5efb07b94a/conf/vanilla/sip_profiles/internal-ipv6.xml#L53
conf/vanilla/sip_profiles/internal-ipv6.xml,55,tls-sip-port,$${internal_tls_port},https://github.com/signalwire/freeswitch/blob/ef32e205295e29f034f1453ad245ba5efb07b94a/conf/vanilla/sip_profiles/internal-ipv6.xml#L55
conf/vanilla/sip_profiles/internal-ipv6.xml,57,tls-cert-dir,$${internal_ssl_dir},https://github.com/signalwire/freeswitch/blob/ef32e205295e29f034f1453ad245ba5efb07b94a/conf/vanilla/sip_profiles/internal-ipv6.xml#L57
conf/vanilla/sip_profiles/internal-ipv6.xml,59,tls-version,$${sip_tls_version},https://github.com/signalwire/freeswitch/blob/ef32e205295e29f034f1453ad245ba5efb07b94a/conf/vanilla/sip_profiles/internal-ipv6.xml#L59
conf/vanilla/sip_profiles/internal-ipv6.xml,74,inbound-late-negotiation,true,https://github.com/signalwire/freeswitch/blob/ef32e205295e29f034f1453ad245ba5efb07b94a/conf/vanilla/sip_profiles/internal-ipv6.xml#L74
conf/vanilla/sip_profiles/internal-ipv6.xml,87,nonce-ttl,60,https://github.com/signalwire/freeswitch/blob/ef32e205295e29f034f1453ad245ba5efb07b94a/conf/vanilla/sip_profiles/internal-ipv6.xml#L87
conf/vanilla/sip_profiles/internal-ipv6.xml,95,auth-calls,$${internal_auth_calls},https://github.com/signalwire/freeswitch/blob/ef32e205295e29f034f1453ad245ba5efb07b94a/conf/vanilla/sip_profiles/internal-ipv6.xml#L95
conf/vanilla/sip_profiles/internal-ipv6.xml,99,auth-all-packets,false,https://github.com/signalwire/freeswitch/blob/ef32e205295e29f034f1453ad245ba5efb07b94a/conf/vanilla/sip_profiles/internal-ipv6.xml#L99
conf/vanilla/sip_profiles/internal-ipv6.xml,104,rtp-timeout-sec,300,https://github.com/signalwire/freeswitch/blob/ef32e205295e29f034f1453ad245ba5efb07b94a/conf/vanilla/sip_profiles/internal-ipv6.xml#L104
conf/vanilla/sip_profiles/internal-ipv6.xml,105,rtp-hold-timeout-sec,1800,https://github.com/signalwire/freeswitch/blob/ef32e205295e29f034f1453ad245ba5efb07b94a/conf/vanilla/sip_profiles/internal-ipv6.xml#L105
conf/vanilla/sip_profiles/internal-ipv6.xml,117,force-register-domain,$${domain},https://github.com/signalwire/freeswitch/blob/ef32e205295e29f034f1453ad245ba5efb07b94a/conf/vanilla/sip_profiles/internal-ipv6.xml#L117
conf/vanilla/sip_profiles/internal-ipv6.xml,119,force-register-db-domain,$${domain},https://github.com/signalwire/freeswitch/blob/ef32e205295e29f034f1453ad245ba5efb07b94a/conf/vanilla/sip_profiles/internal-ipv6.xml#L119
conf/vanilla/sip_profiles/internal.xml,49,debug,0,https://github.com/signalwire/freeswitch/blob/ef32e205295e29f034f1453ad245ba5efb07b94a/conf/vanilla/sip_profiles/internal.xml#L49
conf/vanilla/sip_profiles/internal.xml,52,sip-trace,no,https://github.com/signalwire/freeswitch/blob/ef32e205295e29f034f1453ad245ba5efb07b94a/conf/vanilla/sip_profiles/internal.xml#L52
conf/vanilla/sip_profiles/internal.xml,53,sip-capture,no,https://github.com/signalwire/freeswitch/blob/ef32e205295e29f034f1453ad245ba5efb07b94a/conf/vanilla/sip_profiles/internal.xml#L53
conf/vanilla/sip_profiles/internal.xml,80,watchdog-enabled,no,https://github.com/signalwire/freeswitch/blob/ef32e205295e29f034f1453ad245ba5efb07b94a/conf/vanilla/sip_profiles/internal.xml#L80
conf/vanilla/sip_profiles/internal.xml,81,watchdog-step-timeout,30000,https://github.com/signalwire/freeswitch/blob/ef32e205295e29f034f1453ad245ba5efb07b94a/conf/vanilla/sip_profiles/internal.xml#L81
conf/vanilla/sip_profiles/internal.xml,82,watchdog-event-timeout,30000,https://github.com/signalwire/freeswitch/blob/ef32e205295e29f034f1453ad245ba5efb07b94a/conf/vanilla/sip_profiles/internal.xml#L82
conf/vanilla/sip_profiles/internal.xml,84,log-auth-failures,false,https://github.com/signalwire/freeswitch/blob/ef32e205295e29f034f1453ad245ba5efb07b94a/conf/vanilla/sip_profiles/internal.xml#L84
conf/vanilla/sip_profiles/internal.xml,85,forward-unsolicited-mwi-notify,false,https://github.com/signalwire/freeswitch/blob/ef32e205295e29f034f1453ad245ba5efb07b94a/conf/vanilla/sip_profiles/internal.xml#L85
conf/vanilla/sip_profiles/internal.xml,87,context,public,https://github.com/signalwire/freeswitch/blob/ef32e205295e29f034f1453ad245ba5efb07b94a/conf/vanilla/sip_profiles/internal.xml#L87
conf/vanilla/sip_profiles/internal.xml,88,rfc2833-pt,101,https://github.com/signalwire/freeswitch/blob/ef32e205295e29f034f1453ad245ba5efb07b94a/conf/vanilla/sip_profiles/internal.xml#L88
conf/vanilla/sip_profiles/internal.xml,90,sip-port,$${internal_sip_port},https://github.com/signalwire/freeswitch/blob/ef32e205295e29f034f1453ad245ba5efb07b94a/conf/vanilla/sip_profiles/internal.xml#L90
conf/vanilla/sip_profiles/internal.xml,91,dialplan,XML,https://github.com/signalwire/freeswitch/blob/ef32e205295e29f034f1453ad245ba5efb07b94a/conf/vanilla/sip_profiles/internal.xml#L91
conf/vanilla/sip_profiles/internal.xml,92,dtmf-duration,2000,https://github.com/signalwire/freeswitch/blob/ef32e205295e29f034f1453ad245ba5efb07b94a/conf/vanilla/sip_profiles/internal.xml#L92
conf/vanilla/sip_profiles/internal.xml,93,inbound-codec-prefs,$${global_codec_prefs},https://github.com/signalwire/freeswitch/blob/ef32e205295e29f034f1453ad245ba5efb07b94a/conf/vanilla/sip_profiles/internal.xml#L93
conf/vanilla/sip_profiles/internal.xml,94,outbound-codec-prefs,$${global_codec_prefs},https://github.com/signalwire/freeswitch/blob/ef32e205295e29f034f1453ad245ba5efb07b94a/conf/vanilla/sip_profiles/internal.xml#L94
conf/vanilla/sip_profiles/internal.xml,95,rtp-timer-name,soft,https://github.com/signalwire/freeswitch/blob/ef32e205295e29f034f1453ad245ba5efb07b94a/conf/vanilla/sip_profiles/internal.xml#L95
conf/vanilla/sip_profiles/internal.xml,97,rtp-ip,$${local_ip_v4},https://github.com/signalwire/freeswitch/blob/ef32e205295e29f034f1453ad245ba5efb07b94a/conf/vanilla/sip_profiles/internal.xml#L97
conf/vanilla/sip_profiles/internal.xml,99,sip-ip,$${local_ip_v4},https://github.com/signalwire/freeswitch/blob/ef32e205295e29f034f1453ad245ba5efb07b94a/conf/vanilla/sip_profiles/internal.xml#L99
conf/vanilla/sip_profiles/internal.xml,100,hold-music,$${hold_music},https://github.com/signalwire/freeswitch/blob/ef32e205295e29f034f1453ad245ba5efb07b94a/conf/vanilla/sip_profiles/internal.xml#L100
conf/vanilla/sip_profiles/internal.xml,101,apply-nat-acl,nat.auto,https://github.com/signalwire/freeswitch/blob/ef32e205295e29f034f1453ad245ba5efb07b94a/conf/vanilla/sip_profiles/internal.xml#L101
conf/vanilla/sip_profiles/internal.xml,131,apply-inbound-acl,domains,https://github.com/signalwire/freeswitch/blob/ef32e205295e29f034f1453ad245ba5efb07b94a/conf/vanilla/sip_profiles/internal.xml#L131
conf/vanilla/sip_profiles/internal.xml,136,local-network-acl,localnet.auto,https://github.com/signalwire/freeswitch/blob/ef32e205295e29f034f1453ad245ba5efb07b94a/conf/vanilla/sip_profiles/internal.xml#L136
conf/vanilla/sip_profiles/internal.xml,160,record-path,$${recordings_dir},https://github.com/signalwire/freeswitch/blob/ef32e205295e29f034f1453ad245ba5efb07b94a/conf/vanilla/sip_profiles/internal.xml#L160
conf/vanilla/sip_profiles/internal.xml,161,record-template,${caller_id_number}.${target_domain}.${strftime(%Y-%m-%d-%H-%M-%S)}.wav,https://github.com/signalwire/freeswitch/blob/ef32e205295e29f034f1453ad245ba5efb07b94a/conf/vanilla/sip_profiles/internal.xml#L161
conf/vanilla/sip_profiles/internal.xml,163,manage-presence,true,https://github.com/signalwire/freeswitch/blob/ef32e205295e29f034f1453ad245ba5efb07b94a/conf/vanilla/sip_profiles/internal.xml#L163
conf/vanilla/sip_profiles/internal.xml,170,presence-hosts,"$${domain},$${local_ip_v4}",https://github.com/signalwire/freeswitch/blob/ef32e205295e29f034f1453ad245ba5efb07b94a/conf/vanilla/sip_profiles/internal.xml#L170
conf/vanilla/sip_profiles/internal.xml,171,presence-privacy,$${presence_privacy},https://github.com/signalwire/freeswitch/blob/ef32e205295e29f034f1453ad245ba5efb07b94a/conf/vanilla/sip_profiles/internal.xml#L171
conf/vanilla/sip_profiles/internal.xml,185,inbound-codec-negotiation,generous,https://github.com/signalwire/freeswitch/blob/ef32e205295e29f034f1453ad245ba5efb07b94a/conf/vanilla/sip_profiles/internal.xml#L185
conf/vanilla/sip_profiles/internal.xml,198,tls,$${internal_ssl_enable},https://github.com/signalwire/freeswitch/blob/ef32e205295e29f034f1453ad245ba5efb07b94a/conf/vanilla/sip_profiles/internal.xml#L198
conf/vanilla/sip_profiles/internal.xml,200,tls-only,false,https://github.com/signalwire/freeswitch/blob/ef32e205295e29f034f1453ad245ba5efb07b94a/conf/vanilla/sip_profiles/internal.xml#L200
conf/vanilla/sip_profiles/internal.xml,202,tls-bind-params,transport=tls,https://github.com/signalwire/freeswitch/blob/ef32e205295e29f034f1453ad245ba5efb07b94a/conf/vanilla/sip_profiles/internal.xml#L202
conf/vanilla/sip_profiles/internal.xml,204,tls-sip-port,$${internal_tls_port},https://github.com/signalwire/freeswitch/blob/ef32e205295e29f034f1453ad245ba5efb07b94a/conf/vanilla/sip_profiles/internal.xml#L204
conf/vanilla/sip_profiles/internal.xml,208,tls-passphrase,,https://github.com/signalwire/freeswitch/blob/ef32e205295e29f034f1453ad245ba5efb07b94a/conf/vanilla/sip_profiles/internal.xml#L208
conf/vanilla/sip_profiles/internal.xml,210,tls-verify-date,true,https://github.com/signalwire/freeswitch/blob/ef32e205295e29f034f1453ad245ba5efb07b94a/conf/vanilla/sip_profiles/internal.xml#L210
conf/vanilla/sip_profiles/internal.xml,213,tls-verify-policy,none,https://github.com/signalwire/freeswitch/blob/ef32e205295e29f034f1453ad245ba5efb07b94a/conf/vanilla/sip_profiles/internal.xml#L213
conf/vanilla/sip_profiles/internal.xml,215,tls-verify-depth,2,https://github.com/signalwire/freeswitch/blob/ef32e205295e29f034f1453ad245ba5efb07b94a/conf/vanilla/sip_profiles/internal.xml#L215
conf/vanilla/sip_profiles/internal.xml,217,tls-verify-in-subjects,,https://github.com/signalwire/freeswitch/blob/ef32e205295e29f034f1453ad245ba5efb07b94a/conf/vanilla/sip_profiles/internal.xml#L217
conf/vanilla/sip_profiles/internal.xml,219,tls-version,$${sip_tls_version},https://github.com/signalwire/freeswitch/blob/ef32e205295e29f034f1453ad245ba5efb07b94a/conf/vanilla/sip_profiles/internal.xml#L219
conf/vanilla/sip_profiles/internal.xml,222,tls-ciphers,$${sip_tls_ciphers},https://github.com/signalwire/freeswitch/blob/ef32e205295e29f034f1453ad245ba5efb07b94a/conf/vanilla/sip_profiles/internal.xml#L222
conf/vanilla/sip_profiles/internal.xml,255,inbound-late-negotiation,true,https://github.com/signalwire/freeswitch/blob/ef32e205295e29f034f1453ad245ba5efb07b94a/conf/vanilla/sip_profiles/internal.xml#L255
conf/vanilla/sip_profiles/internal.xml,268,nonce-ttl,60,https://github.com/signalwire/freeswitch/blob/ef32e205295e29f034f1453ad245ba5efb07b94a/conf/vanilla/sip_profiles/internal.xml#L268
conf/vanilla/sip_profiles/internal.xml,282,auth-calls,$${internal_auth_calls},https://github.com/signalwire/freeswitch/blob/ef32e205295e29f034f1453ad245ba5efb07b94a/conf/vanilla/sip_profiles/internal.xml#L282
conf/vanilla/sip_profiles/internal.xml,284,auth-subscriptions,true,https://github.com/signalwire/freeswitch/blob/ef32e205295e29f034f1453ad245ba5efb07b94a/conf/vanilla/sip_profiles/internal.xml#L284
conf/vanilla/sip_profiles/internal.xml,286,inbound-reg-force-matching-username,true,https://github.com/signalwire/freeswitch/blob/ef32e205295e29f034f1453ad245ba5efb07b94a/conf/vanilla/sip_profiles/internal.xml#L286
conf/vanilla/sip_profiles/internal.xml,288,auth-all-packets,false,https://github.com/signalwire/freeswitch/blob/ef32e205295e29f034f1453ad245ba5efb07b94a/conf/vanilla/sip_profiles/internal.xml#L288
conf/vanilla/sip_profiles/internal.xml,299,ext-rtp-ip,$${external_rtp_ip},https://github.com/signalwire/freeswitch/blob/ef32e205295e29f034f1453ad245ba5efb07b94a/conf/vanilla/sip_profiles/internal.xml#L299
conf/vanilla/sip_profiles/internal.xml,300,ext-sip-ip,$${external_sip_ip},https://github.com/signalwire/freeswitch/blob/ef32e205295e29f034f1453ad245ba5efb07b94a/conf/vanilla/sip_profiles/internal.xml#L300
conf/vanilla/sip_profiles/internal.xml,303,rtp-timeout-sec,300,https://github.com/signalwire/freeswitch/blob/ef32e205295e29f034f1453ad245ba5efb07b94a/conf/vanilla/sip_profiles/internal.xml#L303
conf/vanilla/sip_profiles/internal.xml,304,rtp-hold-timeout-sec,1800,https://github.com/signalwire/freeswitch/blob/ef32e205295e29f034f1453ad245ba5efb07b94a/conf/vanilla/sip_profiles/internal.xml#L304
conf/vanilla/sip_profiles/internal.xml,316,force-register-domain,$${domain},https://github.com/signalwire/freeswitch/blob/ef32e205295e29f034f1453ad245ba5efb07b94a/conf/vanilla/sip_profiles/internal.xml#L316
conf/vanilla/sip_profiles/internal.xml,318,force-subscription-domain,$${domain},https://github.com/signalwire/freeswitch/blob/ef32e205295e29f034f1453ad245ba5efb07b94a/conf/vanilla/sip_profiles/internal.xml#L318
conf/vanilla/sip_profiles/internal.xml,320,force-register-db-domain,$${domain},https://github.com/signalwire/freeswitch/blob/ef32e205295e29f034f1453ad245ba5efb07b94a/conf/vanilla/sip_profiles/internal.xml#L320
conf/vanilla/sip_profiles/internal.xml,324,ws-binding,:5066,https://github.com/signalwire/freeswitch/blob/ef32e205295e29f034f1453ad245ba5efb07b94a/conf/vanilla/sip_profiles/internal.xml#L324
conf/vanilla/sip_profiles/internal.xml,328,wss-binding,:7443,https://github.com/signalwire/freeswitch/blob/ef32e205295e29f034f1453ad245ba5efb07b94a/conf/vanilla/sip_profiles/internal.xml#L328
conf/vanilla/sip_profiles/internal.xml,371,challenge-realm,auto_from,https://github.com/signalwire/freeswitch/blob/ef32e205295e29f034f1453ad245ba5efb07b94a/conf/vanilla/sip_profiles/internal.xml#L371
conf/vanilla/skinny_profiles/internal.xml,3,domain,$${domain},https://github.com/signalwire/freeswitch/blob/ef32e205295e29f034f1453ad245ba5efb07b94a/conf/vanilla/skinny_profiles/internal.xml#L3
conf/vanilla/skinny_profiles/internal.xml,4,ip,$${local_ip_v4},https://github.com/signalwire/freeswitch/blob/ef32e205295e29f034f1453ad245ba5efb07b94a/conf/vanilla/skinny_profiles/internal.xml#L4
conf/vanilla/skinny_profiles/internal.xml,5,port,2000,https://github.com/signalwire/freeswitch/blob/ef32e205295e29f034f1453ad245ba5efb07b94a/conf/vanilla/skinny_profiles/internal.xml#L5
conf/vanilla/skinny_profiles/internal.xml,6,patterns-dialplan,XML,https://github.com/signalwire/freeswitch/blob/ef32e205295e29f034f1453ad245ba5efb07b94a/conf/vanilla/skinny_profiles/internal.xml#L6
conf/vanilla/skinny_profiles/internal.xml,7,patterns-context,skinny-patterns,https://github.com/signalwire/freeswitch/blob/ef32e205295e29f034f1453ad245ba5efb07b94a/conf/vanilla/skinny_profiles/internal.xml#L7
conf/vanilla/skinny_profiles/internal.xml,8,dialplan,XML,https://github.com/signalwire/freeswitch/blob/ef32e205295e29f034f1453ad245ba5efb07b94a/conf/vanilla/skinny_profiles/internal.xml#L8
conf/vanilla/skinny_profiles/internal.xml,9,context,default,https://github.com/signalwire/freeswitch/blob/ef32e205295e29f034f1453ad245ba5efb07b94a/conf/vanilla/skinny_profiles/internal.xml#L9
conf/vanilla/skinny_profiles/internal.xml,10,keep-alive,60,https://github.com/signalwire/freeswitch/blob/ef32e205295e29f034f1453ad245ba5efb07b94a/conf/vanilla/skinny_profiles/internal.xml#L10
conf/vanilla/skinny_profiles/internal.xml,11,date-format,D/M/Y,https://github.com/signalwire/freeswitch/blob/ef32e205295e29f034f1453ad245ba5efb07b94a/conf/vanilla/skinny_profiles/internal.xml#L11
conf/vanilla/skinny_profiles/internal.xml,12,odbc-dsn,,https://github.com/signalwire/freeswitch/blob/ef32e205295e29f034f1453ad245ba5efb07b94a/conf/vanilla/skinny_profiles/internal.xml#L12
conf/vanilla/skinny_profiles/internal.xml,13,debug,4,https://github.com/signalwire/freeswitch/blob/ef32e205295e29f034f1453ad245ba5efb07b94a/conf/vanilla/skinny_profiles/internal.xml#L13
conf/vanilla/skinny_profiles/internal.xml,14,auto-restart,true,https://github.com/signalwire/freeswitch/blob/ef32e205295e29f034f1453ad245ba5efb07b94a/conf/vanilla/skinny_profiles/internal.xml#L14
conf/vanilla/skinny_profiles/internal.xml,17,digit-timeout,10000,https://github.com/signalwire/freeswitch/blob/ef32e205295e29f034f1453ad245ba5efb07b94a/conf/vanilla/skinny_profiles/internal.xml#L17
conf/vanilla/skinny_profiles/internal.xml,36,firmware-version,ATA030101SCCP04,https://github.com/signalwire/freeswitch/blob/ef32e205295e29f034f1453ad245ba5efb07b94a/conf/vanilla/skinny_profiles/internal.xml#L36
