id,kind,module,name,syntax,syntax_expression,handler,flags_expression,resolution,behavior_contract,runtime_status,source_url
api:mod_av:av:237,api,mod_av,av,debug [on|off] | show <formats | codecs>,AV_USAGE,av_function,,literal,not_captured,not_verified,https://github.com/signalwire/freeswitch/blob/ef32e205295e29f034f1453ad245ba5efb07b94a/src/mod/applications/mod_av/mod_av.c#L237
app:mod_avmd:avmd_start:1199,app,mod_avmd,avmd_start,,"""""",avmd_start_app,SAF_NONE,literal,not_captured,not_verified,https://github.com/signalwire/freeswitch/blob/ef32e205295e29f034f1453ad245ba5efb07b94a/src/mod/applications/mod_avmd/mod_avmd.c#L1199
app:mod_avmd:avmd_stop:1200,app,mod_avmd,avmd_stop,,"""""",avmd_stop_app,SAF_NONE,literal,not_captured,not_verified,https://github.com/signalwire/freeswitch/blob/ef32e205295e29f034f1453ad245ba5efb07b94a/src/mod/applications/mod_avmd/mod_avmd.c#L1200
app:mod_avmd:avmd:1201,app,mod_avmd,avmd,<uuid> < start | stop | set [inbound|outbound|default] | load [inbound|outbound] | reload | show >,AVMD_SYNTAX,avmd_start_function,SAF_NONE,literal,not_captured,not_verified,https://github.com/signalwire/freeswitch/blob/ef32e205295e29f034f1453ad245ba5efb07b94a/src/mod/applications/mod_avmd/mod_avmd.c#L1201
api:mod_avmd:avmd:1203,api,mod_avmd,avmd,<uuid> < start | stop | set [inbound|outbound|default] | load [inbound|outbound] | reload | show >,AVMD_SYNTAX,avmd_api_main,,literal,not_captured,not_verified,https://github.com/signalwire/freeswitch/blob/ef32e205295e29f034f1453ad245ba5efb07b94a/src/mod/applications/mod_avmd/mod_avmd.c#L1203
app:mod_bert:bert_test:400,app,mod_bert,bert_test,,"""""",bert_test_function,SAF_NONE,literal,not_captured,not_verified,https://github.com/signalwire/freeswitch/blob/ef32e205295e29f034f1453ad245ba5efb07b94a/src/mod/applications/mod_bert/mod_bert.c#L400
api:mod_blacklist:blacklist:328,api,mod_blacklist,blacklist,,"""""",blacklist_api_function,,literal,not_captured,not_verified,https://github.com/signalwire/freeswitch/blob/ef32e205295e29f034f1453ad245ba5efb07b94a/src/mod/applications/mod_blacklist/mod_blacklist.c#L328
app:mod_callcenter:callcenter:4262,app,mod_callcenter,callcenter,queue_name,CC_USAGE,callcenter_function,SAF_NONE,literal,not_captured,not_verified,https://github.com/signalwire/freeswitch/blob/ef32e205295e29f034f1453ad245ba5efb07b94a/src/mod/applications/mod_callcenter/mod_callcenter.c#L4262
app:mod_callcenter:callcenter_track:4263,app,mod_callcenter,callcenter_track,queue_name,CC_USAGE,callcenter_track,SAF_SUPPORT_NOMEDIA,literal,not_captured,not_verified,https://github.com/signalwire/freeswitch/blob/ef32e205295e29f034f1453ad245ba5efb07b94a/src/mod/applications/mod_callcenter/mod_callcenter.c#L4263
api:mod_callcenter:callcenter_config:4264,api,mod_callcenter,callcenter_config,"callcenter_config <target> <args>,
	callcenter_config agent add [name] [type] | 
	callcenter_config agent del [name] | 
	callcenter_config agent reload [name] | 
	callcenter_config agent set status [agent_name] [status] | 
	callcenter_config agent set state [agent_name] [state] | 
	callcenter_config agent set contact [agent_name] [contact] | 
	callcenter_config agent set ready_time [agent_name] [wait till epoch] | 
	callcenter_config agent set reject_delay_time [agent_name] [wait second] | 
	callcenter_config agent set busy_delay_time [agent_name] [wait second] | 
	callcenter_config agent set no_answer_delay_time [agent_name] [wait second] | 
	callcenter_config agent get status [agent_name] | 
	callcenter_config agent get state [agent_name] | 
	callcenter_config agent get uuid [agent_name] | 
	callcenter_config agent list [[agent_name]] | 
	callcenter_config tier add [queue_name] [agent_name] [[level]] [[position]] | 
	callcenter_config tier set state [queue_name] [agent_name] [state] | 
	callcenter_config tier set level [queue_name] [agent_name] [level] | 
	callcenter_config tier set position [queue_name] [agent_name] [position] | 
	callcenter_config tier del [queue_name] [agent_name] | 
	callcenter_config tier reload [queue_name] [agent_name] | 
	callcenter_config tier list | 
	callcenter_config queue load [queue_name] | 
	callcenter_config queue unload [queue_name] | 
	callcenter_config queue reload [queue_name] | 
	callcenter_config queue list | 
	callcenter_config queue list agents [queue_name] [status] [state] | 
	callcenter_config queue list members [queue_name] | 
	callcenter_config queue list tiers [queue_name] | 
	callcenter_config queue count | 
	callcenter_config queue count agents [queue_name] [status] [state] | 
	callcenter_config queue count members [queue_name] | 
	callcenter_config queue count tiers [queue_name]",CC_CONFIG_API_SYNTAX,cc_config_api_function,,literal,not_captured,not_verified,https://github.com/signalwire/freeswitch/blob/ef32e205295e29f034f1453ad245ba5efb07b94a/src/mod/applications/mod_callcenter/mod_callcenter.c#L4264
api:mod_callcenter:callcenter_break:4265,api,mod_callcenter,callcenter_break,callcenter_break agent <uuid>,"""callcenter_break agent <uuid>""",cc_break_api_function,,literal,not_captured,not_verified,https://github.com/signalwire/freeswitch/blob/ef32e205295e29f034f1453ad245ba5efb07b94a/src/mod/applications/mod_callcenter/mod_callcenter.c#L4265
json_api:mod_callcenter:callcenter_config:4267,json_api,mod_callcenter,callcenter_config,,"""""",json_callcenter_config_function,,literal,not_captured,not_verified,https://github.com/signalwire/freeswitch/blob/ef32e205295e29f034f1453ad245ba5efb07b94a/src/mod/applications/mod_callcenter/mod_callcenter.c#L4267
api:mod_cidlookup:cidlookup:835,api,mod_cidlookup,cidlookup,,SYNTAX,cidlookup_function,,manual_resolution_required,not_captured,not_verified,https://github.com/signalwire/freeswitch/blob/ef32e205295e29f034f1453ad245ba5efb07b94a/src/mod/applications/mod_cidlookup/mod_cidlookup.c#L835
app:mod_cidlookup:cidlookup:836,app,mod_cidlookup,cidlookup,[number [skipurl]],"""[number [skipurl]]""",cidlookup_app_function,SAF_SUPPORT_NOMEDIA | SAF_ROUTING_EXEC,literal,not_captured,not_verified,https://github.com/signalwire/freeswitch/blob/ef32e205295e29f034f1453ad245ba5efb07b94a/src/mod/applications/mod_cidlookup/mod_cidlookup.c#L836
api:mod_cluechoo:cluechoo:85,api,mod_cluechoo,cluechoo,syntax,"""syntax""",cluechoo_function,,literal,not_captured,not_verified,https://github.com/signalwire/freeswitch/blob/ef32e205295e29f034f1453ad245ba5efb07b94a/src/mod/applications/mod_cluechoo/mod_cluechoo.c#L85
app:mod_cluechoo:cluechoo:87,app,mod_cluechoo,cluechoo,,"""""",cluechoo_app,SAF_NONE,literal,not_captured,not_verified,https://github.com/signalwire/freeswitch/blob/ef32e205295e29f034f1453ad245ba5efb07b94a/src/mod/applications/mod_cluechoo/mod_cluechoo.c#L87
api:mod_commands:bg_system:7632,api,mod_commands,bg_system,<command>,SYSTEM_SYNTAX,bg_system_function,,literal,not_captured,not_verified,https://github.com/signalwire/freeswitch/blob/ef32e205295e29f034f1453ad245ba5efb07b94a/src/mod/applications/mod_commands/mod_commands.c#L7632
api:mod_commands:system:7633,api,mod_commands,system,<command>,SYSTEM_SYNTAX,system_function,,literal,not_captured,not_verified,https://github.com/signalwire/freeswitch/blob/ef32e205295e29f034f1453ad245ba5efb07b94a/src/mod/applications/mod_commands/mod_commands.c#L7633
api:mod_commands:bg_spawn:7634,api,mod_commands,bg_spawn,<command>,SPAWN_SYNTAX,bg_spawn_function,,literal,not_captured,not_verified,https://github.com/signalwire/freeswitch/blob/ef32e205295e29f034f1453ad245ba5efb07b94a/src/mod/applications/mod_commands/mod_commands.c#L7634
api:mod_commands:spawn:7635,api,mod_commands,spawn,<command>,SPAWN_SYNTAX,spawn_function,,literal,not_captured,not_verified,https://github.com/signalwire/freeswitch/blob/ef32e205295e29f034f1453ad245ba5efb07b94a/src/mod/applications/mod_commands/mod_commands.c#L7635
api:mod_commands:spawn_stream:7636,api,mod_commands,spawn_stream,<command>,SPAWN_SYNTAX,spawn_stream_function,,literal,not_captured,not_verified,https://github.com/signalwire/freeswitch/blob/ef32e205295e29f034f1453ad245ba5efb07b94a/src/mod/applications/mod_commands/mod_commands.c#L7636
api:mod_commands:interface_allowlist_dump:7639,api,mod_commands,interface_allowlist_dump,[modules] [plain],INTERFACE_ALLOWLIST_DUMP_SYNTAX,interface_allowlist_dump_function,,literal,not_captured,not_verified,https://github.com/signalwire/freeswitch/blob/ef32e205295e29f034f1453ad245ba5efb07b94a/src/mod/applications/mod_commands/mod_commands.c#L7639
api:mod_commands:acl:7644,api,mod_commands,acl,<ip> <list_name>,"""<ip> <list_name>""",acl_function,,literal,not_captured,not_verified,https://github.com/signalwire/freeswitch/blob/ef32e205295e29f034f1453ad245ba5efb07b94a/src/mod/applications/mod_commands/mod_commands.c#L7644
api:mod_commands:alias:7645,api,mod_commands,alias,[add|stickyadd] <alias> <command> | del [<alias>|*],ALIAS_SYNTAX,alias_function,,literal,not_captured,not_verified,https://github.com/signalwire/freeswitch/blob/ef32e205295e29f034f1453ad245ba5efb07b94a/src/mod/applications/mod_commands/mod_commands.c#L7645
api:mod_commands:coalesce:7645,api,mod_commands,coalesce,"[^^<delim>]<value1>,<value2>,...",COALESCE_SYNTAX,coalesce_function,,literal,not_captured,not_verified,https://github.com/signalwire/freeswitch/blob/ef32e205295e29f034f1453ad245ba5efb07b94a/src/mod/applications/mod_commands/mod_commands.c#L7645
api:mod_commands:banner:7646,api,mod_commands,banner,,"""""",banner_function,,literal,not_captured,not_verified,https://github.com/signalwire/freeswitch/blob/ef32e205295e29f034f1453ad245ba5efb07b94a/src/mod/applications/mod_commands/mod_commands.c#L7646
api:mod_commands:bgapi:7647,api,mod_commands,bgapi,<command>[ <arg>],"""<command>[ <arg>]""",bgapi_function,,literal,not_captured,not_verified,https://github.com/signalwire/freeswitch/blob/ef32e205295e29f034f1453ad245ba5efb07b94a/src/mod/applications/mod_commands/mod_commands.c#L7647
api:mod_commands:break:7648,api,mod_commands,break,<uuid> [all],BREAK_SYNTAX,break_function,,literal,not_captured,not_verified,https://github.com/signalwire/freeswitch/blob/ef32e205295e29f034f1453ad245ba5efb07b94a/src/mod/applications/mod_commands/mod_commands.c#L7648
api:mod_commands:complete:7649,api,mod_commands,complete,add <word>|del [<word>|*],COMPLETE_SYNTAX,complete_function,,literal,not_captured,not_verified,https://github.com/signalwire/freeswitch/blob/ef32e205295e29f034f1453ad245ba5efb07b94a/src/mod/applications/mod_commands/mod_commands.c#L7649
api:mod_commands:cond:7650,api,mod_commands,cond,<expr> ? <true val> : <false val>,"""<expr> ? <true val> : <false val>""",cond_function,,literal,not_captured,not_verified,https://github.com/signalwire/freeswitch/blob/ef32e205295e29f034f1453ad245ba5efb07b94a/src/mod/applications/mod_commands/mod_commands.c#L7650
api:mod_commands:console_complete:7651,api,mod_commands,console_complete,<line>,"""<line>""",console_complete_function,,literal,not_captured,not_verified,https://github.com/signalwire/freeswitch/blob/ef32e205295e29f034f1453ad245ba5efb07b94a/src/mod/applications/mod_commands/mod_commands.c#L7651
api:mod_commands:console_complete_xml:7652,api,mod_commands,console_complete_xml,<line>,"""<line>""",console_complete_xml_function,,literal,not_captured,not_verified,https://github.com/signalwire/freeswitch/blob/ef32e205295e29f034f1453ad245ba5efb07b94a/src/mod/applications/mod_commands/mod_commands.c#L7652
api:mod_commands:create_uuid:7653,api,mod_commands,create_uuid,<uuid> <other_uuid>,UUID_SYNTAX,uuid_function,,literal,not_captured,not_verified,https://github.com/signalwire/freeswitch/blob/ef32e205295e29f034f1453ad245ba5efb07b94a/src/mod/applications/mod_commands/mod_commands.c#L7653
api:mod_commands:db_cache:7654,api,mod_commands,db_cache,status,"""status""",db_cache_function,,literal,not_captured,not_verified,https://github.com/signalwire/freeswitch/blob/ef32e205295e29f034f1453ad245ba5efb07b94a/src/mod/applications/mod_commands/mod_commands.c#L7654
api:mod_commands:domain_data:7655,api,mod_commands,domain_data,<domain> [var|param|attr] <name>,"""<domain> [var|param|attr] <name>""",domain_data_function,,literal,not_captured,not_verified,https://github.com/signalwire/freeswitch/blob/ef32e205295e29f034f1453ad245ba5efb07b94a/src/mod/applications/mod_commands/mod_commands.c#L7655
api:mod_commands:domain_exists:7656,api,mod_commands,domain_exists,<domain>,"""<domain>""",domain_exists_function,,literal,not_captured,not_verified,https://github.com/signalwire/freeswitch/blob/ef32e205295e29f034f1453ad245ba5efb07b94a/src/mod/applications/mod_commands/mod_commands.c#L7656
api:mod_commands:echo:7657,api,mod_commands,echo,<data>,"""<data>""",echo_function,,literal,not_captured,not_verified,https://github.com/signalwire/freeswitch/blob/ef32e205295e29f034f1453ad245ba5efb07b94a/src/mod/applications/mod_commands/mod_commands.c#L7657
api:mod_commands:event_channel_broadcast:7658,api,mod_commands,event_channel_broadcast,<channel> <json>,"""<channel> <json>""",event_channel_broadcast_api_function,,literal,not_captured,not_verified,https://github.com/signalwire/freeswitch/blob/ef32e205295e29f034f1453ad245ba5efb07b94a/src/mod/applications/mod_commands/mod_commands.c#L7658
api:mod_commands:escape:7659,api,mod_commands,escape,<data>,"""<data>""",escape_function,,literal,not_captured,not_verified,https://github.com/signalwire/freeswitch/blob/ef32e205295e29f034f1453ad245ba5efb07b94a/src/mod/applications/mod_commands/mod_commands.c#L7659
api:mod_commands:eval:7660,api,mod_commands,eval,[uuid:<uuid> ]<expression>,"""[uuid:<uuid> ]<expression>""",eval_function,,literal,not_captured,not_verified,https://github.com/signalwire/freeswitch/blob/ef32e205295e29f034f1453ad245ba5efb07b94a/src/mod/applications/mod_commands/mod_commands.c#L7660
api:mod_commands:expand:7661,api,mod_commands,expand,[uuid:<uuid> ]<cmd> <args>,"""[uuid:<uuid> ]<cmd> <args>""",expand_function,,literal,not_captured,not_verified,https://github.com/signalwire/freeswitch/blob/ef32e205295e29f034f1453ad245ba5efb07b94a/src/mod/applications/mod_commands/mod_commands.c#L7661
api:mod_commands:find_user_xml:7662,api,mod_commands,find_user_xml,<key> <user> <domain>,"""<key> <user> <domain>""",find_user_function,,literal,not_captured,not_verified,https://github.com/signalwire/freeswitch/blob/ef32e205295e29f034f1453ad245ba5efb07b94a/src/mod/applications/mod_commands/mod_commands.c#L7662
api:mod_commands:fsctl:7663,api,mod_commands,fsctl,[api_expansion [on|off]|recover|send_sighup|hupall|pause [inbound|outbound]|resume [inbound|outbound]|shutdown [cancel|elegant|asap|now|restart]|uuid_version [4|7]|sps|sps_peak_reset|sync_clock|sync_clock_when_idle|reclaim_mem|max_sessions|min_dtmf_duration [num]|max_dtmf_duration [num]|default_dtmf_duration [num]|min_idle_cpu|loglevel [level]|debug_level [level]|mdns_resolve [enable|disable]],CTL_SYNTAX,ctl_function,,literal,not_captured,not_verified,https://github.com/signalwire/freeswitch/blob/ef32e205295e29f034f1453ad245ba5efb07b94a/src/mod/applications/mod_commands/mod_commands.c#L7663
api:mod_commands:...:7664,api,mod_commands,...,,"""""",shutdown_function,,literal,not_captured,not_verified,https://github.com/signalwire/freeswitch/blob/ef32e205295e29f034f1453ad245ba5efb07b94a/src/mod/applications/mod_commands/mod_commands.c#L7664
api:mod_commands:shutdown:7665,api,mod_commands,shutdown,,"""""",shutdown_function,,literal,not_captured,not_verified,https://github.com/signalwire/freeswitch/blob/ef32e205295e29f034f1453ad245ba5efb07b94a/src/mod/applications/mod_commands/mod_commands.c#L7665
api:mod_commands:version:7666,api,mod_commands,version,[short],"""[short]""",version_function,,literal,not_captured,not_verified,https://github.com/signalwire/freeswitch/blob/ef32e205295e29f034f1453ad245ba5efb07b94a/src/mod/applications/mod_commands/mod_commands.c#L7666
api:mod_commands:global_getvar:7667,api,mod_commands,global_getvar,<var>,GLOBAL_GETVAR_SYNTAX,global_getvar_function,,literal,not_captured,not_verified,https://github.com/signalwire/freeswitch/blob/ef32e205295e29f034f1453ad245ba5efb07b94a/src/mod/applications/mod_commands/mod_commands.c#L7667
api:mod_commands:global_setvar:7668,api,mod_commands,global_setvar,<var>=<value> [=<value2>],GLOBAL_SETVAR_SYNTAX,global_setvar_function,,literal,not_captured,not_verified,https://github.com/signalwire/freeswitch/blob/ef32e205295e29f034f1453ad245ba5efb07b94a/src/mod/applications/mod_commands/mod_commands.c#L7668
api:mod_commands:group_call:7669,api,mod_commands,group_call,<group>[@<domain>],"""<group>[@<domain>]""",group_call_function,,literal,not_captured,not_verified,https://github.com/signalwire/freeswitch/blob/ef32e205295e29f034f1453ad245ba5efb07b94a/src/mod/applications/mod_commands/mod_commands.c#L7669
api:mod_commands:help:7670,api,mod_commands,help,,"""""",help_function,,literal,not_captured,not_verified,https://github.com/signalwire/freeswitch/blob/ef32e205295e29f034f1453ad245ba5efb07b94a/src/mod/applications/mod_commands/mod_commands.c#L7670
api:mod_commands:host_lookup:7671,api,mod_commands,host_lookup,<hostname>,"""<hostname>""",host_lookup_function,,literal,not_captured,not_verified,https://github.com/signalwire/freeswitch/blob/ef32e205295e29f034f1453ad245ba5efb07b94a/src/mod/applications/mod_commands/mod_commands.c#L7671
api:mod_commands:hostname:7672,api,mod_commands,hostname,,"""""",hostname_api_function,,literal,not_captured,not_verified,https://github.com/signalwire/freeswitch/blob/ef32e205295e29f034f1453ad245ba5efb07b94a/src/mod/applications/mod_commands/mod_commands.c#L7672
api:mod_commands:interface_ip:7673,api,mod_commands,interface_ip,[auto|ipv4|ipv6] <ifname>,INTERFACE_IP_SYNTAX,interface_ip_function,,literal,not_captured,not_verified,https://github.com/signalwire/freeswitch/blob/ef32e205295e29f034f1453ad245ba5efb07b94a/src/mod/applications/mod_commands/mod_commands.c#L7673
api:mod_commands:switchname:7674,api,mod_commands,switchname,,"""""",switchname_api_function,,literal,not_captured,not_verified,https://github.com/signalwire/freeswitch/blob/ef32e205295e29f034f1453ad245ba5efb07b94a/src/mod/applications/mod_commands/mod_commands.c#L7674
api:mod_commands:gethost:7675,api,mod_commands,gethost,,"""""",gethost_api_function,,literal,not_captured,not_verified,https://github.com/signalwire/freeswitch/blob/ef32e205295e29f034f1453ad245ba5efb07b94a/src/mod/applications/mod_commands/mod_commands.c#L7675
api:mod_commands:getenv:7676,api,mod_commands,getenv,<name>,GETENV_SYNTAX,getenv_function,,literal,not_captured,not_verified,https://github.com/signalwire/freeswitch/blob/ef32e205295e29f034f1453ad245ba5efb07b94a/src/mod/applications/mod_commands/mod_commands.c#L7676
api:mod_commands:hupall:7677,api,mod_commands,hupall,<cause> [<var> <value>] [<var2> <value2>],"""<cause> [<var> <value>] [<var2> <value2>]""",hupall_api_function,,literal,not_captured,not_verified,https://github.com/signalwire/freeswitch/blob/ef32e205295e29f034f1453ad245ba5efb07b94a/src/mod/applications/mod_commands/mod_commands.c#L7677
api:mod_commands:in_group:7678,api,mod_commands,in_group,<user>[@<domain>] <group_name>,"""<user>[@<domain>] <group_name>""",in_group_function,,literal,not_captured,not_verified,https://github.com/signalwire/freeswitch/blob/ef32e205295e29f034f1453ad245ba5efb07b94a/src/mod/applications/mod_commands/mod_commands.c#L7678
api:mod_commands:is_lan_addr:7679,api,mod_commands,is_lan_addr,<ip>,"""<ip>""",lan_addr_function,,literal,not_captured,not_verified,https://github.com/signalwire/freeswitch/blob/ef32e205295e29f034f1453ad245ba5efb07b94a/src/mod/applications/mod_commands/mod_commands.c#L7679
api:mod_commands:limit_usage:7680,api,mod_commands,limit_usage,<backend> <realm> <id>,"""<backend> <realm> <id>""",limit_usage_function,,literal,not_captured,not_verified,https://github.com/signalwire/freeswitch/blob/ef32e205295e29f034f1453ad245ba5efb07b94a/src/mod/applications/mod_commands/mod_commands.c#L7680
api:mod_commands:limit_hash_usage:7681,api,mod_commands,limit_hash_usage,<realm> <id>,"""<realm> <id>""",limit_hash_usage_function,,literal,not_captured,not_verified,https://github.com/signalwire/freeswitch/blob/ef32e205295e29f034f1453ad245ba5efb07b94a/src/mod/applications/mod_commands/mod_commands.c#L7681
api:mod_commands:limit_status:7682,api,mod_commands,limit_status,<backend>,"""<backend>""",limit_status_function,,literal,not_captured,not_verified,https://github.com/signalwire/freeswitch/blob/ef32e205295e29f034f1453ad245ba5efb07b94a/src/mod/applications/mod_commands/mod_commands.c#L7682
api:mod_commands:limit_reset:7683,api,mod_commands,limit_reset,<backend>,"""<backend>""",limit_reset_function,,literal,not_captured,not_verified,https://github.com/signalwire/freeswitch/blob/ef32e205295e29f034f1453ad245ba5efb07b94a/src/mod/applications/mod_commands/mod_commands.c#L7683
api:mod_commands:limit_interval_reset:7684,api,mod_commands,limit_interval_reset,<backend> <realm> <resource>,LIMIT_INTERVAL_RESET_SYNTAX,limit_interval_reset_function,,literal,not_captured,not_verified,https://github.com/signalwire/freeswitch/blob/ef32e205295e29f034f1453ad245ba5efb07b94a/src/mod/applications/mod_commands/mod_commands.c#L7684
api:mod_commands:list_users:7685,api,mod_commands,list_users,[group <group>] [domain <domain>] [user <user>] [context <context>],LIST_USERS_SYNTAX,list_users_function,,literal,not_captured,not_verified,https://github.com/signalwire/freeswitch/blob/ef32e205295e29f034f1453ad245ba5efb07b94a/src/mod/applications/mod_commands/mod_commands.c#L7685
api:mod_commands:load:7686,api,mod_commands,load,<mod_name>,LOAD_SYNTAX,load_function,,literal,not_captured,not_verified,https://github.com/signalwire/freeswitch/blob/ef32e205295e29f034f1453ad245ba5efb07b94a/src/mod/applications/mod_commands/mod_commands.c#L7686
api:mod_commands:log:7687,api,mod_commands,log,<level> <message>,LOG_SYNTAX,log_function,,literal,not_captured,not_verified,https://github.com/signalwire/freeswitch/blob/ef32e205295e29f034f1453ad245ba5efb07b94a/src/mod/applications/mod_commands/mod_commands.c#L7687
api:mod_commands:md5:7688,api,mod_commands,md5,<data>,"""<data>""",md5_function,,literal,not_captured,not_verified,https://github.com/signalwire/freeswitch/blob/ef32e205295e29f034f1453ad245ba5efb07b94a/src/mod/applications/mod_commands/mod_commands.c#L7688
api:mod_commands:module_exists:7689,api,mod_commands,module_exists,<module>,"""<module>""",module_exists_function,,literal,not_captured,not_verified,https://github.com/signalwire/freeswitch/blob/ef32e205295e29f034f1453ad245ba5efb07b94a/src/mod/applications/mod_commands/mod_commands.c#L7689
api:mod_commands:msleep:7690,api,mod_commands,msleep,<milliseconds>,"""<milliseconds>""",msleep_function,,literal,not_captured,not_verified,https://github.com/signalwire/freeswitch/blob/ef32e205295e29f034f1453ad245ba5efb07b94a/src/mod/applications/mod_commands/mod_commands.c#L7690
api:mod_commands:nat_map:7691,api,mod_commands,nat_map,[status|republish|reinit] | [add|del] <port> [tcp|udp] [static],"""[status|republish|reinit] | [add|del] <port> [tcp|udp] [static]""",nat_map_function,,literal,not_captured,not_verified,https://github.com/signalwire/freeswitch/blob/ef32e205295e29f034f1453ad245ba5efb07b94a/src/mod/applications/mod_commands/mod_commands.c#L7691
api:mod_commands:originate:7692,api,mod_commands,originate,<call url> <exten>|&<application_name>(<app_args>) [<dialplan>] [<context>] [<cid_name>] [<cid_num>] [<timeout_sec>],ORIGINATE_SYNTAX,originate_function,,literal,not_captured,not_verified,https://github.com/signalwire/freeswitch/blob/ef32e205295e29f034f1453ad245ba5efb07b94a/src/mod/applications/mod_commands/mod_commands.c#L7692
api:mod_commands:pause:7693,api,mod_commands,pause,<uuid> <on|off>,PAUSE_SYNTAX,pause_function,,literal,not_captured,not_verified,https://github.com/signalwire/freeswitch/blob/ef32e205295e29f034f1453ad245ba5efb07b94a/src/mod/applications/mod_commands/mod_commands.c#L7693
api:mod_commands:pool_stats:7694,api,mod_commands,pool_stats,Core pool memory usage.,"""Core pool memory usage.""",pool_stats_function,,literal,not_captured,not_verified,https://github.com/signalwire/freeswitch/blob/ef32e205295e29f034f1453ad245ba5efb07b94a/src/mod/applications/mod_commands/mod_commands.c#L7694
api:mod_commands:quote_shell_arg:7695,api,mod_commands,quote_shell_arg,<data>,"""<data>""",quote_shell_arg_function,,literal,not_captured,not_verified,https://github.com/signalwire/freeswitch/blob/ef32e205295e29f034f1453ad245ba5efb07b94a/src/mod/applications/mod_commands/mod_commands.c#L7695
api:mod_commands:regex:7696,api,mod_commands,regex,<data>|<pattern>[|<subst string>][n|b],"""<data>|<pattern>[|<subst string>][n|b]""",regex_function,,literal,not_captured,not_verified,https://github.com/signalwire/freeswitch/blob/ef32e205295e29f034f1453ad245ba5efb07b94a/src/mod/applications/mod_commands/mod_commands.c#L7696
api:mod_commands:reloadacl:7697,api,mod_commands,reloadacl,,"""""",reload_acl_function,,literal,not_captured,not_verified,https://github.com/signalwire/freeswitch/blob/ef32e205295e29f034f1453ad245ba5efb07b94a/src/mod/applications/mod_commands/mod_commands.c#L7697
api:mod_commands:reload:7698,api,mod_commands,reload,[-f] <mod_name>,UNLOAD_SYNTAX,reload_function,,literal,not_captured,not_verified,https://github.com/signalwire/freeswitch/blob/ef32e205295e29f034f1453ad245ba5efb07b94a/src/mod/applications/mod_commands/mod_commands.c#L7698
api:mod_commands:reloadxml:7699,api,mod_commands,reloadxml,,"""""",reload_xml_function,,literal,not_captured,not_verified,https://github.com/signalwire/freeswitch/blob/ef32e205295e29f034f1453ad245ba5efb07b94a/src/mod/applications/mod_commands/mod_commands.c#L7699
api:mod_commands:reloadcert:7700,api,mod_commands,reloadcert,,"""""",reload_cert_function,,literal,not_captured,not_verified,https://github.com/signalwire/freeswitch/blob/ef32e205295e29f034f1453ad245ba5efb07b94a/src/mod/applications/mod_commands/mod_commands.c#L7700
api:mod_commands:replace:7701,api,mod_commands,replace,<data>|<string1>|<string2>,"""<data>|<string1>|<string2>""",replace_function,,literal,not_captured,not_verified,https://github.com/signalwire/freeswitch/blob/ef32e205295e29f034f1453ad245ba5efb07b94a/src/mod/applications/mod_commands/mod_commands.c#L7701
api:mod_commands:say_string:7702,api,mod_commands,say_string,<module_name>[.<ext>] <lang>[.<ext>] <say_type> <say_method> [<say_gender>] <text>,SAY_STRING_SYNTAX,say_string_function,,literal,not_captured,not_verified,https://github.com/signalwire/freeswitch/blob/ef32e205295e29f034f1453ad245ba5efb07b94a/src/mod/applications/mod_commands/mod_commands.c#L7702
api:mod_commands:sched_api:7703,api,mod_commands,sched_api,[+@]<time> <group_name> <command_string>[&],SCHED_SYNTAX,sched_api_function,,literal,not_captured,not_verified,https://github.com/signalwire/freeswitch/blob/ef32e205295e29f034f1453ad245ba5efb07b94a/src/mod/applications/mod_commands/mod_commands.c#L7703
api:mod_commands:sched_broadcast:7704,api,mod_commands,sched_broadcast,[[+]<time>|@time] <uuid> <path> [aleg|bleg|both],SCHED_BROADCAST_SYNTAX,sched_broadcast_function,,literal,not_captured,not_verified,https://github.com/signalwire/freeswitch/blob/ef32e205295e29f034f1453ad245ba5efb07b94a/src/mod/applications/mod_commands/mod_commands.c#L7704
api:mod_commands:sched_del:7705,api,mod_commands,sched_del,<task_id>|<group_id>,"""<task_id>|<group_id>""",sched_del_function,,literal,not_captured,not_verified,https://github.com/signalwire/freeswitch/blob/ef32e205295e29f034f1453ad245ba5efb07b94a/src/mod/applications/mod_commands/mod_commands.c#L7705
api:mod_commands:sched_hangup:7706,api,mod_commands,sched_hangup,[+]<time> <uuid> [<cause>],SCHED_HANGUP_SYNTAX,sched_hangup_function,,literal,not_captured,not_verified,https://github.com/signalwire/freeswitch/blob/ef32e205295e29f034f1453ad245ba5efb07b94a/src/mod/applications/mod_commands/mod_commands.c#L7706
api:mod_commands:sched_transfer:7707,api,mod_commands,sched_transfer,[+]<time> <uuid> <extension> [<dialplan>] [<context>],SCHED_TRANSFER_SYNTAX,sched_transfer_function,,literal,not_captured,not_verified,https://github.com/signalwire/freeswitch/blob/ef32e205295e29f034f1453ad245ba5efb07b94a/src/mod/applications/mod_commands/mod_commands.c#L7707
api:mod_commands:show:7708,api,mod_commands,show,codec|endpoint|application|api|dialplan|file|timer|calls [count]|channels [count|like <match string>]|calls|detailed_calls|bridged_calls|detailed_bridged_calls|aliases|complete|chat|management|modules|nat_map|say|interfaces|interface_types|tasks|limits|status,SHOW_SYNTAX,show_function,,literal,not_captured,not_verified,https://github.com/signalwire/freeswitch/blob/ef32e205295e29f034f1453ad245ba5efb07b94a/src/mod/applications/mod_commands/mod_commands.c#L7708
api:mod_commands:sql_escape:7709,api,mod_commands,sql_escape,<string>,SQL_ESCAPE_SYNTAX,sql_escape,,literal,not_captured,not_verified,https://github.com/signalwire/freeswitch/blob/ef32e205295e29f034f1453ad245ba5efb07b94a/src/mod/applications/mod_commands/mod_commands.c#L7709
api:mod_commands:status:7710,api,mod_commands,status,,"""""",status_function,,literal,not_captured,not_verified,https://github.com/signalwire/freeswitch/blob/ef32e205295e29f034f1453ad245ba5efb07b94a/src/mod/applications/mod_commands/mod_commands.c#L7710
api:mod_commands:strftime_tz:7711,api,mod_commands,strftime_tz,<timezone_name> [<epoch>|][format string],"""<timezone_name> [<epoch>|][format string]""",strftime_tz_api_function,,literal,not_captured,not_verified,https://github.com/signalwire/freeswitch/blob/ef32e205295e29f034f1453ad245ba5efb07b94a/src/mod/applications/mod_commands/mod_commands.c#L7711
api:mod_commands:stun:7712,api,mod_commands,stun,<stun_server>[:port] [<source_ip>[:<source_port]],"""<stun_server>[:port] [<source_ip>[:<source_port]]""",stun_function,,literal,not_captured,not_verified,https://github.com/signalwire/freeswitch/blob/ef32e205295e29f034f1453ad245ba5efb07b94a/src/mod/applications/mod_commands/mod_commands.c#L7712
api:mod_commands:time_test:7713,api,mod_commands,time_test,<mss> [count],"""<mss> [count]""",time_test_function,,literal,not_captured,not_verified,https://github.com/signalwire/freeswitch/blob/ef32e205295e29f034f1453ad245ba5efb07b94a/src/mod/applications/mod_commands/mod_commands.c#L7713
api:mod_commands:timer_test:7714,api,mod_commands,timer_test,<10|20|40|60|120> [<1..200>] [<timer_name>],TIMER_TEST_SYNTAX,timer_test_function,,literal,not_captured,not_verified,https://github.com/signalwire/freeswitch/blob/ef32e205295e29f034f1453ad245ba5efb07b94a/src/mod/applications/mod_commands/mod_commands.c#L7714
api:mod_commands:tone_detect:7715,api,mod_commands,tone_detect,<uuid> <key> <tone_spec> [<flags> <timeout> <app> <args> <hits>],TONE_DETECT_SYNTAX,tone_detect_session_function,,literal,not_captured,not_verified,https://github.com/signalwire/freeswitch/blob/ef32e205295e29f034f1453ad245ba5efb07b94a/src/mod/applications/mod_commands/mod_commands.c#L7715
api:mod_commands:unload:7716,api,mod_commands,unload,[-f] <mod_name>,UNLOAD_SYNTAX,unload_function,,literal,not_captured,not_verified,https://github.com/signalwire/freeswitch/blob/ef32e205295e29f034f1453ad245ba5efb07b94a/src/mod/applications/mod_commands/mod_commands.c#L7716
api:mod_commands:unsched_api:7717,api,mod_commands,unsched_api,<task_id>,UNSCHED_SYNTAX,unsched_api_function,,literal,not_captured,not_verified,https://github.com/signalwire/freeswitch/blob/ef32e205295e29f034f1453ad245ba5efb07b94a/src/mod/applications/mod_commands/mod_commands.c#L7717
api:mod_commands:uptime:7718,api,mod_commands,uptime,[us|ms|s|m|h|d|microseconds|milliseconds|seconds|minutes|hours|days],UPTIME_SYNTAX,uptime_function,,literal,not_captured,not_verified,https://github.com/signalwire/freeswitch/blob/ef32e205295e29f034f1453ad245ba5efb07b94a/src/mod/applications/mod_commands/mod_commands.c#L7718
api:mod_commands:reg_url:7719,api,mod_commands,reg_url,<user>@<realm>,"""<user>@<realm>""",reg_url_function,,literal,not_captured,not_verified,https://github.com/signalwire/freeswitch/blob/ef32e205295e29f034f1453ad245ba5efb07b94a/src/mod/applications/mod_commands/mod_commands.c#L7719
api:mod_commands:url_decode:7720,api,mod_commands,url_decode,<string>,"""<string>""",url_decode_function,,literal,not_captured,not_verified,https://github.com/signalwire/freeswitch/blob/ef32e205295e29f034f1453ad245ba5efb07b94a/src/mod/applications/mod_commands/mod_commands.c#L7720
api:mod_commands:url_encode:7721,api,mod_commands,url_encode,<string>,"""<string>""",url_encode_function,,literal,not_captured,not_verified,https://github.com/signalwire/freeswitch/blob/ef32e205295e29f034f1453ad245ba5efb07b94a/src/mod/applications/mod_commands/mod_commands.c#L7721
api:mod_commands:toupper:7722,api,mod_commands,toupper,<string>,"""<string>""",toupper_function,,literal,not_captured,not_verified,https://github.com/signalwire/freeswitch/blob/ef32e205295e29f034f1453ad245ba5efb07b94a/src/mod/applications/mod_commands/mod_commands.c#L7722
api:mod_commands:tolower:7723,api,mod_commands,tolower,<string>,"""<string>""",tolower_function,,literal,not_captured,not_verified,https://github.com/signalwire/freeswitch/blob/ef32e205295e29f034f1453ad245ba5efb07b94a/src/mod/applications/mod_commands/mod_commands.c#L7723
api:mod_commands:user_data:7724,api,mod_commands,user_data,<user>@<domain> [var|param|attr] <name>,"""<user>@<domain> [var|param|attr] <name>""",user_data_function,,literal,not_captured,not_verified,https://github.com/signalwire/freeswitch/blob/ef32e205295e29f034f1453ad245ba5efb07b94a/src/mod/applications/mod_commands/mod_commands.c#L7724
api:mod_commands:uuid_early_ok:7725,api,mod_commands,uuid_early_ok,<uuid>,"""<uuid>""",uuid_early_ok_function,,literal,not_captured,not_verified,https://github.com/signalwire/freeswitch/blob/ef32e205295e29f034f1453ad245ba5efb07b94a/src/mod/applications/mod_commands/mod_commands.c#L7725
api:mod_commands:user_exists:7726,api,mod_commands,user_exists,<key> <user> <domain>,"""<key> <user> <domain>""",user_exists_function,,literal,not_captured,not_verified,https://github.com/signalwire/freeswitch/blob/ef32e205295e29f034f1453ad245ba5efb07b94a/src/mod/applications/mod_commands/mod_commands.c#L7726
api:mod_commands:uuid_answer:7727,api,mod_commands,uuid_answer,<uuid>,"""<uuid>""",uuid_answer_function,,literal,not_captured,not_verified,https://github.com/signalwire/freeswitch/blob/ef32e205295e29f034f1453ad245ba5efb07b94a/src/mod/applications/mod_commands/mod_commands.c#L7727
api:mod_commands:uuid_audio:7728,api,mod_commands,uuid_audio,<uuid> [start [read|write] [mute|level <level>]|stop],AUDIO_SYNTAX,session_audio_function,,literal,not_captured,not_verified,https://github.com/signalwire/freeswitch/blob/ef32e205295e29f034f1453ad245ba5efb07b94a/src/mod/applications/mod_commands/mod_commands.c#L7728
api:mod_commands:uuid_break:7729,api,mod_commands,uuid_break,<uuid> [all],BREAK_SYNTAX,break_function,,literal,not_captured,not_verified,https://github.com/signalwire/freeswitch/blob/ef32e205295e29f034f1453ad245ba5efb07b94a/src/mod/applications/mod_commands/mod_commands.c#L7729
api:mod_commands:uuid_bridge:7730,api,mod_commands,uuid_bridge,,"""""",uuid_bridge_function,,literal,not_captured,not_verified,https://github.com/signalwire/freeswitch/blob/ef32e205295e29f034f1453ad245ba5efb07b94a/src/mod/applications/mod_commands/mod_commands.c#L7730
api:mod_commands:uuid_broadcast:7731,api,mod_commands,uuid_broadcast,<uuid> <path> [aleg|bleg|holdb|both],BROADCAST_SYNTAX,uuid_broadcast_function,,literal,not_captured,not_verified,https://github.com/signalwire/freeswitch/blob/ef32e205295e29f034f1453ad245ba5efb07b94a/src/mod/applications/mod_commands/mod_commands.c#L7731
api:mod_commands:uuid_buglist:7732,api,mod_commands,uuid_buglist,<uuid>,BUGLIST_SYNTAX,uuid_buglist_function,,literal,not_captured,not_verified,https://github.com/signalwire/freeswitch/blob/ef32e205295e29f034f1453ad245ba5efb07b94a/src/mod/applications/mod_commands/mod_commands.c#L7732
api:mod_commands:uuid_chat:7733,api,mod_commands,uuid_chat,<uuid> <text>,UUID_CHAT_SYNTAX,uuid_chat,,literal,not_captured,not_verified,https://github.com/signalwire/freeswitch/blob/ef32e205295e29f034f1453ad245ba5efb07b94a/src/mod/applications/mod_commands/mod_commands.c#L7733
api:mod_commands:uuid_send_text:7734,api,mod_commands,uuid_send_text,<uuid> <text>,UUID_SEND_TEXT_SYNTAX,uuid_send_text,,literal,not_captured,not_verified,https://github.com/signalwire/freeswitch/blob/ef32e205295e29f034f1453ad245ba5efb07b94a/src/mod/applications/mod_commands/mod_commands.c#L7734
api:mod_commands:uuid_capture_text:7735,api,mod_commands,uuid_capture_text,<uuid> <on|off>,UUID_CAPTURE_TEXT_SYNTAX,uuid_capture_text,,literal,not_captured,not_verified,https://github.com/signalwire/freeswitch/blob/ef32e205295e29f034f1453ad245ba5efb07b94a/src/mod/applications/mod_commands/mod_commands.c#L7735
api:mod_commands:uuid_codec_debug:7736,api,mod_commands,uuid_codec_debug,<uuid> audio|video <level>,CODEC_DEBUG_SYNTAX,uuid_codec_debug_function,,literal,not_captured,not_verified,https://github.com/signalwire/freeswitch/blob/ef32e205295e29f034f1453ad245ba5efb07b94a/src/mod/applications/mod_commands/mod_commands.c#L7736
api:mod_commands:uuid_codec_param:7737,api,mod_commands,uuid_codec_param,<uuid> audio|video read|write <param> <val>,CODEC_PARAM_SYNTAX,uuid_codec_param_function,,literal,not_captured,not_verified,https://github.com/signalwire/freeswitch/blob/ef32e205295e29f034f1453ad245ba5efb07b94a/src/mod/applications/mod_commands/mod_commands.c#L7737
api:mod_commands:uuid_debug_media:7738,api,mod_commands,uuid_debug_media,<uuid> <read|write|both|vread|vwrite|vboth|all> <on|off>,DEBUG_MEDIA_SYNTAX,uuid_debug_media_function,,literal,not_captured,not_verified,https://github.com/signalwire/freeswitch/blob/ef32e205295e29f034f1453ad245ba5efb07b94a/src/mod/applications/mod_commands/mod_commands.c#L7738
api:mod_commands:uuid_deflect:7739,api,mod_commands,uuid_deflect,<uuid> <uri>,UUID_DEFLECT_SYNTAX,uuid_deflect,,literal,not_captured,not_verified,https://github.com/signalwire/freeswitch/blob/ef32e205295e29f034f1453ad245ba5efb07b94a/src/mod/applications/mod_commands/mod_commands.c#L7739
api:mod_commands:uuid_displace:7740,api,mod_commands,uuid_displace,<uuid> [start|stop] <path> [<limit>] [mux],"""<uuid> [start|stop] <path> [<limit>] [mux]""",session_displace_function,,literal,not_captured,not_verified,https://github.com/signalwire/freeswitch/blob/ef32e205295e29f034f1453ad245ba5efb07b94a/src/mod/applications/mod_commands/mod_commands.c#L7740
api:mod_commands:uuid_display:7741,api,mod_commands,uuid_display,<uuid> <display>,DISPLAY_SYNTAX,uuid_display_function,,literal,not_captured,not_verified,https://github.com/signalwire/freeswitch/blob/ef32e205295e29f034f1453ad245ba5efb07b94a/src/mod/applications/mod_commands/mod_commands.c#L7741
api:mod_commands:uuid_media_params:7742,api,mod_commands,uuid_media_params,<uuid> <json>,MEDIA_PARAMS_SYNTAX,uuid_media_params_function,,literal,not_captured,not_verified,https://github.com/signalwire/freeswitch/blob/ef32e205295e29f034f1453ad245ba5efb07b94a/src/mod/applications/mod_commands/mod_commands.c#L7742
api:mod_commands:uuid_drop_dtmf:7743,api,mod_commands,uuid_drop_dtmf,<uuid> [on | off ] [ mask_digits <digits> | mask_file <file>],UUID_DROP_DTMF_SYNTAX,uuid_drop_dtmf,,literal,not_captured,not_verified,https://github.com/signalwire/freeswitch/blob/ef32e205295e29f034f1453ad245ba5efb07b94a/src/mod/applications/mod_commands/mod_commands.c#L7743
api:mod_commands:uuid_dump:7744,api,mod_commands,uuid_dump,<uuid> [format],DUMP_SYNTAX,uuid_dump_function,,literal,not_captured,not_verified,https://github.com/signalwire/freeswitch/blob/ef32e205295e29f034f1453ad245ba5efb07b94a/src/mod/applications/mod_commands/mod_commands.c#L7744
api:mod_commands:uuid_exists:7745,api,mod_commands,uuid_exists,<uuid>,EXISTS_SYNTAX,uuid_exists_function,,literal,not_captured,not_verified,https://github.com/signalwire/freeswitch/blob/ef32e205295e29f034f1453ad245ba5efb07b94a/src/mod/applications/mod_commands/mod_commands.c#L7745
api:mod_commands:uuid_fileman:7746,api,mod_commands,uuid_fileman,<uuid> <cmd>:<val>,FILEMAN_SYNTAX,uuid_fileman_function,,literal,not_captured,not_verified,https://github.com/signalwire/freeswitch/blob/ef32e205295e29f034f1453ad245ba5efb07b94a/src/mod/applications/mod_commands/mod_commands.c#L7746
api:mod_commands:uuid_flush_dtmf:7747,api,mod_commands,uuid_flush_dtmf,<uuid>,"""<uuid>""",uuid_flush_dtmf_function,,literal,not_captured,not_verified,https://github.com/signalwire/freeswitch/blob/ef32e205295e29f034f1453ad245ba5efb07b94a/src/mod/applications/mod_commands/mod_commands.c#L7747
api:mod_commands:uuid_getvar:7748,api,mod_commands,uuid_getvar,<uuid> <var>,GETVAR_SYNTAX,uuid_getvar_function,,literal,not_captured,not_verified,https://github.com/signalwire/freeswitch/blob/ef32e205295e29f034f1453ad245ba5efb07b94a/src/mod/applications/mod_commands/mod_commands.c#L7748
api:mod_commands:uuid_hold:7749,api,mod_commands,uuid_hold,[off|toggle] <uuid> [<display>],HOLD_SYNTAX,uuid_hold_function,,literal,not_captured,not_verified,https://github.com/signalwire/freeswitch/blob/ef32e205295e29f034f1453ad245ba5efb07b94a/src/mod/applications/mod_commands/mod_commands.c#L7749
api:mod_commands:uuid_kill:7750,api,mod_commands,uuid_kill,<uuid> [cause],KILL_SYNTAX,kill_function,,literal,not_captured,not_verified,https://github.com/signalwire/freeswitch/blob/ef32e205295e29f034f1453ad245ba5efb07b94a/src/mod/applications/mod_commands/mod_commands.c#L7750
api:mod_commands:uuid_send_message:7751,api,mod_commands,uuid_send_message,<uuid> <message>,SEND_MESSAGE_SYNTAX,uuid_send_message_function,,literal,not_captured,not_verified,https://github.com/signalwire/freeswitch/blob/ef32e205295e29f034f1453ad245ba5efb07b94a/src/mod/applications/mod_commands/mod_commands.c#L7751
api:mod_commands:uuid_send_info:7752,api,mod_commands,uuid_send_info,<uuid> [<mime_type> <mime_subtype>] <message>,INFO_SYNTAX,uuid_send_info_function,,literal,not_captured,not_verified,https://github.com/signalwire/freeswitch/blob/ef32e205295e29f034f1453ad245ba5efb07b94a/src/mod/applications/mod_commands/mod_commands.c#L7752
api:mod_commands:uuid_set_media_stats:7753,api,mod_commands,uuid_set_media_stats,<uuid>,UUID_MEDIA_STATS_SYNTAX,uuid_set_media_stats,,literal,not_captured,not_verified,https://github.com/signalwire/freeswitch/blob/ef32e205295e29f034f1453ad245ba5efb07b94a/src/mod/applications/mod_commands/mod_commands.c#L7753
api:mod_commands:uuid_video_bitrate:7754,api,mod_commands,uuid_video_bitrate,<uuid> <bitrate>,VIDEO_BITRATE_SYNTAX,uuid_video_bitrate_function,,literal,not_captured,not_verified,https://github.com/signalwire/freeswitch/blob/ef32e205295e29f034f1453ad245ba5efb07b94a/src/mod/applications/mod_commands/mod_commands.c#L7754
api:mod_commands:uuid_video_bandwidth:7755,api,mod_commands,uuid_video_bandwidth,<uuid> <bitrate>,VIDEO_BANDWIDTH_SYNTAX,uuid_video_bandwidth_function,,literal,not_captured,not_verified,https://github.com/signalwire/freeswitch/blob/ef32e205295e29f034f1453ad245ba5efb07b94a/src/mod/applications/mod_commands/mod_commands.c#L7755
api:mod_commands:uuid_video_refresh:7756,api,mod_commands,uuid_video_refresh,<uuid> [auto|manual],VIDEO_REFRESH_SYNTAX,uuid_video_refresh_function,,literal,not_captured,not_verified,https://github.com/signalwire/freeswitch/blob/ef32e205295e29f034f1453ad245ba5efb07b94a/src/mod/applications/mod_commands/mod_commands.c#L7756
api:mod_commands:uuid_outgoing_answer:7757,api,mod_commands,uuid_outgoing_answer,<uuid>,OUTGOING_ANSWER_SYNTAX,outgoing_answer_function,,literal,not_captured,not_verified,https://github.com/signalwire/freeswitch/blob/ef32e205295e29f034f1453ad245ba5efb07b94a/src/mod/applications/mod_commands/mod_commands.c#L7757
api:mod_commands:uuid_limit:7758,api,mod_commands,uuid_limit,<uuid> <backend> <realm> <resource> [<max>[/interval]] [number [dialplan [context]]],LIMIT_SYNTAX,uuid_limit_function,,literal,not_captured,not_verified,https://github.com/signalwire/freeswitch/blob/ef32e205295e29f034f1453ad245ba5efb07b94a/src/mod/applications/mod_commands/mod_commands.c#L7758
api:mod_commands:uuid_limit_release:7759,api,mod_commands,uuid_limit_release,<uuid> <backend> [realm] [resource],LIMIT_RELEASE_SYNTAX,uuid_limit_release_function,,literal,not_captured,not_verified,https://github.com/signalwire/freeswitch/blob/ef32e205295e29f034f1453ad245ba5efb07b94a/src/mod/applications/mod_commands/mod_commands.c#L7759
api:mod_commands:uuid_loglevel:7760,api,mod_commands,uuid_loglevel,<uuid> <level>,UUID_LOGLEVEL_SYNTAX,uuid_loglevel,,literal,not_captured,not_verified,https://github.com/signalwire/freeswitch/blob/ef32e205295e29f034f1453ad245ba5efb07b94a/src/mod/applications/mod_commands/mod_commands.c#L7760
api:mod_commands:uuid_media:7761,api,mod_commands,uuid_media,[off] <uuid>,MEDIA_SYNTAX,uuid_media_function,,literal,not_captured,not_verified,https://github.com/signalwire/freeswitch/blob/ef32e205295e29f034f1453ad245ba5efb07b94a/src/mod/applications/mod_commands/mod_commands.c#L7761
api:mod_commands:uuid_media_3p:7762,api,mod_commands,uuid_media_3p,[off] <uuid>,MEDIA_SYNTAX,uuid_media_3p_function,,literal,not_captured,not_verified,https://github.com/signalwire/freeswitch/blob/ef32e205295e29f034f1453ad245ba5efb07b94a/src/mod/applications/mod_commands/mod_commands.c#L7762
api:mod_commands:uuid_media_reneg:7763,api,mod_commands,uuid_media_reneg,<uuid>[ <codec_string>],MEDIA_RENEG_SYNTAX,uuid_media_neg_function,,literal,not_captured,not_verified,https://github.com/signalwire/freeswitch/blob/ef32e205295e29f034f1453ad245ba5efb07b94a/src/mod/applications/mod_commands/mod_commands.c#L7763
api:mod_commands:uuid_park:7764,api,mod_commands,uuid_park,<uuid>,PARK_SYNTAX,park_function,,literal,not_captured,not_verified,https://github.com/signalwire/freeswitch/blob/ef32e205295e29f034f1453ad245ba5efb07b94a/src/mod/applications/mod_commands/mod_commands.c#L7764
api:mod_commands:uuid_pause:7765,api,mod_commands,uuid_pause,<uuid> <on|off>,PAUSE_SYNTAX,pause_function,,literal,not_captured,not_verified,https://github.com/signalwire/freeswitch/blob/ef32e205295e29f034f1453ad245ba5efb07b94a/src/mod/applications/mod_commands/mod_commands.c#L7765
api:mod_commands:uuid_phone_event:7766,api,mod_commands,uuid_phone_event,<uuid>,PHONE_EVENT_SYNTAX,uuid_phone_event_function,,literal,not_captured,not_verified,https://github.com/signalwire/freeswitch/blob/ef32e205295e29f034f1453ad245ba5efb07b94a/src/mod/applications/mod_commands/mod_commands.c#L7766
api:mod_commands:uuid_ring_ready:7767,api,mod_commands,uuid_ring_ready,<uuid> [queued],RING_READY_SYNTAX,uuid_ring_ready_function,,literal,not_captured,not_verified,https://github.com/signalwire/freeswitch/blob/ef32e205295e29f034f1453ad245ba5efb07b94a/src/mod/applications/mod_commands/mod_commands.c#L7767
api:mod_commands:uuid_pre_answer:7768,api,mod_commands,uuid_pre_answer,<uuid>,"""<uuid>""",uuid_pre_answer_function,,literal,not_captured,not_verified,https://github.com/signalwire/freeswitch/blob/ef32e205295e29f034f1453ad245ba5efb07b94a/src/mod/applications/mod_commands/mod_commands.c#L7768
api:mod_commands:uuid_preprocess:7769,api,mod_commands,uuid_preprocess,<>,PREPROCESS_SYNTAX,preprocess_function,,literal,not_captured,not_verified,https://github.com/signalwire/freeswitch/blob/ef32e205295e29f034f1453ad245ba5efb07b94a/src/mod/applications/mod_commands/mod_commands.c#L7769
api:mod_commands:uuid_record:7770,api,mod_commands,uuid_record,<uuid> [start|stop|mask|unmask] <path> [<limit>] [<recording_vars>],SESS_REC_SYNTAX,session_record_function,,literal,not_captured,not_verified,https://github.com/signalwire/freeswitch/blob/ef32e205295e29f034f1453ad245ba5efb07b94a/src/mod/applications/mod_commands/mod_commands.c#L7770
api:mod_commands:uuid_recovery_refresh:7771,api,mod_commands,uuid_recovery_refresh,<uuid> <uri>,UUID_RECOVERY_REFRESH_SYNTAX,uuid_recovery_refresh,,literal,not_captured,not_verified,https://github.com/signalwire/freeswitch/blob/ef32e205295e29f034f1453ad245ba5efb07b94a/src/mod/applications/mod_commands/mod_commands.c#L7771
api:mod_commands:uuid_recv_dtmf:7772,api,mod_commands,uuid_recv_dtmf,<uuid> <dtmf_data>,UUID_RECV_DTMF_SYNTAX,uuid_recv_dtmf_function,,literal,not_captured,not_verified,https://github.com/signalwire/freeswitch/blob/ef32e205295e29f034f1453ad245ba5efb07b94a/src/mod/applications/mod_commands/mod_commands.c#L7772
api:mod_commands:uuid_redirect:7773,api,mod_commands,uuid_redirect,<uuid> <uri>,UUID_REDIRECT_SYNTAX,uuid_redirect,,literal,not_captured,not_verified,https://github.com/signalwire/freeswitch/blob/ef32e205295e29f034f1453ad245ba5efb07b94a/src/mod/applications/mod_commands/mod_commands.c#L7773
api:mod_commands:uuid_send_dtmf:7774,api,mod_commands,uuid_send_dtmf,<uuid> <dtmf_data>,UUID_SEND_DTMF_SYNTAX,uuid_send_dtmf_function,,literal,not_captured,not_verified,https://github.com/signalwire/freeswitch/blob/ef32e205295e29f034f1453ad245ba5efb07b94a/src/mod/applications/mod_commands/mod_commands.c#L7774
api:mod_commands:uuid_session_heartbeat:7775,api,mod_commands,uuid_session_heartbeat,<uuid> [sched] [0|<seconds>],HEARTBEAT_SYNTAX,uuid_session_heartbeat_function,,literal,not_captured,not_verified,https://github.com/signalwire/freeswitch/blob/ef32e205295e29f034f1453ad245ba5efb07b94a/src/mod/applications/mod_commands/mod_commands.c#L7775
api:mod_commands:uuid_setvar_multi:7776,api,mod_commands,uuid_setvar_multi,<uuid> <var>=<value>;<var>=<value>...,SETVAR_MULTI_SYNTAX,uuid_setvar_multi_function,,literal,not_captured,not_verified,https://github.com/signalwire/freeswitch/blob/ef32e205295e29f034f1453ad245ba5efb07b94a/src/mod/applications/mod_commands/mod_commands.c#L7776
api:mod_commands:uuid_setvar:7777,api,mod_commands,uuid_setvar,<uuid> <var> [value],SETVAR_SYNTAX,uuid_setvar_function,,literal,not_captured,not_verified,https://github.com/signalwire/freeswitch/blob/ef32e205295e29f034f1453ad245ba5efb07b94a/src/mod/applications/mod_commands/mod_commands.c#L7777
api:mod_commands:uuid_transfer:7778,api,mod_commands,uuid_transfer,<uuid> [-bleg|-both] <dest-exten> [<dialplan>] [<context>],TRANSFER_SYNTAX,transfer_function,,literal,not_captured,not_verified,https://github.com/signalwire/freeswitch/blob/ef32e205295e29f034f1453ad245ba5efb07b94a/src/mod/applications/mod_commands/mod_commands.c#L7778
api:mod_commands:uuid_dual_transfer:7779,api,mod_commands,uuid_dual_transfer,<uuid> <A-dest-exten>[/<A-dialplan>][/<A-context>] <B-dest-exten>[/<B-dialplan>][/<B-context>],DUAL_TRANSFER_SYNTAX,dual_transfer_function,,literal,not_captured,not_verified,https://github.com/signalwire/freeswitch/blob/ef32e205295e29f034f1453ad245ba5efb07b94a/src/mod/applications/mod_commands/mod_commands.c#L7779
api:mod_commands:uuid_simplify:7780,api,mod_commands,uuid_simplify,<uuid>,SIMPLIFY_SYNTAX,uuid_simplify_function,,literal,not_captured,not_verified,https://github.com/signalwire/freeswitch/blob/ef32e205295e29f034f1453ad245ba5efb07b94a/src/mod/applications/mod_commands/mod_commands.c#L7780
api:mod_commands:uuid_jitterbuffer:7781,api,mod_commands,uuid_jitterbuffer,<uuid> [0|<min_msec>[:<max_msec>]],JITTERBUFFER_SYNTAX,uuid_jitterbuffer_function,,literal,not_captured,not_verified,https://github.com/signalwire/freeswitch/blob/ef32e205295e29f034f1453ad245ba5efb07b94a/src/mod/applications/mod_commands/mod_commands.c#L7781
api:mod_commands:uuid_zombie_exec:7782,api,mod_commands,uuid_zombie_exec,<uuid>,"""<uuid>""",uuid_zombie_exec_function,,literal,not_captured,not_verified,https://github.com/signalwire/freeswitch/blob/ef32e205295e29f034f1453ad245ba5efb07b94a/src/mod/applications/mod_commands/mod_commands.c#L7782
api:mod_commands:uuid_xfer_zombie:7783,api,mod_commands,uuid_xfer_zombie,<uuid>,XFER_ZOMBIE_SYNTAX,uuid_xfer_zombie,,literal,not_captured,not_verified,https://github.com/signalwire/freeswitch/blob/ef32e205295e29f034f1453ad245ba5efb07b94a/src/mod/applications/mod_commands/mod_commands.c#L7783
api:mod_commands:xml_flush_cache:7784,api,mod_commands,xml_flush_cache,<id> <key> <val>,"""<id> <key> <val>""",xml_flush_function,,literal,not_captured,not_verified,https://github.com/signalwire/freeswitch/blob/ef32e205295e29f034f1453ad245ba5efb07b94a/src/mod/applications/mod_commands/mod_commands.c#L7784
api:mod_commands:xml_locate:7785,api,mod_commands,xml_locate,[root | <section> <tag> <tag_attr_name> <tag_attr_val>],"""[root | <section> <tag> <tag_attr_name> <tag_attr_val>]""",xml_locate_function,,literal,not_captured,not_verified,https://github.com/signalwire/freeswitch/blob/ef32e205295e29f034f1453ad245ba5efb07b94a/src/mod/applications/mod_commands/mod_commands.c#L7785
api:mod_commands:xml_wrap:7786,api,mod_commands,xml_wrap,<command> <args>,"""<command> <args>""",xml_wrap_api_function,,literal,not_captured,not_verified,https://github.com/signalwire/freeswitch/blob/ef32e205295e29f034f1453ad245ba5efb07b94a/src/mod/applications/mod_commands/mod_commands.c#L7786
api:mod_commands:file_exists:7787,api,mod_commands,file_exists,<file>,"""<file>""",file_exists_function,,literal,not_captured,not_verified,https://github.com/signalwire/freeswitch/blob/ef32e205295e29f034f1453ad245ba5efb07b94a/src/mod/applications/mod_commands/mod_commands.c#L7787
api:mod_commands:getcputime:7788,api,mod_commands,getcputime,[reset],GETCPUTIME_SYNTAX,getcputime_function,,literal,not_captured,not_verified,https://github.com/signalwire/freeswitch/blob/ef32e205295e29f034f1453ad245ba5efb07b94a/src/mod/applications/mod_commands/mod_commands.c#L7788
api:mod_commands:json:7789,api,mod_commands,json,JSON,"""JSON""",json_function,,literal,not_captured,not_verified,https://github.com/signalwire/freeswitch/blob/ef32e205295e29f034f1453ad245ba5efb07b94a/src/mod/applications/mod_commands/mod_commands.c#L7789
api:mod_commands:memory:7790,api,mod_commands,memory,memory,"""memory""",memory_function,,literal,not_captured,not_verified,https://github.com/signalwire/freeswitch/blob/ef32e205295e29f034f1453ad245ba5efb07b94a/src/mod/applications/mod_commands/mod_commands.c#L7790
json_api:mod_commands:mediaStats:7792,json_api,mod_commands,mediaStats,,"""""",json_stats_function,,literal,not_captured,not_verified,https://github.com/signalwire/freeswitch/blob/ef32e205295e29f034f1453ad245ba5efb07b94a/src/mod/applications/mod_commands/mod_commands.c#L7792
json_api:mod_commands:status:7794,json_api,mod_commands,status,,"""""",json_status_function,,literal,not_captured,not_verified,https://github.com/signalwire/freeswitch/blob/ef32e205295e29f034f1453ad245ba5efb07b94a/src/mod/applications/mod_commands/mod_commands.c#L7794
json_api:mod_commands:fsapi:7795,json_api,mod_commands,fsapi,,"""""",json_api_function,,literal,not_captured,not_verified,https://github.com/signalwire/freeswitch/blob/ef32e205295e29f034f1453ad245ba5efb07b94a/src/mod/applications/mod_commands/mod_commands.c#L7795
json_api:mod_commands:execute:7796,json_api,mod_commands,execute,,"""""",json_execute_function,,literal,not_captured,not_verified,https://github.com/signalwire/freeswitch/blob/ef32e205295e29f034f1453ad245ba5efb07b94a/src/mod/applications/mod_commands/mod_commands.c#L7796
json_api:mod_commands:channelData:7797,json_api,mod_commands,channelData,,"""""",json_channel_data_function,,literal,not_captured,not_verified,https://github.com/signalwire/freeswitch/blob/ef32e205295e29f034f1453ad245ba5efb07b94a/src/mod/applications/mod_commands/mod_commands.c#L7797
api:mod_conference:conference:4037,api,mod_conference,conference,,p,conference_api_main,,manual_resolution_required,not_captured,not_verified,https://github.com/signalwire/freeswitch/blob/ef32e205295e29f034f1453ad245ba5efb07b94a/src/mod/applications/mod_conference/mod_conference.c#L4037
app:mod_conference:mod_conference_app_name:4038,app,mod_conference,,,NULL,conference_function,SAF_SUPPORT_TEXT_ONLY,manual_resolution_required,not_captured,not_verified,https://github.com/signalwire/freeswitch/blob/ef32e205295e29f034f1453ad245ba5efb07b94a/src/mod/applications/mod_conference/mod_conference.c#L4038
app:mod_conference:conference_set_auto_outcall:4039,app,mod_conference,conference_set_auto_outcall,,NULL,conference_auto_function,SAF_NONE,manual_resolution_required,not_captured,not_verified,https://github.com/signalwire/freeswitch/blob/ef32e205295e29f034f1453ad245ba5efb07b94a/src/mod/applications/mod_conference/mod_conference.c#L4039
api:mod_curl:curl:1163,api,mod_curl,curl,,SYNTAX,curl_function,,manual_resolution_required,not_captured,not_verified,https://github.com/signalwire/freeswitch/blob/ef32e205295e29f034f1453ad245ba5efb07b94a/src/mod/applications/mod_curl/mod_curl.c#L1163
app:mod_curl:curl:1164,app,mod_curl,curl,,SYNTAX,curl_app_function,SAF_SUPPORT_NOMEDIA | SAF_ROUTING_EXEC,manual_resolution_required,not_captured,not_verified,https://github.com/signalwire/freeswitch/blob/ef32e205295e29f034f1453ad245ba5efb07b94a/src/mod/applications/mod_curl/mod_curl.c#L1164
api:mod_curl:curl_sendfile:1167,api,mod_curl,curl_sendfile,<url> <filenameParamName=filepath> [nopost|postparam1=foo&postparam2=bar... [event|stream|both|none  [identifier ]]],HTTP_SENDFILE_SYNTAX,http_sendfile_function,,literal,not_captured,not_verified,https://github.com/signalwire/freeswitch/blob/ef32e205295e29f034f1453ad245ba5efb07b94a/src/mod/applications/mod_curl/mod_curl.c#L1167
app:mod_curl:curl_sendfile:1168,app,mod_curl,curl_sendfile,<url> <filenameParamName=filepath> [nopost|postparam1=foo&postparam2=bar... [event|none  [identifier ]]],HTTP_SENDFILE_APP_SYNTAX,http_sendfile_app_function,SAF_SUPPORT_NOMEDIA | SAF_ROUTING_EXEC,literal,not_captured,not_verified,https://github.com/signalwire/freeswitch/blob/ef32e205295e29f034f1453ad245ba5efb07b94a/src/mod/applications/mod_curl/mod_curl.c#L1168
app:mod_cv:cv:1399,app,mod_cv,cv,,"""""",cv_start_function,SAF_NONE,literal,not_captured,not_verified,https://github.com/signalwire/freeswitch/blob/ef32e205295e29f034f1453ad245ba5efb07b94a/src/mod/applications/mod_cv/mod_cv.cpp#L1399
app:mod_cv:cv_bug:1401,app,mod_cv,cv_bug,[</path/to/haar.xml>],"""[</path/to/haar.xml>]""",cv_bug_start_function,SAF_NONE,literal,not_captured,not_verified,https://github.com/signalwire/freeswitch/blob/ef32e205295e29f034f1453ad245ba5efb07b94a/src/mod/applications/mod_cv/mod_cv.cpp#L1401
api:mod_cv:cv_bug:1404,api,mod_cv,cv_bug,<uuid> [start|stop],CV_BUG_API_SYNTAX,cv_bug_api_function,,literal,not_captured,not_verified,https://github.com/signalwire/freeswitch/blob/ef32e205295e29f034f1453ad245ba5efb07b94a/src/mod/applications/mod_cv/mod_cv.cpp#L1404
app:mod_db:db:673,app,mod_db,db,[insert|delete]/<realm>/<key>/<val>,DB_USAGE,db_function,SAF_SUPPORT_NOMEDIA | SAF_ZOMBIE_EXEC,literal,not_captured,not_verified,https://github.com/signalwire/freeswitch/blob/ef32e205295e29f034f1453ad245ba5efb07b94a/src/mod/applications/mod_db/mod_db.c#L673
app:mod_db:group:674,app,mod_db,group,[insert|delete]:<group name>:<val>,GROUP_USAGE,group_function,SAF_SUPPORT_NOMEDIA | SAF_ZOMBIE_EXEC,literal,not_captured,not_verified,https://github.com/signalwire/freeswitch/blob/ef32e205295e29f034f1453ad245ba5efb07b94a/src/mod/applications/mod_db/mod_db.c#L674
api:mod_db:db:675,api,mod_db,db,[insert|delete|select|exists|count|list]/<realm>/<key>/<value>,"""[insert|delete|select|exists|count|list]/<realm>/<key>/<value>""",db_api_function,,literal,not_captured,not_verified,https://github.com/signalwire/freeswitch/blob/ef32e205295e29f034f1453ad245ba5efb07b94a/src/mod/applications/mod_db/mod_db.c#L675
api:mod_db:group:682,api,mod_db,group,[insert|delete|call]:<group name>:<url>,"""[insert|delete|call]:<group name>:<url>""",group_api_function,,literal,not_captured,not_verified,https://github.com/signalwire/freeswitch/blob/ef32e205295e29f034f1453ad245ba5efb07b94a/src/mod/applications/mod_db/mod_db.c#L682
app:mod_directory:directory:1092,app,mod_directory,directory,<profile_name> <domain_name> [<context_name>] | [<dialplan_name> <context_name>],DIR_USAGE,directory_function,SAF_NONE,literal,not_captured,not_verified,https://github.com/signalwire/freeswitch/blob/ef32e205295e29f034f1453ad245ba5efb07b94a/src/mod/applications/mod_directory/mod_directory.c#L1092
api:mod_distributor:distributor:509,api,mod_distributor,distributor,<list name>[ <exception1> <exceptionN>],"""<list name>[ <exception1> <exceptionN>]""",distributor_function,,literal,not_captured,not_verified,https://github.com/signalwire/freeswitch/blob/ef32e205295e29f034f1453ad245ba5efb07b94a/src/mod/applications/mod_distributor/mod_distributor.c#L509
api:mod_distributor:distributor_ctl:510,api,mod_distributor,distributor_ctl,[reload],"""[reload]""",distributor_ctl_function,,literal,not_captured,not_verified,https://github.com/signalwire/freeswitch/blob/ef32e205295e29f034f1453ad245ba5efb07b94a/src/mod/applications/mod_distributor/mod_distributor.c#L510
app:mod_distributor:distributor:511,app,mod_distributor,distributor,<list name>[ <exception1> <exceptionN>],"""<list name>[ <exception1> <exceptionN>]""",distributor_exec,SAF_SUPPORT_NOMEDIA | SAF_ROUTING_EXEC,literal,not_captured,not_verified,https://github.com/signalwire/freeswitch/blob/ef32e205295e29f034f1453ad245ba5efb07b94a/src/mod/applications/mod_distributor/mod_distributor.c#L511
api:mod_dptools:strepoch:6621,api,mod_dptools,strepoch,<string>,"""<string>""",strepoch_api_function,,literal,not_captured,not_verified,https://github.com/signalwire/freeswitch/blob/ef32e205295e29f034f1453ad245ba5efb07b94a/src/mod/applications/mod_dptools/mod_dptools.c#L6621
api:mod_dptools:page:6622,api,mod_dptools,page,"(var1=val1,var2=val2)<var1=val1,var2=val2><chan1>[:_:<chanN>]","""(var1=val1,var2=val2)<var1=val1,var2=val2><chan1>[:_:<chanN>]""",page_api_function,,literal,not_captured,not_verified,https://github.com/signalwire/freeswitch/blob/ef32e205295e29f034f1453ad245ba5efb07b94a/src/mod/applications/mod_dptools/mod_dptools.c#L6622
api:mod_dptools:strmicroepoch:6623,api,mod_dptools,strmicroepoch,<string>,"""<string>""",strmicroepoch_api_function,,literal,not_captured,not_verified,https://github.com/signalwire/freeswitch/blob/ef32e205295e29f034f1453ad245ba5efb07b94a/src/mod/applications/mod_dptools/mod_dptools.c#L6623
api:mod_dptools:chat:6624,api,mod_dptools,chat,<proto>|<from>|<to>|<message>|[<content-type>],"""<proto>|<from>|<to>|<message>|[<content-type>]""",chat_api_function,,literal,not_captured,not_verified,https://github.com/signalwire/freeswitch/blob/ef32e205295e29f034f1453ad245ba5efb07b94a/src/mod/applications/mod_dptools/mod_dptools.c#L6624
api:mod_dptools:strftime:6625,api,mod_dptools,strftime,<format_string>,"""<format_string>""",strftime_api_function,,literal,not_captured,not_verified,https://github.com/signalwire/freeswitch/blob/ef32e205295e29f034f1453ad245ba5efb07b94a/src/mod/applications/mod_dptools/mod_dptools.c#L6625
api:mod_dptools:presence:6626,api,mod_dptools,presence,[in|out] <user> <rpid> <message>,PRESENCE_USAGE,presence_api_function,,literal,not_captured,not_verified,https://github.com/signalwire/freeswitch/blob/ef32e205295e29f034f1453ad245ba5efb07b94a/src/mod/applications/mod_dptools/mod_dptools.c#L6626
app:mod_dptools:blind_transfer_ack:6628,app,mod_dptools,blind_transfer_ack,[true|false],"""[true|false]""",blind_transfer_ack_function,SAF_NONE,literal,not_captured,not_verified,https://github.com/signalwire/freeswitch/blob/ef32e205295e29f034f1453ad245ba5efb07b94a/src/mod/applications/mod_dptools/mod_dptools.c#L6628
app:mod_dptools:bind_digit_action:6630,app,mod_dptools,bind_digit_action,"<realm>,<digits|~regex>,<string>[,<value>][,<dtmf target leg>][,<event target leg>]",BIND_DIGIT_ACTION_USAGE,bind_digit_action_function,SAF_SUPPORT_NOMEDIA,literal,not_captured,not_verified,https://github.com/signalwire/freeswitch/blob/ef32e205295e29f034f1453ad245ba5efb07b94a/src/mod/applications/mod_dptools/mod_dptools.c#L6630
app:mod_dptools:capture:6633,app,mod_dptools,capture,<varname>|<data>|<regex>,"""<varname>|<data>|<regex>""",capture_function,SAF_SUPPORT_NOMEDIA,literal,not_captured,not_verified,https://github.com/signalwire/freeswitch/blob/ef32e205295e29f034f1453ad245ba5efb07b94a/src/mod/applications/mod_dptools/mod_dptools.c#L6633
app:mod_dptools:clear_digit_action:6636,app,mod_dptools,clear_digit_action,"<realm>|all[,target]",CLEAR_DIGIT_ACTION_USAGE,clear_digit_action_function,SAF_SUPPORT_NOMEDIA,literal,not_captured,not_verified,https://github.com/signalwire/freeswitch/blob/ef32e205295e29f034f1453ad245ba5efb07b94a/src/mod/applications/mod_dptools/mod_dptools.c#L6636
app:mod_dptools:digit_action_set_realm:6639,app,mod_dptools,digit_action_set_realm,"<realm>[,<target>]",DIGIT_ACTION_SET_REALM_USAGE,digit_action_set_realm_function,SAF_SUPPORT_NOMEDIA,literal,not_captured,not_verified,https://github.com/signalwire/freeswitch/blob/ef32e205295e29f034f1453ad245ba5efb07b94a/src/mod/applications/mod_dptools/mod_dptools.c#L6639
app:mod_dptools:privacy:6642,app,mod_dptools,privacy,off|on|name|full|number,"""off|on|name|full|number""",privacy_function,SAF_SUPPORT_NOMEDIA,literal,not_captured,not_verified,https://github.com/signalwire/freeswitch/blob/ef32e205295e29f034f1453ad245ba5efb07b94a/src/mod/applications/mod_dptools/mod_dptools.c#L6642
app:mod_dptools:set_audio_level:6645,app,mod_dptools,set_audio_level,,"""""",set_audio_level_function,SAF_NONE,literal,not_captured,not_verified,https://github.com/signalwire/freeswitch/blob/ef32e205295e29f034f1453ad245ba5efb07b94a/src/mod/applications/mod_dptools/mod_dptools.c#L6645
app:mod_dptools:set_mute:6646,app,mod_dptools,set_mute,,"""""",set_mute_function,SAF_NONE,literal,not_captured,not_verified,https://github.com/signalwire/freeswitch/blob/ef32e205295e29f034f1453ad245ba5efb07b94a/src/mod/applications/mod_dptools/mod_dptools.c#L6646
app:mod_dptools:flush_dtmf:6648,app,mod_dptools,flush_dtmf,,"""""",flush_dtmf_function,SAF_SUPPORT_NOMEDIA,literal,not_captured,not_verified,https://github.com/signalwire/freeswitch/blob/ef32e205295e29f034f1453ad245ba5efb07b94a/src/mod/applications/mod_dptools/mod_dptools.c#L6648
app:mod_dptools:hold:6649,app,mod_dptools,hold,[<display message>],HOLD_SYNTAX,hold_function,SAF_SUPPORT_NOMEDIA,literal,not_captured,not_verified,https://github.com/signalwire/freeswitch/blob/ef32e205295e29f034f1453ad245ba5efb07b94a/src/mod/applications/mod_dptools/mod_dptools.c#L6649
app:mod_dptools:unhold:6650,app,mod_dptools,unhold,,UNHOLD_SYNTAX,unhold_function,SAF_SUPPORT_NOMEDIA,literal,not_captured,not_verified,https://github.com/signalwire/freeswitch/blob/ef32e205295e29f034f1453ad245ba5efb07b94a/src/mod/applications/mod_dptools/mod_dptools.c#L6650
app:mod_dptools:mutex:6651,app,mod_dptools,mutex,<keyname>[ on|off],MUTEX_SYNTAX,mutex_function,SAF_SUPPORT_NOMEDIA,literal,not_captured,not_verified,https://github.com/signalwire/freeswitch/blob/ef32e205295e29f034f1453ad245ba5efb07b94a/src/mod/applications/mod_dptools/mod_dptools.c#L6651
app:mod_dptools:page:6652,app,mod_dptools,page,"<var1=val1,var2=val2><chan1>[:_:<chanN>]",PAGE_SYNTAX,page_function,SAF_NONE,literal,not_captured,not_verified,https://github.com/signalwire/freeswitch/blob/ef32e205295e29f034f1453ad245ba5efb07b94a/src/mod/applications/mod_dptools/mod_dptools.c#L6652
app:mod_dptools:transfer:6653,app,mod_dptools,transfer,<exten> [<dialplan> <context>],"""<exten> [<dialplan> <context>]""",transfer_function,SAF_SUPPORT_NOMEDIA,literal,not_captured,not_verified,https://github.com/signalwire/freeswitch/blob/ef32e205295e29f034f1453ad245ba5efb07b94a/src/mod/applications/mod_dptools/mod_dptools.c#L6653
app:mod_dptools:check_acl:6655,app,mod_dptools,check_acl,<ip> <acl | cidr> [<hangup_cause>],"""<ip> <acl | cidr> [<hangup_cause>]""",check_acl_function,SAF_SUPPORT_NOMEDIA | SAF_ROUTING_EXEC,literal,not_captured,not_verified,https://github.com/signalwire/freeswitch/blob/ef32e205295e29f034f1453ad245ba5efb07b94a/src/mod/applications/mod_dptools/mod_dptools.c#L6655
app:mod_dptools:verbose_events:6657,app,mod_dptools,verbose_events,,"""""",verbose_events_function,SAF_SUPPORT_NOMEDIA | SAF_ROUTING_EXEC,literal,not_captured,not_verified,https://github.com/signalwire/freeswitch/blob/ef32e205295e29f034f1453ad245ba5efb07b94a/src/mod/applications/mod_dptools/mod_dptools.c#L6657
app:mod_dptools:novideo:6659,app,mod_dptools,novideo,,"""""",novideo_function,SAF_SUPPORT_NOMEDIA | SAF_ROUTING_EXEC,literal,not_captured,not_verified,https://github.com/signalwire/freeswitch/blob/ef32e205295e29f034f1453ad245ba5efb07b94a/src/mod/applications/mod_dptools/mod_dptools.c#L6659
app:mod_dptools:cng_plc:6661,app,mod_dptools,cng_plc,,"""""",cng_plc_function,SAF_SUPPORT_NOMEDIA | SAF_ROUTING_EXEC,literal,not_captured,not_verified,https://github.com/signalwire/freeswitch/blob/ef32e205295e29f034f1453ad245ba5efb07b94a/src/mod/applications/mod_dptools/mod_dptools.c#L6661
app:mod_dptools:early_hangup:6663,app,mod_dptools,early_hangup,,"""""",early_hangup_function,SAF_SUPPORT_NOMEDIA | SAF_ROUTING_EXEC,literal,not_captured,not_verified,https://github.com/signalwire/freeswitch/blob/ef32e205295e29f034f1453ad245ba5efb07b94a/src/mod/applications/mod_dptools/mod_dptools.c#L6663
app:mod_dptools:sleep:6664,app,mod_dptools,sleep,<pausemilliseconds>,"""<pausemilliseconds>""",sleep_function,SAF_SUPPORT_NOMEDIA,literal,not_captured,not_verified,https://github.com/signalwire/freeswitch/blob/ef32e205295e29f034f1453ad245ba5efb07b94a/src/mod/applications/mod_dptools/mod_dptools.c#L6664
app:mod_dptools:delay_echo:6665,app,mod_dptools,delay_echo,<delay ms>,"""<delay ms>""",delay_function,SAF_NONE,literal,not_captured,not_verified,https://github.com/signalwire/freeswitch/blob/ef32e205295e29f034f1453ad245ba5efb07b94a/src/mod/applications/mod_dptools/mod_dptools.c#L6665
app:mod_dptools:strftime:6666,app,mod_dptools,strftime,[<epoch>|]<format string>,"""[<epoch>|]<format string>""",strftime_function,SAF_SUPPORT_NOMEDIA,literal,not_captured,not_verified,https://github.com/signalwire/freeswitch/blob/ef32e205295e29f034f1453ad245ba5efb07b94a/src/mod/applications/mod_dptools/mod_dptools.c#L6666
app:mod_dptools:phrase:6667,app,mod_dptools,phrase,"<macro_name>,<data>","""<macro_name>,<data>""",phrase_function,SAF_NONE,literal,not_captured,not_verified,https://github.com/signalwire/freeswitch/blob/ef32e205295e29f034f1453ad245ba5efb07b94a/src/mod/applications/mod_dptools/mod_dptools.c#L6667
app:mod_dptools:eval:6668,app,mod_dptools,eval,,"""""",eval_function,SAF_SUPPORT_NOMEDIA | SAF_ROUTING_EXEC | SAF_ZOMBIE_EXEC,literal,not_captured,not_verified,https://github.com/signalwire/freeswitch/blob/ef32e205295e29f034f1453ad245ba5efb07b94a/src/mod/applications/mod_dptools/mod_dptools.c#L6668
app:mod_dptools:set_media_stats:6669,app,mod_dptools,set_media_stats,,"""""",set_media_stats_function,SAF_SUPPORT_NOMEDIA | SAF_ROUTING_EXEC | SAF_ZOMBIE_EXEC,literal,not_captured,not_verified,https://github.com/signalwire/freeswitch/blob/ef32e205295e29f034f1453ad245ba5efb07b94a/src/mod/applications/mod_dptools/mod_dptools.c#L6669
app:mod_dptools:stop:6670,app,mod_dptools,stop,,"""""",eval_function,SAF_SUPPORT_NOMEDIA | SAF_ROUTING_EXEC,literal,not_captured,not_verified,https://github.com/signalwire/freeswitch/blob/ef32e205295e29f034f1453ad245ba5efb07b94a/src/mod/applications/mod_dptools/mod_dptools.c#L6670
app:mod_dptools:set_zombie_exec:6671,app,mod_dptools,set_zombie_exec,,"""""",zombie_function,SAF_SUPPORT_NOMEDIA | SAF_ROUTING_EXEC,literal,not_captured,not_verified,https://github.com/signalwire/freeswitch/blob/ef32e205295e29f034f1453ad245ba5efb07b94a/src/mod/applications/mod_dptools/mod_dptools.c#L6671
app:mod_dptools:pre_answer:6673,app,mod_dptools,pre_answer,,"""""",pre_answer_function,SAF_SUPPORT_NOMEDIA,literal,not_captured,not_verified,https://github.com/signalwire/freeswitch/blob/ef32e205295e29f034f1453ad245ba5efb07b94a/src/mod/applications/mod_dptools/mod_dptools.c#L6673
app:mod_dptools:answer:6674,app,mod_dptools,answer,,"""""",answer_function,SAF_SUPPORT_NOMEDIA,literal,not_captured,not_verified,https://github.com/signalwire/freeswitch/blob/ef32e205295e29f034f1453ad245ba5efb07b94a/src/mod/applications/mod_dptools/mod_dptools.c#L6674
app:mod_dptools:wait_for_answer:6675,app,mod_dptools,wait_for_answer,,"""""",wait_for_answer_function,SAF_SUPPORT_NOMEDIA,literal,not_captured,not_verified,https://github.com/signalwire/freeswitch/blob/ef32e205295e29f034f1453ad245ba5efb07b94a/src/mod/applications/mod_dptools/mod_dptools.c#L6675
app:mod_dptools:wait_for_video_ready:6676,app,mod_dptools,wait_for_video_ready,"[<ms, 1..10000>]",WAIT_FOR_VIDEO_READY_SYNTAX,wait_for_video_ready_function,SAF_NONE,literal,not_captured,not_verified,https://github.com/signalwire/freeswitch/blob/ef32e205295e29f034f1453ad245ba5efb07b94a/src/mod/applications/mod_dptools/mod_dptools.c#L6676
app:mod_dptools:hangup:6677,app,mod_dptools,hangup,[<cause>],"""[<cause>]""",hangup_function,SAF_SUPPORT_NOMEDIA,literal,not_captured,not_verified,https://github.com/signalwire/freeswitch/blob/ef32e205295e29f034f1453ad245ba5efb07b94a/src/mod/applications/mod_dptools/mod_dptools.c#L6677
app:mod_dptools:set_name:6678,app,mod_dptools,set_name,<name>,"""<name>""",set_name_function,SAF_SUPPORT_NOMEDIA,literal,not_captured,not_verified,https://github.com/signalwire/freeswitch/blob/ef32e205295e29f034f1453ad245ba5efb07b94a/src/mod/applications/mod_dptools/mod_dptools.c#L6678
app:mod_dptools:presence:6679,app,mod_dptools,presence,<rpid> <status> [<id>],"""<rpid> <status> [<id>]""",presence_function,SAF_SUPPORT_NOMEDIA | SAF_ROUTING_EXEC,literal,not_captured,not_verified,https://github.com/signalwire/freeswitch/blob/ef32e205295e29f034f1453ad245ba5efb07b94a/src/mod/applications/mod_dptools/mod_dptools.c#L6679
app:mod_dptools:log:6681,app,mod_dptools,log,<log_level> <log_string>,"""<log_level> <log_string>""",log_function,SAF_SUPPORT_NOMEDIA | SAF_ROUTING_EXEC | SAF_ZOMBIE_EXEC,literal,not_captured,not_verified,https://github.com/signalwire/freeswitch/blob/ef32e205295e29f034f1453ad245ba5efb07b94a/src/mod/applications/mod_dptools/mod_dptools.c#L6681
app:mod_dptools:info:6683,app,mod_dptools,info,,"""""",info_function,SAF_SUPPORT_NOMEDIA | SAF_ROUTING_EXEC | SAF_ZOMBIE_EXEC,literal,not_captured,not_verified,https://github.com/signalwire/freeswitch/blob/ef32e205295e29f034f1453ad245ba5efb07b94a/src/mod/applications/mod_dptools/mod_dptools.c#L6683
app:mod_dptools:event:6684,app,mod_dptools,event,,"""""",event_function,SAF_SUPPORT_NOMEDIA | SAF_ROUTING_EXEC | SAF_ZOMBIE_EXEC,literal,not_captured,not_verified,https://github.com/signalwire/freeswitch/blob/ef32e205295e29f034f1453ad245ba5efb07b94a/src/mod/applications/mod_dptools/mod_dptools.c#L6684
app:mod_dptools:sound_test:6685,app,mod_dptools,sound_test,,"""""",sound_test_function,SAF_NONE,literal,not_captured,not_verified,https://github.com/signalwire/freeswitch/blob/ef32e205295e29f034f1453ad245ba5efb07b94a/src/mod/applications/mod_dptools/mod_dptools.c#L6685
app:mod_dptools:export:6686,app,mod_dptools,export,<varname>=<value>,"""<varname>=<value>""",export_function,SAF_SUPPORT_NOMEDIA | SAF_ROUTING_EXEC | SAF_ZOMBIE_EXEC,literal,not_captured,not_verified,https://github.com/signalwire/freeswitch/blob/ef32e205295e29f034f1453ad245ba5efb07b94a/src/mod/applications/mod_dptools/mod_dptools.c#L6686
app:mod_dptools:bridge_export:6688,app,mod_dptools,bridge_export,<varname>=<value>,"""<varname>=<value>""",bridge_export_function,SAF_SUPPORT_NOMEDIA | SAF_ROUTING_EXEC | SAF_ZOMBIE_EXEC,literal,not_captured,not_verified,https://github.com/signalwire/freeswitch/blob/ef32e205295e29f034f1453ad245ba5efb07b94a/src/mod/applications/mod_dptools/mod_dptools.c#L6688
app:mod_dptools:set:6690,app,mod_dptools,set,<varname>=<value>,"""<varname>=<value>""",set_function,SAF_SUPPORT_NOMEDIA | SAF_ROUTING_EXEC | SAF_ZOMBIE_EXEC,literal,not_captured,not_verified,https://github.com/signalwire/freeswitch/blob/ef32e205295e29f034f1453ad245ba5efb07b94a/src/mod/applications/mod_dptools/mod_dptools.c#L6690
app:mod_dptools:multiset:6693,app,mod_dptools,multiset,[^^<delim>]<varname>=<value> <var2>=<val2>,"""[^^<delim>]<varname>=<value> <var2>=<val2>""",multiset_function,SAF_SUPPORT_NOMEDIA | SAF_ROUTING_EXEC | SAF_ZOMBIE_EXEC,literal,not_captured,not_verified,https://github.com/signalwire/freeswitch/blob/ef32e205295e29f034f1453ad245ba5efb07b94a/src/mod/applications/mod_dptools/mod_dptools.c#L6693
app:mod_dptools:push:6696,app,mod_dptools,push,<varname>=<value>,"""<varname>=<value>""",push_function,SAF_SUPPORT_NOMEDIA | SAF_ROUTING_EXEC | SAF_ZOMBIE_EXEC,literal,not_captured,not_verified,https://github.com/signalwire/freeswitch/blob/ef32e205295e29f034f1453ad245ba5efb07b94a/src/mod/applications/mod_dptools/mod_dptools.c#L6696
app:mod_dptools:unshift:6699,app,mod_dptools,unshift,<varname>=<value>,"""<varname>=<value>""",unshift_function,SAF_SUPPORT_NOMEDIA | SAF_ROUTING_EXEC | SAF_ZOMBIE_EXEC,literal,not_captured,not_verified,https://github.com/signalwire/freeswitch/blob/ef32e205295e29f034f1453ad245ba5efb07b94a/src/mod/applications/mod_dptools/mod_dptools.c#L6699
app:mod_dptools:set_global:6702,app,mod_dptools,set_global,<varname>=<value>,"""<varname>=<value>""",set_global_function,SAF_SUPPORT_NOMEDIA | SAF_ROUTING_EXEC | SAF_ZOMBIE_EXEC,literal,not_captured,not_verified,https://github.com/signalwire/freeswitch/blob/ef32e205295e29f034f1453ad245ba5efb07b94a/src/mod/applications/mod_dptools/mod_dptools.c#L6702
app:mod_dptools:set_profile_var:6704,app,mod_dptools,set_profile_var,<varname>=<value>,"""<varname>=<value>""",set_profile_var_function,SAF_SUPPORT_NOMEDIA | SAF_ROUTING_EXEC | SAF_ZOMBIE_EXEC,literal,not_captured,not_verified,https://github.com/signalwire/freeswitch/blob/ef32e205295e29f034f1453ad245ba5efb07b94a/src/mod/applications/mod_dptools/mod_dptools.c#L6704
app:mod_dptools:unset:6706,app,mod_dptools,unset,<varname>,"""<varname>""",unset_function,SAF_SUPPORT_NOMEDIA | SAF_ROUTING_EXEC | SAF_ZOMBIE_EXEC,literal,not_captured,not_verified,https://github.com/signalwire/freeswitch/blob/ef32e205295e29f034f1453ad245ba5efb07b94a/src/mod/applications/mod_dptools/mod_dptools.c#L6706
app:mod_dptools:multiunset:6708,app,mod_dptools,multiunset,[^^<delim>]<varname> <var2> <var3>,"""[^^<delim>]<varname> <var2> <var3>""",multiunset_function,SAF_SUPPORT_NOMEDIA | SAF_ROUTING_EXEC | SAF_ZOMBIE_EXEC,literal,not_captured,not_verified,https://github.com/signalwire/freeswitch/blob/ef32e205295e29f034f1453ad245ba5efb07b94a/src/mod/applications/mod_dptools/mod_dptools.c#L6708
app:mod_dptools:capture_text:6711,app,mod_dptools,capture_text,,"""""",capture_text_function,SAF_SUPPORT_NOMEDIA | SAF_SUPPORT_TEXT_ONLY,literal,not_captured,not_verified,https://github.com/signalwire/freeswitch/blob/ef32e205295e29f034f1453ad245ba5efb07b94a/src/mod/applications/mod_dptools/mod_dptools.c#L6711
app:mod_dptools:acknowledge_call:6712,app,mod_dptools,acknowledge_call,,"""""",acknowledge_call_function,SAF_SUPPORT_NOMEDIA,literal,not_captured,not_verified,https://github.com/signalwire/freeswitch/blob/ef32e205295e29f034f1453ad245ba5efb07b94a/src/mod/applications/mod_dptools/mod_dptools.c#L6712
app:mod_dptools:ring_ready:6713,app,mod_dptools,ring_ready,,"""""",ring_ready_function,SAF_SUPPORT_NOMEDIA,literal,not_captured,not_verified,https://github.com/signalwire/freeswitch/blob/ef32e205295e29f034f1453ad245ba5efb07b94a/src/mod/applications/mod_dptools/mod_dptools.c#L6713
app:mod_dptools:remove_bugs:6714,app,mod_dptools,remove_bugs,[<function>],"""[<function>]""",remove_bugs_function,SAF_NONE,literal,not_captured,not_verified,https://github.com/signalwire/freeswitch/blob/ef32e205295e29f034f1453ad245ba5efb07b94a/src/mod/applications/mod_dptools/mod_dptools.c#L6714
app:mod_dptools:break:6715,app,mod_dptools,break,,"""""",break_function,SAF_SUPPORT_NOMEDIA,literal,not_captured,not_verified,https://github.com/signalwire/freeswitch/blob/ef32e205295e29f034f1453ad245ba5efb07b94a/src/mod/applications/mod_dptools/mod_dptools.c#L6715
app:mod_dptools:detect_speech:6716,app,mod_dptools,detect_speech,<mod_name> <gram_name> <gram_path> [<addr>] OR grammar <gram_name> [<path>] OR nogrammar <gram_name> OR grammaron/grammaroff <gram_name> OR grammarsalloff OR pause OR resume OR start_input_timers OR stop OR param <name> <value>,DETECT_SPEECH_SYNTAX,detect_speech_function,SAF_NONE,literal,not_captured,not_verified,https://github.com/signalwire/freeswitch/blob/ef32e205295e29f034f1453ad245ba5efb07b94a/src/mod/applications/mod_dptools/mod_dptools.c#L6716
app:mod_dptools:play_and_detect_speech:6717,app,mod_dptools,play_and_detect_speech,"<file> detect:<engine> {param1=val1,param2=val2}<grammar>",PLAY_AND_DETECT_SPEECH_SYNTAX,play_and_detect_speech_function,SAF_NONE,literal,not_captured,not_verified,https://github.com/signalwire/freeswitch/blob/ef32e205295e29f034f1453ad245ba5efb07b94a/src/mod/applications/mod_dptools/mod_dptools.c#L6717
app:mod_dptools:ivr:6718,app,mod_dptools,ivr,<menu_name>,"""<menu_name>""",ivr_application_function,SAF_NONE,literal,not_captured,not_verified,https://github.com/signalwire/freeswitch/blob/ef32e205295e29f034f1453ad245ba5efb07b94a/src/mod/applications/mod_dptools/mod_dptools.c#L6718
app:mod_dptools:redirect:6719,app,mod_dptools,redirect,<redirect_data>,"""<redirect_data>""",redirect_function,SAF_SUPPORT_NOMEDIA,literal,not_captured,not_verified,https://github.com/signalwire/freeswitch/blob/ef32e205295e29f034f1453ad245ba5efb07b94a/src/mod/applications/mod_dptools/mod_dptools.c#L6719
app:mod_dptools:video_refresh:6721,app,mod_dptools,video_refresh,[manual|auto],"""[manual|auto]""",video_refresh_function,SAF_SUPPORT_NOMEDIA,literal,not_captured,not_verified,https://github.com/signalwire/freeswitch/blob/ef32e205295e29f034f1453ad245ba5efb07b94a/src/mod/applications/mod_dptools/mod_dptools.c#L6721
app:mod_dptools:video_decode:6723,app,mod_dptools,video_decode,[[on|wait]|off],"""[[on|wait]|off]""",video_set_decode_function,SAF_NONE,literal,not_captured,not_verified,https://github.com/signalwire/freeswitch/blob/ef32e205295e29f034f1453ad245ba5efb07b94a/src/mod/applications/mod_dptools/mod_dptools.c#L6723
app:mod_dptools:send_info:6725,app,mod_dptools,send_info,<info>,"""<info>""",send_info_function,SAF_SUPPORT_NOMEDIA,literal,not_captured,not_verified,https://github.com/signalwire/freeswitch/blob/ef32e205295e29f034f1453ad245ba5efb07b94a/src/mod/applications/mod_dptools/mod_dptools.c#L6725
app:mod_dptools:jitterbuffer:6726,app,mod_dptools,jitterbuffer,<jitterbuffer_data>,"""<jitterbuffer_data>""",jitterbuffer_function,SAF_SUPPORT_NOMEDIA,literal,not_captured,not_verified,https://github.com/signalwire/freeswitch/blob/ef32e205295e29f034f1453ad245ba5efb07b94a/src/mod/applications/mod_dptools/mod_dptools.c#L6726
app:mod_dptools:send_display:6728,app,mod_dptools,send_display,<text>,"""<text>""",display_function,SAF_SUPPORT_NOMEDIA,literal,not_captured,not_verified,https://github.com/signalwire/freeswitch/blob/ef32e205295e29f034f1453ad245ba5efb07b94a/src/mod/applications/mod_dptools/mod_dptools.c#L6728
app:mod_dptools:respond:6730,app,mod_dptools,respond,<respond_data>,"""<respond_data>""",respond_function,SAF_SUPPORT_NOMEDIA,literal,not_captured,not_verified,https://github.com/signalwire/freeswitch/blob/ef32e205295e29f034f1453ad245ba5efb07b94a/src/mod/applications/mod_dptools/mod_dptools.c#L6730
app:mod_dptools:deflect:6732,app,mod_dptools,deflect,<deflect_data>,"""<deflect_data>""",deflect_function,SAF_SUPPORT_NOMEDIA,literal,not_captured,not_verified,https://github.com/signalwire/freeswitch/blob/ef32e205295e29f034f1453ad245ba5efb07b94a/src/mod/applications/mod_dptools/mod_dptools.c#L6732
app:mod_dptools:recovery_refresh:6733,app,mod_dptools,recovery_refresh,,"""""",recovery_refresh_function,SAF_SUPPORT_NOMEDIA,literal,not_captured,not_verified,https://github.com/signalwire/freeswitch/blob/ef32e205295e29f034f1453ad245ba5efb07b94a/src/mod/applications/mod_dptools/mod_dptools.c#L6733
app:mod_dptools:reuse_caller_profile:6734,app,mod_dptools,reuse_caller_profile,,"""""",reuse_caller_profile_function,SAF_SUPPORT_NOMEDIA,literal,not_captured,not_verified,https://github.com/signalwire/freeswitch/blob/ef32e205295e29f034f1453ad245ba5efb07b94a/src/mod/applications/mod_dptools/mod_dptools.c#L6734
app:mod_dptools:queue_dtmf:6735,app,mod_dptools,queue_dtmf,<dtmf_data>,"""<dtmf_data>""",queue_dtmf_function,SAF_SUPPORT_NOMEDIA,literal,not_captured,not_verified,https://github.com/signalwire/freeswitch/blob/ef32e205295e29f034f1453ad245ba5efb07b94a/src/mod/applications/mod_dptools/mod_dptools.c#L6735
app:mod_dptools:send_dtmf:6737,app,mod_dptools,send_dtmf,<dtmf_data>,"""<dtmf_data>""",send_dtmf_function,SAF_SUPPORT_NOMEDIA,literal,not_captured,not_verified,https://github.com/signalwire/freeswitch/blob/ef32e205295e29f034f1453ad245ba5efb07b94a/src/mod/applications/mod_dptools/mod_dptools.c#L6737
app:mod_dptools:sched_cancel:6739,app,mod_dptools,sched_cancel,[group],"""[group]""",sched_cancel_function,SAF_SUPPORT_NOMEDIA,literal,not_captured,not_verified,https://github.com/signalwire/freeswitch/blob/ef32e205295e29f034f1453ad245ba5efb07b94a/src/mod/applications/mod_dptools/mod_dptools.c#L6739
app:mod_dptools:sched_hangup:6741,app,mod_dptools,sched_hangup,[+]<time> [<cause>],"""[+]<time> [<cause>]""",sched_hangup_function,SAF_SUPPORT_NOMEDIA,literal,not_captured,not_verified,https://github.com/signalwire/freeswitch/blob/ef32e205295e29f034f1453ad245ba5efb07b94a/src/mod/applications/mod_dptools/mod_dptools.c#L6741
app:mod_dptools:sched_broadcast:6743,app,mod_dptools,sched_broadcast,[+]<time> <path> [aleg|bleg|both],"""[+]<time> <path> [aleg|bleg|both]""",sched_broadcast_function,SAF_SUPPORT_NOMEDIA,literal,not_captured,not_verified,https://github.com/signalwire/freeswitch/blob/ef32e205295e29f034f1453ad245ba5efb07b94a/src/mod/applications/mod_dptools/mod_dptools.c#L6743
app:mod_dptools:sched_transfer:6745,app,mod_dptools,sched_transfer,[+]<time> <extension> <dialplan> <context>,"""[+]<time> <extension> <dialplan> <context>""",sched_transfer_function,SAF_SUPPORT_NOMEDIA,literal,not_captured,not_verified,https://github.com/signalwire/freeswitch/blob/ef32e205295e29f034f1453ad245ba5efb07b94a/src/mod/applications/mod_dptools/mod_dptools.c#L6745
app:mod_dptools:execute_extension:6747,app,mod_dptools,execute_extension,<extension> <dialplan> <context>,EXE_SYNTAX,exe_function,SAF_SUPPORT_NOMEDIA,literal,not_captured,not_verified,https://github.com/signalwire/freeswitch/blob/ef32e205295e29f034f1453ad245ba5efb07b94a/src/mod/applications/mod_dptools/mod_dptools.c#L6747
app:mod_dptools:sched_heartbeat:6748,app,mod_dptools,sched_heartbeat,[0|<seconds>],SCHED_HEARTBEAT_SYNTAX,sched_heartbeat_function,SAF_SUPPORT_NOMEDIA,literal,not_captured,not_verified,https://github.com/signalwire/freeswitch/blob/ef32e205295e29f034f1453ad245ba5efb07b94a/src/mod/applications/mod_dptools/mod_dptools.c#L6748
app:mod_dptools:enable_heartbeat:6750,app,mod_dptools,enable_heartbeat,[0|<seconds>],HEARTBEAT_SYNTAX,heartbeat_function,SAF_SUPPORT_NOMEDIA,literal,not_captured,not_verified,https://github.com/signalwire/freeswitch/blob/ef32e205295e29f034f1453ad245ba5efb07b94a/src/mod/applications/mod_dptools/mod_dptools.c#L6750
app:mod_dptools:filter_codecs:6753,app,mod_dptools,filter_codecs,<codec string>,FILTER_CODECS_SYNTAX,filter_codecs_function,SAF_SUPPORT_NOMEDIA,literal,not_captured,not_verified,https://github.com/signalwire/freeswitch/blob/ef32e205295e29f034f1453ad245ba5efb07b94a/src/mod/applications/mod_dptools/mod_dptools.c#L6753
app:mod_dptools:enable_keepalive:6755,app,mod_dptools,enable_keepalive,[0|<seconds>],KEEPALIVE_SYNTAX,keepalive_function,SAF_SUPPORT_NOMEDIA,literal,not_captured,not_verified,https://github.com/signalwire/freeswitch/blob/ef32e205295e29f034f1453ad245ba5efb07b94a/src/mod/applications/mod_dptools/mod_dptools.c#L6755
app:mod_dptools:media_reset:6758,app,mod_dptools,media_reset,,"""""",media_reset_function,SAF_SUPPORT_NOMEDIA,literal,not_captured,not_verified,https://github.com/signalwire/freeswitch/blob/ef32e205295e29f034f1453ad245ba5efb07b94a/src/mod/applications/mod_dptools/mod_dptools.c#L6758
app:mod_dptools:mkdir:6759,app,mod_dptools,mkdir,<path>,MKDIR_SYNTAX,mkdir_function,SAF_SUPPORT_NOMEDIA,literal,not_captured,not_verified,https://github.com/signalwire/freeswitch/blob/ef32e205295e29f034f1453ad245ba5efb07b94a/src/mod/applications/mod_dptools/mod_dptools.c#L6759
app:mod_dptools:rename:6760,app,mod_dptools,rename,<from_path> <to_path>,RENAME_SYNTAX,rename_function,SAF_SUPPORT_NOMEDIA | SAF_ZOMBIE_EXEC,literal,not_captured,not_verified,https://github.com/signalwire/freeswitch/blob/ef32e205295e29f034f1453ad245ba5efb07b94a/src/mod/applications/mod_dptools/mod_dptools.c#L6760
app:mod_dptools:transfer_vars:6761,app,mod_dptools,transfer_vars,<~variable_prefix|variable>,TRANSFER_VARS_SYNTAX,transfer_vars_function,SAF_SUPPORT_NOMEDIA | SAF_ZOMBIE_EXEC,literal,not_captured,not_verified,https://github.com/signalwire/freeswitch/blob/ef32e205295e29f034f1453ad245ba5efb07b94a/src/mod/applications/mod_dptools/mod_dptools.c#L6761
app:mod_dptools:soft_hold:6763,app,mod_dptools,soft_hold,<unhold key> [<moh_a>] [<moh_b>],SOFT_HOLD_SYNTAX,soft_hold_function,SAF_NONE,literal,not_captured,not_verified,https://github.com/signalwire/freeswitch/blob/ef32e205295e29f034f1453ad245ba5efb07b94a/src/mod/applications/mod_dptools/mod_dptools.c#L6763
app:mod_dptools:bind_meta_app:6765,app,mod_dptools,bind_meta_app,<key> [a|b|ab] [a|b|o|s|i|1] <app>,BIND_SYNTAX,dtmf_bind_function,SAF_SUPPORT_NOMEDIA,literal,not_captured,not_verified,https://github.com/signalwire/freeswitch/blob/ef32e205295e29f034f1453ad245ba5efb07b94a/src/mod/applications/mod_dptools/mod_dptools.c#L6765
app:mod_dptools:unbind_meta_app:6767,app,mod_dptools,unbind_meta_app,[<key>],UNBIND_SYNTAX,dtmf_unbind_function,SAF_SUPPORT_NOMEDIA,literal,not_captured,not_verified,https://github.com/signalwire/freeswitch/blob/ef32e205295e29f034f1453ad245ba5efb07b94a/src/mod/applications/mod_dptools/mod_dptools.c#L6767
app:mod_dptools:block_dtmf:6769,app,mod_dptools,block_dtmf,,"""""",dtmf_block_function,SAF_SUPPORT_NOMEDIA,literal,not_captured,not_verified,https://github.com/signalwire/freeswitch/blob/ef32e205295e29f034f1453ad245ba5efb07b94a/src/mod/applications/mod_dptools/mod_dptools.c#L6769
app:mod_dptools:unblock_dtmf:6770,app,mod_dptools,unblock_dtmf,,"""""",dtmf_unblock_function,SAF_SUPPORT_NOMEDIA,literal,not_captured,not_verified,https://github.com/signalwire/freeswitch/blob/ef32e205295e29f034f1453ad245ba5efb07b94a/src/mod/applications/mod_dptools/mod_dptools.c#L6770
app:mod_dptools:intercept:6771,app,mod_dptools,intercept,[-bleg] <uuid>,INTERCEPT_SYNTAX,intercept_function,SAF_NONE,literal,not_captured,not_verified,https://github.com/signalwire/freeswitch/blob/ef32e205295e29f034f1453ad245ba5efb07b94a/src/mod/applications/mod_dptools/mod_dptools.c#L6771
app:mod_dptools:eavesdrop:6772,app,mod_dptools,eavesdrop,[all | <uuid>],eavesdrop_SYNTAX,eavesdrop_function,SAF_MEDIA_TAP,literal,not_captured,not_verified,https://github.com/signalwire/freeswitch/blob/ef32e205295e29f034f1453ad245ba5efb07b94a/src/mod/applications/mod_dptools/mod_dptools.c#L6772
app:mod_dptools:native_eavesdrop:6773,app,mod_dptools,native_eavesdrop,<uuid> [read|write],native_eavesdrop_SYNTAX,native_eavesdrop_function,SAF_MEDIA_TAP,literal,not_captured,not_verified,https://github.com/signalwire/freeswitch/blob/ef32e205295e29f034f1453ad245ba5efb07b94a/src/mod/applications/mod_dptools/mod_dptools.c#L6773
app:mod_dptools:three_way:6774,app,mod_dptools,three_way,<uuid>,threeway_SYNTAX,three_way_function,SAF_MEDIA_TAP,literal,not_captured,not_verified,https://github.com/signalwire/freeswitch/blob/ef32e205295e29f034f1453ad245ba5efb07b94a/src/mod/applications/mod_dptools/mod_dptools.c#L6774
app:mod_dptools:set_user:6776,app,mod_dptools,set_user,<user>@<domain> [prefix],SET_USER_SYNTAX,set_user_function,SAF_SUPPORT_NOMEDIA | SAF_ROUTING_EXEC,literal,not_captured,not_verified,https://github.com/signalwire/freeswitch/blob/ef32e205295e29f034f1453ad245ba5efb07b94a/src/mod/applications/mod_dptools/mod_dptools.c#L6776
app:mod_dptools:stop_dtmf:6777,app,mod_dptools,stop_dtmf,,"""""",stop_dtmf_session_function,SAF_NONE,literal,not_captured,not_verified,https://github.com/signalwire/freeswitch/blob/ef32e205295e29f034f1453ad245ba5efb07b94a/src/mod/applications/mod_dptools/mod_dptools.c#L6777
app:mod_dptools:start_dtmf:6778,app,mod_dptools,start_dtmf,,"""""",dtmf_session_function,SAF_MEDIA_TAP,literal,not_captured,not_verified,https://github.com/signalwire/freeswitch/blob/ef32e205295e29f034f1453ad245ba5efb07b94a/src/mod/applications/mod_dptools/mod_dptools.c#L6778
app:mod_dptools:stop_dtmf_generate:6779,app,mod_dptools,stop_dtmf_generate,[write],"""[write]""",stop_dtmf_session_generate_function,SAF_NONE,literal,not_captured,not_verified,https://github.com/signalwire/freeswitch/blob/ef32e205295e29f034f1453ad245ba5efb07b94a/src/mod/applications/mod_dptools/mod_dptools.c#L6779
app:mod_dptools:start_dtmf_generate:6781,app,mod_dptools,start_dtmf_generate,,"""""",dtmf_session_generate_function,SAF_NONE,literal,not_captured,not_verified,https://github.com/signalwire/freeswitch/blob/ef32e205295e29f034f1453ad245ba5efb07b94a/src/mod/applications/mod_dptools/mod_dptools.c#L6781
app:mod_dptools:stop_tone_detect:6783,app,mod_dptools,stop_tone_detect,,"""""",stop_fax_detect_session_function,SAF_NONE,literal,not_captured,not_verified,https://github.com/signalwire/freeswitch/blob/ef32e205295e29f034f1453ad245ba5efb07b94a/src/mod/applications/mod_dptools/mod_dptools.c#L6783
app:mod_dptools:fax_detect:6784,app,mod_dptools,fax_detect,,"""""",fax_detect_session_function,SAF_MEDIA_TAP,literal,not_captured,not_verified,https://github.com/signalwire/freeswitch/blob/ef32e205295e29f034f1453ad245ba5efb07b94a/src/mod/applications/mod_dptools/mod_dptools.c#L6784
app:mod_dptools:tone_detect:6785,app,mod_dptools,tone_detect,,"""""",tone_detect_session_function,SAF_MEDIA_TAP,literal,not_captured,not_verified,https://github.com/signalwire/freeswitch/blob/ef32e205295e29f034f1453ad245ba5efb07b94a/src/mod/applications/mod_dptools/mod_dptools.c#L6785
app:mod_dptools:echo:6786,app,mod_dptools,echo,,"""""",echo_function,SAF_SUPPORT_TEXT_ONLY,literal,not_captured,not_verified,https://github.com/signalwire/freeswitch/blob/ef32e205295e29f034f1453ad245ba5efb07b94a/src/mod/applications/mod_dptools/mod_dptools.c#L6786
app:mod_dptools:park:6787,app,mod_dptools,park,,"""""",park_function,SAF_SUPPORT_NOMEDIA,literal,not_captured,not_verified,https://github.com/signalwire/freeswitch/blob/ef32e205295e29f034f1453ad245ba5efb07b94a/src/mod/applications/mod_dptools/mod_dptools.c#L6787
app:mod_dptools:park_state:6788,app,mod_dptools,park_state,,"""""",park_state_function,SAF_NONE,literal,not_captured,not_verified,https://github.com/signalwire/freeswitch/blob/ef32e205295e29f034f1453ad245ba5efb07b94a/src/mod/applications/mod_dptools/mod_dptools.c#L6788
app:mod_dptools:gentones:6789,app,mod_dptools,gentones,<tgml_script>[|<loops>],"""<tgml_script>[|<loops>]""",gentones_function,SAF_NONE,literal,not_captured,not_verified,https://github.com/signalwire/freeswitch/blob/ef32e205295e29f034f1453ad245ba5efb07b94a/src/mod/applications/mod_dptools/mod_dptools.c#L6789
app:mod_dptools:playback:6790,app,mod_dptools,playback,<path>,"""<path>""",playback_function,SAF_NONE,literal,not_captured,not_verified,https://github.com/signalwire/freeswitch/blob/ef32e205295e29f034f1453ad245ba5efb07b94a/src/mod/applications/mod_dptools/mod_dptools.c#L6790
app:mod_dptools:broadcast:6791,app,mod_dptools,broadcast,<path> <leg>,"""<path> <leg>""",broadcast_function,SAF_NONE,literal,not_captured,not_verified,https://github.com/signalwire/freeswitch/blob/ef32e205295e29f034f1453ad245ba5efb07b94a/src/mod/applications/mod_dptools/mod_dptools.c#L6791
app:mod_dptools:endless_playback:6792,app,mod_dptools,endless_playback,<path>,"""<path>""",endless_playback_function,SAF_NONE,literal,not_captured,not_verified,https://github.com/signalwire/freeswitch/blob/ef32e205295e29f034f1453ad245ba5efb07b94a/src/mod/applications/mod_dptools/mod_dptools.c#L6792
app:mod_dptools:loop_playback:6794,app,mod_dptools,loop_playback,[+loops] <path>,"""[+loops] <path>""",loop_playback_function,SAF_NONE,literal,not_captured,not_verified,https://github.com/signalwire/freeswitch/blob/ef32e205295e29f034f1453ad245ba5efb07b94a/src/mod/applications/mod_dptools/mod_dptools.c#L6794
app:mod_dptools:att_xfer:6796,app,mod_dptools,att_xfer,<channel_url>,"""<channel_url>""",att_xfer_function,SAF_NONE,literal,not_captured,not_verified,https://github.com/signalwire/freeswitch/blob/ef32e205295e29f034f1453ad245ba5efb07b94a/src/mod/applications/mod_dptools/mod_dptools.c#L6796
app:mod_dptools:read:6797,app,mod_dptools,read,<min> <max> <file> <var_name> <timeout> <terminators> <digit_timeout>,"""<min> <max> <file> <var_name> <timeout> <terminators> <digit_timeout>""",read_function,SAF_NONE,literal,not_captured,not_verified,https://github.com/signalwire/freeswitch/blob/ef32e205295e29f034f1453ad245ba5efb07b94a/src/mod/applications/mod_dptools/mod_dptools.c#L6797
app:mod_dptools:play_and_get_digits:6799,app,mod_dptools,play_and_get_digits,"
	<min> <max> <tries> <timeout> <terminators> <file> <invalid_file> <var_name> <regexp> [<digit_timeout>] ['<failure_ext> [failure_dp [failure_context]]']","""\n\t<min> <max> <tries> <timeout> <terminators> <file> <invalid_file> <var_name> <regexp> [<digit_timeout>] ['<failure_ext> [failure_dp [failure_context]]']""",play_and_get_digits_function,SAF_NONE,literal,not_captured,not_verified,https://github.com/signalwire/freeswitch/blob/ef32e205295e29f034f1453ad245ba5efb07b94a/src/mod/applications/mod_dptools/mod_dptools.c#L6799
app:mod_dptools:stop_video_write_overlay:6803,app,mod_dptools,stop_video_write_overlay,<path>,"""<path>""",stop_video_write_overlay_session_function,SAF_NONE,literal,not_captured,not_verified,https://github.com/signalwire/freeswitch/blob/ef32e205295e29f034f1453ad245ba5efb07b94a/src/mod/applications/mod_dptools/mod_dptools.c#L6803
app:mod_dptools:video_write_overlay:6804,app,mod_dptools,video_write_overlay,<path> [<pos>] [<alpha>],"""<path> [<pos>] [<alpha>]""",video_write_overlay_session_function,SAF_MEDIA_TAP,literal,not_captured,not_verified,https://github.com/signalwire/freeswitch/blob/ef32e205295e29f034f1453ad245ba5efb07b94a/src/mod/applications/mod_dptools/mod_dptools.c#L6804
app:mod_dptools:stop_record_session:6806,app,mod_dptools,stop_record_session,<path>,"""<path>""",stop_record_session_function,SAF_NONE,literal,not_captured,not_verified,https://github.com/signalwire/freeswitch/blob/ef32e205295e29f034f1453ad245ba5efb07b94a/src/mod/applications/mod_dptools/mod_dptools.c#L6806
app:mod_dptools:record_session:6807,app,mod_dptools,record_session,<path> [+<timeout>],"""<path> [+<timeout>]""",record_session_function,SAF_MEDIA_TAP,literal,not_captured,not_verified,https://github.com/signalwire/freeswitch/blob/ef32e205295e29f034f1453ad245ba5efb07b94a/src/mod/applications/mod_dptools/mod_dptools.c#L6807
app:mod_dptools:record_session_mask:6808,app,mod_dptools,record_session_mask,<path>,"""<path>""",record_session_mask_function,SAF_MEDIA_TAP,literal,not_captured,not_verified,https://github.com/signalwire/freeswitch/blob/ef32e205295e29f034f1453ad245ba5efb07b94a/src/mod/applications/mod_dptools/mod_dptools.c#L6808
app:mod_dptools:record_session_unmask:6809,app,mod_dptools,record_session_unmask,<path>,"""<path>""",record_session_unmask_function,SAF_MEDIA_TAP,literal,not_captured,not_verified,https://github.com/signalwire/freeswitch/blob/ef32e205295e29f034f1453ad245ba5efb07b94a/src/mod/applications/mod_dptools/mod_dptools.c#L6809
app:mod_dptools:record_session_pause:6810,app,mod_dptools,record_session_pause,<path>,"""<path>""",record_session_pause_function,SAF_MEDIA_TAP,literal,not_captured,not_verified,https://github.com/signalwire/freeswitch/blob/ef32e205295e29f034f1453ad245ba5efb07b94a/src/mod/applications/mod_dptools/mod_dptools.c#L6810
app:mod_dptools:record_session_resume:6811,app,mod_dptools,record_session_resume,<path>,"""<path>""",record_session_resume_function,SAF_MEDIA_TAP,literal,not_captured,not_verified,https://github.com/signalwire/freeswitch/blob/ef32e205295e29f034f1453ad245ba5efb07b94a/src/mod/applications/mod_dptools/mod_dptools.c#L6811
app:mod_dptools:record:6812,app,mod_dptools,record,<path> [<time_limit_secs>] [<silence_thresh>] [<silence_hits>],"""<path> [<time_limit_secs>] [<silence_thresh>] [<silence_hits>]""",record_function,SAF_NONE,literal,not_captured,not_verified,https://github.com/signalwire/freeswitch/blob/ef32e205295e29f034f1453ad245ba5efb07b94a/src/mod/applications/mod_dptools/mod_dptools.c#L6812
app:mod_dptools:preprocess:6814,app,mod_dptools,preprocess,,"""""",preprocess_session_function,SAF_NONE,literal,not_captured,not_verified,https://github.com/signalwire/freeswitch/blob/ef32e205295e29f034f1453ad245ba5efb07b94a/src/mod/applications/mod_dptools/mod_dptools.c#L6814
app:mod_dptools:stop_displace_session:6815,app,mod_dptools,stop_displace_session,<path>,"""<path>""",stop_displace_session_function,SAF_NONE,literal,not_captured,not_verified,https://github.com/signalwire/freeswitch/blob/ef32e205295e29f034f1453ad245ba5efb07b94a/src/mod/applications/mod_dptools/mod_dptools.c#L6815
app:mod_dptools:displace_session:6817,app,mod_dptools,displace_session,<path> [<flags>] [+time_limit_ms],"""<path> [<flags>] [+time_limit_ms]""",displace_session_function,SAF_MEDIA_TAP,literal,not_captured,not_verified,https://github.com/signalwire/freeswitch/blob/ef32e205295e29f034f1453ad245ba5efb07b94a/src/mod/applications/mod_dptools/mod_dptools.c#L6817
app:mod_dptools:speak:6819,app,mod_dptools,speak,<engine>|<voice>|<text>,"""<engine>|<voice>|<text>""",speak_function,SAF_NONE,literal,not_captured,not_verified,https://github.com/signalwire/freeswitch/blob/ef32e205295e29f034f1453ad245ba5efb07b94a/src/mod/applications/mod_dptools/mod_dptools.c#L6819
app:mod_dptools:clear_speech_cache:6820,app,mod_dptools,clear_speech_cache,,"""""",clear_speech_cache_function,SAF_NONE,literal,not_captured,not_verified,https://github.com/signalwire/freeswitch/blob/ef32e205295e29f034f1453ad245ba5efb07b94a/src/mod/applications/mod_dptools/mod_dptools.c#L6820
app:mod_dptools:bridge:6822,app,mod_dptools,bridge,<channel_url>,"""<channel_url>""",audio_bridge_function,SAF_SUPPORT_NOMEDIA|SAF_SUPPORT_TEXT_ONLY,literal,not_captured,not_verified,https://github.com/signalwire/freeswitch/blob/ef32e205295e29f034f1453ad245ba5efb07b94a/src/mod/applications/mod_dptools/mod_dptools.c#L6822
app:mod_dptools:system:6825,app,mod_dptools,system,<command>,"""<command>""",system_session_function,SAF_SUPPORT_NOMEDIA | SAF_ZOMBIE_EXEC,literal,not_captured,not_verified,https://github.com/signalwire/freeswitch/blob/ef32e205295e29f034f1453ad245ba5efb07b94a/src/mod/applications/mod_dptools/mod_dptools.c#L6825
app:mod_dptools:bgsystem:6827,app,mod_dptools,bgsystem,<command>,"""<command>""",bgsystem_session_function,SAF_SUPPORT_NOMEDIA | SAF_ZOMBIE_EXEC,literal,not_captured,not_verified,https://github.com/signalwire/freeswitch/blob/ef32e205295e29f034f1453ad245ba5efb07b94a/src/mod/applications/mod_dptools/mod_dptools.c#L6827
app:mod_dptools:say:6830,app,mod_dptools,say,<module_name>[:<lang>] <say_type> <say_method> [<say_gender>] <text>,SAY_SYNTAX,say_function,SAF_NONE,literal,not_captured,not_verified,https://github.com/signalwire/freeswitch/blob/ef32e205295e29f034f1453ad245ba5efb07b94a/src/mod/applications/mod_dptools/mod_dptools.c#L6830
app:mod_dptools:detect_audio:6832,app,mod_dptools,detect_audio,<threshold> <audio_hits> <timeout_ms> [<file>],DETECT_AUDIO_SYNTAX,detect_audio_function,SAF_NONE,literal,not_captured,not_verified,https://github.com/signalwire/freeswitch/blob/ef32e205295e29f034f1453ad245ba5efb07b94a/src/mod/applications/mod_dptools/mod_dptools.c#L6832
app:mod_dptools:detect_silence:6834,app,mod_dptools,detect_silence,<threshold> <silence_hits> <timeout_ms> [<file>],DETECT_SILENCE_SYNTAX,detect_silence_function,SAF_NONE,literal,not_captured,not_verified,https://github.com/signalwire/freeswitch/blob/ef32e205295e29f034f1453ad245ba5efb07b94a/src/mod/applications/mod_dptools/mod_dptools.c#L6834
app:mod_dptools:wait_for_silence:6836,app,mod_dptools,wait_for_silence,<silence_thresh> <silence_hits> <listen_hits> <timeout_ms> [<file>],WAIT_FOR_SILENCE_SYNTAX,wait_for_silence_function,SAF_NONE,literal,not_captured,not_verified,https://github.com/signalwire/freeswitch/blob/ef32e205295e29f034f1453ad245ba5efb07b94a/src/mod/applications/mod_dptools/mod_dptools.c#L6836
app:mod_dptools:session_loglevel:6838,app,mod_dptools,session_loglevel,<level>,SESSION_LOGLEVEL_SYNTAX,session_loglevel_function,SAF_SUPPORT_NOMEDIA,literal,not_captured,not_verified,https://github.com/signalwire/freeswitch/blob/ef32e205295e29f034f1453ad245ba5efb07b94a/src/mod/applications/mod_dptools/mod_dptools.c#L6838
app:mod_dptools:limit:6840,app,mod_dptools,limit,<backend> <realm> <id> [<max>[/interval]] [number [dialplan [context]]],LIMIT_USAGE,limit_function,SAF_SUPPORT_NOMEDIA,literal,not_captured,not_verified,https://github.com/signalwire/freeswitch/blob/ef32e205295e29f034f1453ad245ba5efb07b94a/src/mod/applications/mod_dptools/mod_dptools.c#L6840
app:mod_dptools:limit_hash:6841,app,mod_dptools,limit_hash,<realm> <id> [<max>[/interval]] [number [dialplan [context]]],LIMIT_HASH_USAGE,limit_hash_function,SAF_SUPPORT_NOMEDIA,literal,not_captured,not_verified,https://github.com/signalwire/freeswitch/blob/ef32e205295e29f034f1453ad245ba5efb07b94a/src/mod/applications/mod_dptools/mod_dptools.c#L6841
app:mod_dptools:limit_execute:6842,app,mod_dptools,limit_execute,<backend> <realm> <id> <max>[/interval] <application> [application arguments],LIMITEXECUTE_USAGE,limit_execute_function,SAF_SUPPORT_NOMEDIA,literal,not_captured,not_verified,https://github.com/signalwire/freeswitch/blob/ef32e205295e29f034f1453ad245ba5efb07b94a/src/mod/applications/mod_dptools/mod_dptools.c#L6842
app:mod_dptools:limit_hash_execute:6843,app,mod_dptools,limit_hash_execute,<realm> <id> <max>[/interval] <application> [application arguments],LIMITHASHEXECUTE_USAGE,limit_hash_execute_function,SAF_SUPPORT_NOMEDIA,literal,not_captured,not_verified,https://github.com/signalwire/freeswitch/blob/ef32e205295e29f034f1453ad245ba5efb07b94a/src/mod/applications/mod_dptools/mod_dptools.c#L6843
app:mod_dptools:pickup:6845,app,mod_dptools,pickup,[<key>],PICKUP_SYNTAX,pickup_function,SAF_SUPPORT_NOMEDIA,literal,not_captured,not_verified,https://github.com/signalwire/freeswitch/blob/ef32e205295e29f034f1453ad245ba5efb07b94a/src/mod/applications/mod_dptools/mod_dptools.c#L6845
app:mod_dptools:deduplicate_dtmf:6846,app,mod_dptools,deduplicate_dtmf,[only_rtp],"""[only_rtp]""",deduplicate_dtmf_app_function,SAF_SUPPORT_NOMEDIA,literal,not_captured,not_verified,https://github.com/signalwire/freeswitch/blob/ef32e205295e29f034f1453ad245ba5efb07b94a/src/mod/applications/mod_dptools/mod_dptools.c#L6846
app:mod_dptools:vad_test:6848,app,mod_dptools,vad_test,[mode],"""[mode]""",vad_test_function,SAF_NONE,literal,not_captured,not_verified,https://github.com/signalwire/freeswitch/blob/ef32e205295e29f034f1453ad245ba5efb07b94a/src/mod/applications/mod_dptools/mod_dptools.c#L6848
app:mod_dptools:debug_media:6849,app,mod_dptools,debug_media,<read|write|both|vread|vwrite|vboth|all> <on|off>,DEBUG_MEDIA_SYNTAX,debug_media_function,SAF_SUPPORT_NOMEDIA,literal,not_captured,not_verified,https://github.com/signalwire/freeswitch/blob/ef32e205295e29f034f1453ad245ba5efb07b94a/src/mod/applications/mod_dptools/mod_dptools.c#L6849
api:mod_easyroute:easyroute:407,api,mod_easyroute,easyroute,,"""""",easyroute_function,,literal,not_captured,not_verified,https://github.com/signalwire/freeswitch/blob/ef32e205295e29f034f1453ad245ba5efb07b94a/src/mod/applications/mod_easyroute/mod_easyroute.c#L407
app:mod_easyroute:easyroute:408,app,mod_easyroute,easyroute,<number>,"""<number>""",easyroute_app_function,SAF_SUPPORT_NOMEDIA | SAF_ROUTING_EXEC,literal,not_captured,not_verified,https://github.com/signalwire/freeswitch/blob/ef32e205295e29f034f1453ad245ba5efb07b94a/src/mod/applications/mod_easyroute/mod_easyroute.c#L408
api:mod_enum:enum:914,api,mod_enum,enum,,"""""",enum_function,,literal,not_captured,not_verified,https://github.com/signalwire/freeswitch/blob/ef32e205295e29f034f1453ad245ba5efb07b94a/src/mod/applications/mod_enum/mod_enum.c#L914
api:mod_enum:enum_auto:915,api,mod_enum,enum_auto,,"""""",enum_api,,literal,not_captured,not_verified,https://github.com/signalwire/freeswitch/blob/ef32e205295e29f034f1453ad245ba5efb07b94a/src/mod/applications/mod_enum/mod_enum.c#L915
app:mod_enum:enum:916,app,mod_enum,enum,[reload | <number> [<root>]],"""[reload | <number> [<root>]]""",enum_app_function,SAF_SUPPORT_NOMEDIA | SAF_ROUTING_EXEC,literal,not_captured,not_verified,https://github.com/signalwire/freeswitch/blob/ef32e205295e29f034f1453ad245ba5efb07b94a/src/mod/applications/mod_enum/mod_enum.c#L916
app:mod_esf:esf_page_group:568,app,mod_esf,esf_page_group,,NULL,bcast_function,SAF_NONE,manual_resolution_required,not_captured,not_verified,https://github.com/signalwire/freeswitch/blob/ef32e205295e29f034f1453ad245ba5efb07b94a/src/mod/applications/mod_esf/mod_esf.c#L568
api:mod_esl:single_esl:127,api,mod_esl,single_esl,[<user>]|<password> <host>[:<port>] <timeout> <remote api> <arguments>,"""[<user>]|<password> <host>[:<port>] <timeout> <remote api> <arguments>""",single_esl_api_function,,literal,not_captured,not_verified,https://github.com/signalwire/freeswitch/blob/ef32e205295e29f034f1453ad245ba5efb07b94a/src/mod/applications/mod_esl/mod_esl.c#L127
api:mod_expr:expr:213,api,mod_expr,expr,<expr>,"""<expr>""",expr_function,,literal,not_captured,not_verified,https://github.com/signalwire/freeswitch/blob/ef32e205295e29f034f1453ad245ba5efb07b94a/src/mod/applications/mod_expr/mod_expr.c#L213
app:mod_fifo:fifo:4893,app,mod_fifo,fifo,<fifo name>[!<importance_number>] [in [<announce file>|undef] [<music file>|undef] [early|noans] | out [wait|nowait] [<announce file>|undef] [<music file>|undef]],FIFO_USAGE,fifo_function,SAF_NONE,literal,not_captured,not_verified,https://github.com/signalwire/freeswitch/blob/ef32e205295e29f034f1453ad245ba5efb07b94a/src/mod/applications/mod_fifo/mod_fifo.c#L4893
app:mod_fifo:fifo_track_call:4894,app,mod_fifo,fifo_track_call,<fifo_outbound_uuid>,"""<fifo_outbound_uuid>""",fifo_track_call_function,SAF_SUPPORT_NOMEDIA,literal,not_captured,not_verified,https://github.com/signalwire/freeswitch/blob/ef32e205295e29f034f1453ad245ba5efb07b94a/src/mod/applications/mod_fifo/mod_fifo.c#L4894
api:mod_fifo:fifo:4896,api,mod_fifo,fifo,list|list_verbose|count|debug|status|has_outbound|importance [<fifo name>]|reparse [del_all],FIFO_API_SYNTAX,fifo_api_function,,literal,not_captured,not_verified,https://github.com/signalwire/freeswitch/blob/ef32e205295e29f034f1453ad245ba5efb07b94a/src/mod/applications/mod_fifo/mod_fifo.c#L4896
api:mod_fifo:fifo_member:4897,api,mod_fifo,fifo_member,[add <fifo_name> <originate_string> [<simo_count>] [<timeout>] [<lag>] [<expires>] [<taking_calls>] | del <fifo_name> <originate_string>],FIFO_MEMBER_API_SYNTAX,fifo_member_api_function,,literal,not_captured,not_verified,https://github.com/signalwire/freeswitch/blob/ef32e205295e29f034f1453ad245ba5efb07b94a/src/mod/applications/mod_fifo/mod_fifo.c#L4897
api:mod_fifo:fifo_add_outbound:4898,api,mod_fifo,fifo_add_outbound,<node> <url> [<priority>],"""<node> <url> [<priority>]""",fifo_add_outbound_function,,literal,not_captured,not_verified,https://github.com/signalwire/freeswitch/blob/ef32e205295e29f034f1453ad245ba5efb07b94a/src/mod/applications/mod_fifo/mod_fifo.c#L4898
api:mod_fifo:fifo_check_bridge:4899,api,mod_fifo,fifo_check_bridge,<uuid>|<outbound_id>,"""<uuid>|<outbound_id>""",fifo_check_bridge_function,,literal,not_captured,not_verified,https://github.com/signalwire/freeswitch/blob/ef32e205295e29f034f1453ad245ba5efb07b94a/src/mod/applications/mod_fifo/mod_fifo.c#L4899
app:mod_fsk:fsk_send:461,app,mod_fsk,fsk_send,,NULL,fsk_send_function,SAF_NONE,manual_resolution_required,not_captured,not_verified,https://github.com/signalwire/freeswitch/blob/ef32e205295e29f034f1453ad245ba5efb07b94a/src/mod/applications/mod_fsk/mod_fsk.c#L461
app:mod_fsk:fsk_recv:462,app,mod_fsk,fsk_recv,,NULL,fsk_recv_function,SAF_NONE,manual_resolution_required,not_captured,not_verified,https://github.com/signalwire/freeswitch/blob/ef32e205295e29f034f1453ad245ba5efb07b94a/src/mod/applications/mod_fsk/mod_fsk.c#L462
app:mod_fsk:fsk_simplify:463,app,mod_fsk,fsk_simplify,,NULL,fsk_simplify_function,SAF_NONE,manual_resolution_required,not_captured,not_verified,https://github.com/signalwire/freeswitch/blob/ef32e205295e29f034f1453ad245ba5efb07b94a/src/mod/applications/mod_fsk/mod_fsk.c#L463
app:mod_fsk:fsk_display:464,app,mod_fsk,fsk_display,,NULL,fsk_display_function,SAF_NONE,manual_resolution_required,not_captured,not_verified,https://github.com/signalwire/freeswitch/blob/ef32e205295e29f034f1453ad245ba5efb07b94a/src/mod/applications/mod_fsk/mod_fsk.c#L464
app:mod_fsv:play_fsv:1276,app,mod_fsv,play_fsv,<file>,"""<file>""",play_fsv_function,SAF_NONE,literal,not_captured,not_verified,https://github.com/signalwire/freeswitch/blob/ef32e205295e29f034f1453ad245ba5efb07b94a/src/mod/applications/mod_fsv/mod_fsv.c#L1276
app:mod_fsv:record_fsv:1277,app,mod_fsv,record_fsv,<file>,"""<file>""",record_fsv_function,SAF_NONE,literal,not_captured,not_verified,https://github.com/signalwire/freeswitch/blob/ef32e205295e29f034f1453ad245ba5efb07b94a/src/mod/applications/mod_fsv/mod_fsv.c#L1277
app:mod_fsv:play_yuv:1278,app,mod_fsv,play_yuv,<file> [width] [height],"""<file> [width] [height]""",play_yuv_function,SAF_NONE,literal,not_captured,not_verified,https://github.com/signalwire/freeswitch/blob/ef32e205295e29f034f1453ad245ba5efb07b94a/src/mod/applications/mod_fsv/mod_fsv.c#L1278
app:mod_fsv:decode_video:1279,app,mod_fsv,decode_video,[max_pictures],"""[max_pictures]""",decode_video_function,SAF_NONE,literal,not_captured,not_verified,https://github.com/signalwire/freeswitch/blob/ef32e205295e29f034f1453ad245ba5efb07b94a/src/mod/applications/mod_fsv/mod_fsv.c#L1279
app:mod_hash:hash:973,app,mod_hash,hash,[insert|insert_ifempty|delete|delete_ifmatch]/<realm>/<key>/<val>,HASH_USAGE,hash_function,SAF_SUPPORT_NOMEDIA | SAF_ZOMBIE_EXEC,literal,not_captured,not_verified,https://github.com/signalwire/freeswitch/blob/ef32e205295e29f034f1453ad245ba5efb07b94a/src/mod/applications/mod_hash/mod_hash.c#L973
api:mod_hash:hash:974,api,mod_hash,hash,[insert|delete|select]/<realm>/<key>/<value>,"""[insert|delete|select]/<realm>/<key>/<value>""",hash_api_function,,literal,not_captured,not_verified,https://github.com/signalwire/freeswitch/blob/ef32e205295e29f034f1453ad245ba5efb07b94a/src/mod/applications/mod_hash/mod_hash.c#L974
api:mod_hash:hash_dump:975,api,mod_hash,hash_dump,all|limit|db [<realm>],HASH_DUMP_SYNTAX,hash_dump_function,,literal,not_captured,not_verified,https://github.com/signalwire/freeswitch/blob/ef32e205295e29f034f1453ad245ba5efb07b94a/src/mod/applications/mod_hash/mod_hash.c#L975
api:mod_hash:hash_remote:976,api,mod_hash,hash_remote,list|kill [name]|rescan,HASH_REMOTE_SYNTAX,hash_remote_function,,literal,not_captured,not_verified,https://github.com/signalwire/freeswitch/blob/ef32e205295e29f034f1453ad245ba5efb07b94a/src/mod/applications/mod_hash/mod_hash.c#L976
app:mod_hiredis:hiredis_raw:441,app,mod_hiredis,hiredis_raw,,"""""",raw_app,SAF_SUPPORT_NOMEDIA | SAF_ROUTING_EXEC | SAF_ZOMBIE_EXEC,literal,not_captured,not_verified,https://github.com/signalwire/freeswitch/blob/ef32e205295e29f034f1453ad245ba5efb07b94a/src/mod/applications/mod_hiredis/mod_hiredis.c#L441
api:mod_hiredis:hiredis_raw:442,api,mod_hiredis,hiredis_raw,,"""""",raw_api,,literal,not_captured,not_verified,https://github.com/signalwire/freeswitch/blob/ef32e205295e29f034f1453ad245ba5efb07b94a/src/mod/applications/mod_hiredis/mod_hiredis.c#L442
api:mod_httapi:httapi:3259,api,mod_httapi,httapi,[debug_on|debug_off],HTTAPI_SYNTAX,httapi_api_function,,literal,not_captured,not_verified,https://github.com/signalwire/freeswitch/blob/ef32e205295e29f034f1453ad245ba5efb07b94a/src/mod/applications/mod_httapi/mod_httapi.c#L3259
app:mod_httapi:httapi:3262,app,mod_httapi,httapi,{<param1>=<val1>},"""{<param1>=<val1>}""",httapi_function,SAF_SUPPORT_NOMEDIA,literal,not_captured,not_verified,https://github.com/signalwire/freeswitch/blob/ef32e205295e29f034f1453ad245ba5efb07b94a/src/mod/applications/mod_httapi/mod_httapi.c#L3262
api:mod_http_cache:http_get:1975,api,mod_http_cache,http_get,{param=val}<url>,HTTP_GET_SYNTAX,http_cache_get,,literal,not_captured,not_verified,https://github.com/signalwire/freeswitch/blob/ef32e205295e29f034f1453ad245ba5efb07b94a/src/mod/applications/mod_http_cache/mod_http_cache.c#L1975
api:mod_http_cache:http_tryget:1976,api,mod_http_cache,http_tryget,{param=val}<url>,HTTP_GET_SYNTAX,http_cache_tryget,,literal,not_captured,not_verified,https://github.com/signalwire/freeswitch/blob/ef32e205295e29f034f1453ad245ba5efb07b94a/src/mod/applications/mod_http_cache/mod_http_cache.c#L1976
api:mod_http_cache:http_put:1977,api,mod_http_cache,http_put,{param=val}<url> <file>,HTTP_PUT_SYNTAX,http_cache_put,,literal,not_captured,not_verified,https://github.com/signalwire/freeswitch/blob/ef32e205295e29f034f1453ad245ba5efb07b94a/src/mod/applications/mod_http_cache/mod_http_cache.c#L1977
api:mod_http_cache:http_clear_cache:1978,api,mod_http_cache,http_clear_cache,,HTTP_CACHE_CLEAR_SYNTAX,http_cache_clear,,literal,not_captured,not_verified,https://github.com/signalwire/freeswitch/blob/ef32e205295e29f034f1453ad245ba5efb07b94a/src/mod/applications/mod_http_cache/mod_http_cache.c#L1978
api:mod_http_cache:http_remove_cache:1979,api,mod_http_cache,http_remove_cache,<url>,HTTP_CACHE_REMOVE_SYNTAX,http_cache_remove,,literal,not_captured,not_verified,https://github.com/signalwire/freeswitch/blob/ef32e205295e29f034f1453ad245ba5efb07b94a/src/mod/applications/mod_http_cache/mod_http_cache.c#L1979
api:mod_http_cache:http_prefetch:1980,api,mod_http_cache,http_prefetch,{param=val}<url>,HTTP_PREFETCH_SYNTAX,http_cache_prefetch,,literal,not_captured,not_verified,https://github.com/signalwire/freeswitch/blob/ef32e205295e29f034f1453ad245ba5efb07b94a/src/mod/applications/mod_http_cache/mod_http_cache.c#L1980
api:mod_lcr:lcr:2102,api,mod_lcr,lcr,lcr <digits> [<lcr profile>] [caller_id] [intrastate] [as xml],LCR_SYNTAX,dialplan_lcr_function,,literal,not_captured,not_verified,https://github.com/signalwire/freeswitch/blob/ef32e205295e29f034f1453ad245ba5efb07b94a/src/mod/applications/mod_lcr/mod_lcr.c#L2102
api:mod_lcr:lcr_admin:2103,api,mod_lcr,lcr_admin,lcr_admin show profiles,LCR_ADMIN_SYNTAX,dialplan_lcr_admin_function,,literal,not_captured,not_verified,https://github.com/signalwire/freeswitch/blob/ef32e205295e29f034f1453ad245ba5efb07b94a/src/mod/applications/mod_lcr/mod_lcr.c#L2103
app:mod_lcr:lcr:2104,app,mod_lcr,lcr,<number>,"""<number>""",lcr_app_function,SAF_SUPPORT_NOMEDIA | SAF_ROUTING_EXEC,literal,not_captured,not_verified,https://github.com/signalwire/freeswitch/blob/ef32e205295e29f034f1453ad245ba5efb07b94a/src/mod/applications/mod_lcr/mod_lcr.c#L2104
api:mod_memcache:memcache:601,api,mod_memcache,memcache,syntax,"""syntax""",memcache_function,,literal,not_captured,not_verified,https://github.com/signalwire/freeswitch/blob/ef32e205295e29f034f1453ad245ba5efb07b94a/src/mod/applications/mod_memcache/mod_memcache.c#L601
api:mod_mongo:mongo_find_one:896,api,mod_mongo,mongo_find_one,mongo_find_one ns; query; fields; options,FIND_ONE_SYNTAX,mod_mongo_find_one_function,,literal,not_captured,not_verified,https://github.com/signalwire/freeswitch/blob/ef32e205295e29f034f1453ad245ba5efb07b94a/src/mod/applications/mod_mongo/mod_mongo.c#L896
api:mod_mongo:mongo_find_n:897,api,mod_mongo,mongo_find_n,mongo_find_n ns; query; fields; options; n,FIND_N_SYNTAX,mod_mongo_find_n_function,,literal,not_captured,not_verified,https://github.com/signalwire/freeswitch/blob/ef32e205295e29f034f1453ad245ba5efb07b94a/src/mod/applications/mod_mongo/mod_mongo.c#L897
api:mod_mongo:mongo_mapreduce:898,api,mod_mongo,mongo_mapreduce,mongo_mapreduce ns; query,MAPREDUCE_SYNTAX,mod_mongo_mapreduce_function,,literal,not_captured,not_verified,https://github.com/signalwire/freeswitch/blob/ef32e205295e29f034f1453ad245ba5efb07b94a/src/mod/applications/mod_mongo/mod_mongo.c#L898
api:mod_nibblebill:nibblebill:1049,api,mod_nibblebill,nibblebill,<uuid> [pause | resume | reset | adjust <amount> | heartbeat <seconds> | check],API_SYNTAX,nibblebill_api_function,,literal,not_captured,not_verified,https://github.com/signalwire/freeswitch/blob/ef32e205295e29f034f1453ad245ba5efb07b94a/src/mod/applications/mod_nibblebill/mod_nibblebill.c#L1049
app:mod_nibblebill:nibblebill:1052,app,mod_nibblebill,nibblebill,pause | resume | reset | adjust <amount> | heartbeat <seconds> | check,APP_SYNTAX,nibblebill_app_function,SAF_SUPPORT_NOMEDIA | SAF_ROUTING_EXEC,literal,not_captured,not_verified,https://github.com/signalwire/freeswitch/blob/ef32e205295e29f034f1453ad245ba5efb07b94a/src/mod/applications/mod_nibblebill/mod_nibblebill.c#L1052
api:mod_osp:osp:2980,api,mod_osp,osp,status,"""status""",osp_cli_function,,literal,not_captured,not_verified,https://github.com/signalwire/freeswitch/blob/ef32e205295e29f034f1453ad245ba5efb07b94a/src/mod/applications/mod_osp/mod_osp.c#L2980
app:mod_osp:osplookup:2984,app,mod_osp,osplookup,,"""""",osp_lookup_function,SAF_SUPPORT_NOMEDIA | SAF_ROUTING_EXEC,literal,not_captured,not_verified,https://github.com/signalwire/freeswitch/blob/ef32e205295e29f034f1453ad245ba5efb07b94a/src/mod/applications/mod_osp/mod_osp.c#L2984
app:mod_osp:ospnext:2985,app,mod_osp,ospnext,,"""""",osp_next_function,SAF_SUPPORT_NOMEDIA | SAF_ROUTING_EXEC,literal,not_captured,not_verified,https://github.com/signalwire/freeswitch/blob/ef32e205295e29f034f1453ad245ba5efb07b94a/src/mod/applications/mod_osp/mod_osp.c#L2985
api:mod_prefix:prefix:235,api,mod_prefix,prefix,get <table> <key> | load <table> <file> | drop <table> | reload,PREFIX_API_USAGE,prefix_api_function,,literal,not_captured,not_verified,https://github.com/signalwire/freeswitch/blob/ef32e205295e29f034f1453ad245ba5efb07b94a/src/mod/applications/mod_prefix/mod_prefix.c#L235
api:mod_signalwire:signalwire:952,api,mod_signalwire,signalwire,token | token-reset | adoption | adopted | reload | update | debug <level> | kslog <on|off|logfile e.g. /tmp/ks.log>,SIGNALWIRE_SYNTAX,mod_signalwire_api_function,,literal,not_captured,not_verified,https://github.com/signalwire/freeswitch/blob/ef32e205295e29f034f1453ad245ba5efb07b94a/src/mod/applications/mod_signalwire/mod_signalwire.c#L952
api:mod_skel:skel:258,api,mod_skel,skel,syntax,"""syntax""",skel_function,,literal,not_captured,not_verified,https://github.com/signalwire/freeswitch/blob/ef32e205295e29f034f1453ad245ba5efb07b94a/src/mod/applications/mod_skel/mod_skel.c#L258
chat_app:mod_sms:info:637,chat_app,mod_sms,info,,"""""",info_function,SCAF_NONE,literal,not_captured,not_verified,https://github.com/signalwire/freeswitch/blob/ef32e205295e29f034f1453ad245ba5efb07b94a/src/mod/applications/mod_sms/mod_sms.c#L637
chat_app:mod_sms:reply:638,chat_app,mod_sms,reply,,"""""",reply_function,SCAF_NONE,literal,not_captured,not_verified,https://github.com/signalwire/freeswitch/blob/ef32e205295e29f034f1453ad245ba5efb07b94a/src/mod/applications/mod_sms/mod_sms.c#L638
chat_app:mod_sms:stop:639,chat_app,mod_sms,stop,,"""""",stop_function,SCAF_NONE,literal,not_captured,not_verified,https://github.com/signalwire/freeswitch/blob/ef32e205295e29f034f1453ad245ba5efb07b94a/src/mod/applications/mod_sms/mod_sms.c#L639
chat_app:mod_sms:final:640,chat_app,mod_sms,final,,"""""",final_function,SCAF_NONE,literal,not_captured,not_verified,https://github.com/signalwire/freeswitch/blob/ef32e205295e29f034f1453ad245ba5efb07b94a/src/mod/applications/mod_sms/mod_sms.c#L640
chat_app:mod_sms:set:641,chat_app,mod_sms,set,,"""""",set_function,SCAF_NONE,literal,not_captured,not_verified,https://github.com/signalwire/freeswitch/blob/ef32e205295e29f034f1453ad245ba5efb07b94a/src/mod/applications/mod_sms/mod_sms.c#L641
chat_app:mod_sms:unset:642,chat_app,mod_sms,unset,,"""""",unset_function,SCAF_NONE,literal,not_captured,not_verified,https://github.com/signalwire/freeswitch/blob/ef32e205295e29f034f1453ad245ba5efb07b94a/src/mod/applications/mod_sms/mod_sms.c#L642
chat_app:mod_sms:send:643,chat_app,mod_sms,send,,"""""",send_function,SCAF_NONE,literal,not_captured,not_verified,https://github.com/signalwire/freeswitch/blob/ef32e205295e29f034f1453ad245ba5efb07b94a/src/mod/applications/mod_sms/mod_sms.c#L643
chat_app:mod_sms:fire:644,chat_app,mod_sms,fire,,"""""",fire_function,SCAF_NONE,literal,not_captured,not_verified,https://github.com/signalwire/freeswitch/blob/ef32e205295e29f034f1453ad245ba5efb07b94a/src/mod/applications/mod_sms/mod_sms.c#L644
chat_app:mod_sms:system:645,chat_app,mod_sms,system,,"""""",system_function,SCAF_NONE,literal,not_captured,not_verified,https://github.com/signalwire/freeswitch/blob/ef32e205295e29f034f1453ad245ba5efb07b94a/src/mod/applications/mod_sms/mod_sms.c#L645
api:mod_snapshot:uuid_snapshot:330,api,mod_snapshot,uuid_snapshot,<uuid> snap|start [<sec> read|write <base>],SNAP_API_SYNTAX,snapshot_function,,literal,not_captured,not_verified,https://github.com/signalwire/freeswitch/blob/ef32e205295e29f034f1453ad245ba5efb07b94a/src/mod/applications/mod_snapshot/mod_snapshot.c#L330
app:mod_snapshot:snapshot:331,app,mod_snapshot,snapshot,start <sec> <read|write>,SNAP_SYNTAX,snapshot_app_function,SAF_MEDIA_TAP,literal,not_captured,not_verified,https://github.com/signalwire/freeswitch/blob/ef32e205295e29f034f1453ad245ba5efb07b94a/src/mod/applications/mod_snapshot/mod_snapshot.c#L331
app:mod_spandsp:t38_gateway:827,app,mod_spandsp,t38_gateway,,"""""",t38_gateway_function,SAF_MEDIA_TAP,literal,not_captured,not_verified,https://github.com/signalwire/freeswitch/blob/ef32e205295e29f034f1453ad245ba5efb07b94a/src/mod/applications/mod_spandsp/mod_spandsp.c#L827
app:mod_spandsp:rxfax:830,app,mod_spandsp,rxfax,<filename>,SPANFAX_RX_USAGE,spanfax_rx_function,SAF_SUPPORT_NOMEDIA | SAF_NO_LOOPBACK,literal,not_captured,not_verified,https://github.com/signalwire/freeswitch/blob/ef32e205295e29f034f1453ad245ba5efb07b94a/src/mod/applications/mod_spandsp/mod_spandsp.c#L830
app:mod_spandsp:txfax:832,app,mod_spandsp,txfax,<filename>,SPANFAX_TX_USAGE,spanfax_tx_function,SAF_SUPPORT_NOMEDIA | SAF_NO_LOOPBACK,literal,not_captured,not_verified,https://github.com/signalwire/freeswitch/blob/ef32e205295e29f034f1453ad245ba5efb07b94a/src/mod/applications/mod_spandsp/mod_spandsp.c#L832
app:mod_spandsp:stopfax:834,app,mod_spandsp,stopfax,,"""""",spanfax_stop_function,SAF_NONE,literal,not_captured,not_verified,https://github.com/signalwire/freeswitch/blob/ef32e205295e29f034f1453ad245ba5efb07b94a/src/mod/applications/mod_spandsp/mod_spandsp.c#L834
app:mod_spandsp:spandsp_stop_dtmf:836,app,mod_spandsp,spandsp_stop_dtmf,,"""""",stop_dtmf_session_function,SAF_NONE,literal,not_captured,not_verified,https://github.com/signalwire/freeswitch/blob/ef32e205295e29f034f1453ad245ba5efb07b94a/src/mod/applications/mod_spandsp/mod_spandsp.c#L836
app:mod_spandsp:spandsp_start_dtmf:837,app,mod_spandsp,spandsp_start_dtmf,,"""""",dtmf_session_function,SAF_MEDIA_TAP,literal,not_captured,not_verified,https://github.com/signalwire/freeswitch/blob/ef32e205295e29f034f1453ad245ba5efb07b94a/src/mod/applications/mod_spandsp/mod_spandsp.c#L837
app:mod_spandsp:spandsp_stop_inject_tdd:840,app,mod_spandsp,spandsp_stop_inject_tdd,,"""""",stop_tdd_encode_function,SAF_NONE,literal,not_captured,not_verified,https://github.com/signalwire/freeswitch/blob/ef32e205295e29f034f1453ad245ba5efb07b94a/src/mod/applications/mod_spandsp/mod_spandsp.c#L840
app:mod_spandsp:spandsp_inject_tdd:841,app,mod_spandsp,spandsp_inject_tdd,,"""""",tdd_encode_function,SAF_MEDIA_TAP,literal,not_captured,not_verified,https://github.com/signalwire/freeswitch/blob/ef32e205295e29f034f1453ad245ba5efb07b94a/src/mod/applications/mod_spandsp/mod_spandsp.c#L841
app:mod_spandsp:spandsp_stop_detect_tdd:843,app,mod_spandsp,spandsp_stop_detect_tdd,,"""""",stop_tdd_decode_function,SAF_NONE,literal,not_captured,not_verified,https://github.com/signalwire/freeswitch/blob/ef32e205295e29f034f1453ad245ba5efb07b94a/src/mod/applications/mod_spandsp/mod_spandsp.c#L843
app:mod_spandsp:spandsp_detect_tdd:844,app,mod_spandsp,spandsp_detect_tdd,,"""""",tdd_decode_function,SAF_MEDIA_TAP,literal,not_captured,not_verified,https://github.com/signalwire/freeswitch/blob/ef32e205295e29f034f1453ad245ba5efb07b94a/src/mod/applications/mod_spandsp/mod_spandsp.c#L844
app:mod_spandsp:spandsp_send_tdd:847,app,mod_spandsp,spandsp_send_tdd,,"""""",tdd_send_function,SAF_NONE,literal,not_captured,not_verified,https://github.com/signalwire/freeswitch/blob/ef32e205295e29f034f1453ad245ba5efb07b94a/src/mod/applications/mod_spandsp/mod_spandsp.c#L847
app:mod_spandsp:spandsp_start_fax_detect:849,app,mod_spandsp,spandsp_start_fax_detect,<app>[ <arg>][ <timeout>][ <tone_type>],"""<app>[ <arg>][ <timeout>][ <tone_type>]""",spandsp_fax_detect_session_function,SAF_NONE,literal,not_captured,not_verified,https://github.com/signalwire/freeswitch/blob/ef32e205295e29f034f1453ad245ba5efb07b94a/src/mod/applications/mod_spandsp/mod_spandsp.c#L849
app:mod_spandsp:spandsp_stop_fax_detect:852,app,mod_spandsp,spandsp_stop_fax_detect,,"""""",spandsp_stop_fax_detect_session_function,SAF_NONE,literal,not_captured,not_verified,https://github.com/signalwire/freeswitch/blob/ef32e205295e29f034f1453ad245ba5efb07b94a/src/mod/applications/mod_spandsp/mod_spandsp.c#L852
app:mod_spandsp:spandsp_start_tone_detect:863,app,mod_spandsp,spandsp_start_tone_detect,<name>,"""<name>""",start_tone_detect_app,SAF_NONE,literal,not_captured,not_verified,https://github.com/signalwire/freeswitch/blob/ef32e205295e29f034f1453ad245ba5efb07b94a/src/mod/applications/mod_spandsp/mod_spandsp.c#L863
app:mod_spandsp:spandsp_stop_tone_detect:864,app,mod_spandsp,spandsp_stop_tone_detect,,"""""",stop_tone_detect_app,SAF_NONE,literal,not_captured,not_verified,https://github.com/signalwire/freeswitch/blob/ef32e205295e29f034f1453ad245ba5efb07b94a/src/mod/applications/mod_spandsp/mod_spandsp.c#L864
api:mod_spandsp:spandsp_start_tone_detect:865,api,mod_spandsp,spandsp_start_tone_detect,<uuid> <name>,"""<uuid> <name>""",start_tone_detect_api,,literal,not_captured,not_verified,https://github.com/signalwire/freeswitch/blob/ef32e205295e29f034f1453ad245ba5efb07b94a/src/mod/applications/mod_spandsp/mod_spandsp.c#L865
api:mod_spandsp:spandsp_stop_tone_detect:866,api,mod_spandsp,spandsp_stop_tone_detect,<uuid>,"""<uuid>""",stop_tone_detect_api,,literal,not_captured,not_verified,https://github.com/signalwire/freeswitch/blob/ef32e205295e29f034f1453ad245ba5efb07b94a/src/mod/applications/mod_spandsp/mod_spandsp.c#L866
api:mod_spandsp:start_tdd_detect:871,api,mod_spandsp,start_tdd_detect,<uuid>,"""<uuid>""",start_tdd_detect_api,,literal,not_captured,not_verified,https://github.com/signalwire/freeswitch/blob/ef32e205295e29f034f1453ad245ba5efb07b94a/src/mod/applications/mod_spandsp/mod_spandsp.c#L871
api:mod_spandsp:stop_tdd_detect:872,api,mod_spandsp,stop_tdd_detect,<uuid>,"""<uuid>""",stop_tdd_detect_api,,literal,not_captured,not_verified,https://github.com/signalwire/freeswitch/blob/ef32e205295e29f034f1453ad245ba5efb07b94a/src/mod/applications/mod_spandsp/mod_spandsp.c#L872
api:mod_spandsp:uuid_send_tdd:874,api,mod_spandsp,uuid_send_tdd,<uuid> <text>,"""<uuid> <text>""",start_send_tdd_api,,literal,not_captured,not_verified,https://github.com/signalwire/freeswitch/blob/ef32e205295e29f034f1453ad245ba5efb07b94a/src/mod/applications/mod_spandsp/mod_spandsp.c#L874
app:mod_spy:userspy:353,app,mod_spy,userspy,<user@domain> [uuid],USERSPY_SYNTAX,userspy_function,SAF_NONE,literal,not_captured,not_verified,https://github.com/signalwire/freeswitch/blob/ef32e205295e29f034f1453ad245ba5efb07b94a/src/mod/applications/mod_spy/mod_spy.c#L353
api:mod_spy:userspy_show:354,api,mod_spy,userspy_show,userspy_show,"""userspy_show""",dump_hash,,literal,not_captured,not_verified,https://github.com/signalwire/freeswitch/blob/ef32e205295e29f034f1453ad245ba5efb07b94a/src/mod/applications/mod_spy/mod_spy.c#L354
api:mod_translate:translate:414,api,mod_translate,translate,,"""""",translate_function,,literal,not_captured,not_verified,https://github.com/signalwire/freeswitch/blob/ef32e205295e29f034f1453ad245ba5efb07b94a/src/mod/applications/mod_translate/mod_translate.c#L414
app:mod_translate:translate:415,app,mod_translate,translate,<number> <profile>],"""<number> <profile>]""",translate_app_function,SAF_SUPPORT_NOMEDIA | SAF_ROUTING_EXEC,literal,not_captured,not_verified,https://github.com/signalwire/freeswitch/blob/ef32e205295e29f034f1453ad245ba5efb07b94a/src/mod/applications/mod_translate/mod_translate.c#L415
app:mod_valet_parking:valet_park:999,app,mod_valet_parking,valet_park,<lotname> <extension>|[ask [<min>] [<max>] [<to>] [<prompt>]|auto [in|out] [min] [max]],VALET_APP_SYNTAX,valet_parking_function,SAF_NONE,literal,not_captured,not_verified,https://github.com/signalwire/freeswitch/blob/ef32e205295e29f034f1453ad245ba5efb07b94a/src/mod/applications/mod_valet_parking/mod_valet_parking.c#L999
api:mod_valet_parking:valet_info:1000,api,mod_valet_parking,valet_info,[<lot name>],"""[<lot name>]""",valet_info_function,,literal,not_captured,not_verified,https://github.com/signalwire/freeswitch/blob/ef32e205295e29f034f1453ad245ba5efb07b94a/src/mod/applications/mod_valet_parking/mod_valet_parking.c#L1000
app:mod_video_filter:chromakey:1187,app,mod_video_filter,chromakey,<#mask_color> [threshold] [#bg_color|path/to/image.png],CHROMAKEY_APP_SYNTAX,chromakey_start_function,SAF_NONE,literal,not_captured,not_verified,https://github.com/signalwire/freeswitch/blob/ef32e205295e29f034f1453ad245ba5efb07b94a/src/mod/applications/mod_video_filter/mod_video_filter.c#L1187
api:mod_video_filter:chromakey:1190,api,mod_video_filter,chromakey,,CHROMAKEY_API_SYNTAX,chromakey_api_function,,manual_resolution_required,not_captured,not_verified,https://github.com/signalwire/freeswitch/blob/ef32e205295e29f034f1453ad245ba5efb07b94a/src/mod/applications/mod_video_filter/mod_video_filter.c#L1190
app:mod_video_filter:video_replace:1192,app,mod_video_filter,video_replace,[read|write] <file> | stop,"""[read|write] <file> | stop""",video_replace_start_function,SAF_NONE,literal,not_captured,not_verified,https://github.com/signalwire/freeswitch/blob/ef32e205295e29f034f1453ad245ba5efb07b94a/src/mod/applications/mod_video_filter/mod_video_filter.c#L1192
api:mod_video_filter:uuid_video_replace:1195,api,mod_video_filter,uuid_video_replace,<uuid> <stop|start> [read|write] <file>,VIDEO_REPLACE_API_SYNTAX,video_replace_api_function,,literal,not_captured,not_verified,https://github.com/signalwire/freeswitch/blob/ef32e205295e29f034f1453ad245ba5efb07b94a/src/mod/applications/mod_video_filter/mod_video_filter.c#L1195
app:mod_vmd:vmd:523,app,mod_vmd,vmd,[start] [stop],"""[start] [stop]""",vmd_start_function,SAF_NONE,literal,not_captured,not_verified,https://github.com/signalwire/freeswitch/blob/ef32e205295e29f034f1453ad245ba5efb07b94a/src/mod/applications/mod_vmd/mod_vmd.c#L523
api:mod_vmd:vmd:525,api,mod_vmd,vmd,<uuid> <command>,VMD_SYNTAX,vmd_api_main,,literal,not_captured,not_verified,https://github.com/signalwire/freeswitch/blob/ef32e205295e29f034f1453ad245ba5efb07b94a/src/mod/applications/mod_vmd/mod_vmd.c#L525
app:mod_voicemail:voicemail:6228,app,mod_voicemail,voicemail,[check] [auth] <profile_name> <domain_name> [<id>] [uuid],VM_USAGE,voicemail_function,SAF_NONE,literal,not_captured,not_verified,https://github.com/signalwire/freeswitch/blob/ef32e205295e29f034f1453ad245ba5efb07b94a/src/mod/applications/mod_voicemail/mod_voicemail.c#L6228
api:mod_voicemail:voicemail:6229,api,mod_voicemail,voicemail,rss [<host> <port> <uri> <user> <domain>] | [load|unload|reload] <profile> [reloadxml],VOICEMAIL_SYNTAX,voicemail_api_function,,literal,not_captured,not_verified,https://github.com/signalwire/freeswitch/blob/ef32e205295e29f034f1453ad245ba5efb07b94a/src/mod/applications/mod_voicemail/mod_voicemail.c#L6229
api:mod_voicemail:voicemail_inject:6230,api,mod_voicemail,voicemail_inject,[group=<group>[@domain]|domain=<domain>|<box>[@<domain>]] <sound_file> [<cid_num>] [<cid_name>],VM_INJECT_USAGE,voicemail_inject_api_function,,literal,not_captured,not_verified,https://github.com/signalwire/freeswitch/blob/ef32e205295e29f034f1453ad245ba5efb07b94a/src/mod/applications/mod_voicemail/mod_voicemail.c#L6230
api:mod_voicemail:vm_inject:6231,api,mod_voicemail,vm_inject,[group=<group>[@domain]|domain=<domain>|<box>[@<domain>]] <sound_file> [<cid_num>] [<cid_name>],VM_INJECT_USAGE,voicemail_inject_api_function,,literal,not_captured,not_verified,https://github.com/signalwire/freeswitch/blob/ef32e205295e29f034f1453ad245ba5efb07b94a/src/mod/applications/mod_voicemail/mod_voicemail.c#L6231
api:mod_voicemail:vm_boxcount:6232,api,mod_voicemail,vm_boxcount,[profile/]<user>@<domain>[|[new|saved|new-urgent|saved-urgent|all]],BOXCOUNT_SYNTAX,boxcount_api_function,,literal,not_captured,not_verified,https://github.com/signalwire/freeswitch/blob/ef32e205295e29f034f1453ad245ba5efb07b94a/src/mod/applications/mod_voicemail/mod_voicemail.c#L6232
api:mod_voicemail:vm_prefs:6233,api,mod_voicemail,vm_prefs,[profile/]<user>@<domain>[|[name_path|greeting_path|password]],PREFS_SYNTAX,prefs_api_function,,literal,not_captured,not_verified,https://github.com/signalwire/freeswitch/blob/ef32e205295e29f034f1453ad245ba5efb07b94a/src/mod/applications/mod_voicemail/mod_voicemail.c#L6233
api:mod_voicemail:vm_delete:6234,api,mod_voicemail,vm_delete,<id>@<domain>[/profile] [<uuid>],VM_DELETE_USAGE,voicemail_delete_api_function,,literal,not_captured,not_verified,https://github.com/signalwire/freeswitch/blob/ef32e205295e29f034f1453ad245ba5efb07b94a/src/mod/applications/mod_voicemail/mod_voicemail.c#L6234
api:mod_voicemail:vm_read:6235,api,mod_voicemail,vm_read,<id>@<domain>[/profile] <read|unread> [<uuid>],VM_READ_USAGE,voicemail_read_api_function,,literal,not_captured,not_verified,https://github.com/signalwire/freeswitch/blob/ef32e205295e29f034f1453ad245ba5efb07b94a/src/mod/applications/mod_voicemail/mod_voicemail.c#L6235
api:mod_voicemail:vm_list:6236,api,mod_voicemail,vm_list,<id>@<domain>[/profile] [xml],VM_LIST_USAGE,voicemail_list_api_function,,literal,not_captured,not_verified,https://github.com/signalwire/freeswitch/blob/ef32e205295e29f034f1453ad245ba5efb07b94a/src/mod/applications/mod_voicemail/mod_voicemail.c#L6236
api:mod_voicemail:vm_fsdb_auth_login:6239,api,mod_voicemail,vm_fsdb_auth_login,<profile> <domain> <user> <password>,VM_FSDB_AUTH_LOGIN_USAGE,vm_fsdb_auth_login_function,,literal,not_captured,not_verified,https://github.com/signalwire/freeswitch/blob/ef32e205295e29f034f1453ad245ba5efb07b94a/src/mod/applications/mod_voicemail/mod_voicemail.c#L6239
api:mod_voicemail:vm_fsdb_msg_count:6242,api,mod_voicemail,vm_fsdb_msg_count,<format> <profile> <domain> <user> <folder>,VM_FSDB_MSG_COUNT_USAGE,vm_fsdb_msg_count_function,,literal,not_captured,not_verified,https://github.com/signalwire/freeswitch/blob/ef32e205295e29f034f1453ad245ba5efb07b94a/src/mod/applications/mod_voicemail/mod_voicemail.c#L6242
api:mod_voicemail:vm_fsdb_msg_list:6243,api,mod_voicemail,vm_fsdb_msg_list,<format> <profile> <domain> <user> <folder> <filter> [msg-order = ASC | DESC],VM_FSDB_MSG_LIST_USAGE,vm_fsdb_msg_list_function,,literal,not_captured,not_verified,https://github.com/signalwire/freeswitch/blob/ef32e205295e29f034f1453ad245ba5efb07b94a/src/mod/applications/mod_voicemail/mod_voicemail.c#L6243
api:mod_voicemail:vm_fsdb_msg_get:6244,api,mod_voicemail,vm_fsdb_msg_get,<format> <profile> <domain> <user> <uuid>,VM_FSDB_MSG_GET_USAGE,vm_fsdb_msg_get_function,,literal,not_captured,not_verified,https://github.com/signalwire/freeswitch/blob/ef32e205295e29f034f1453ad245ba5efb07b94a/src/mod/applications/mod_voicemail/mod_voicemail.c#L6244
api:mod_voicemail:vm_fsdb_msg_delete:6245,api,mod_voicemail,vm_fsdb_msg_delete,<profile> <domain> <user> <uuid>,VM_FSDB_MSG_DELETE_USAGE,vm_fsdb_msg_delete_function,,literal,not_captured,not_verified,https://github.com/signalwire/freeswitch/blob/ef32e205295e29f034f1453ad245ba5efb07b94a/src/mod/applications/mod_voicemail/mod_voicemail.c#L6245
api:mod_voicemail:vm_fsdb_msg_undelete:6246,api,mod_voicemail,vm_fsdb_msg_undelete,<profile> <domain> <user> <uuid>,VM_FSDB_MSG_UNDELETE_USAGE,vm_fsdb_msg_undelete_function,,literal,not_captured,not_verified,https://github.com/signalwire/freeswitch/blob/ef32e205295e29f034f1453ad245ba5efb07b94a/src/mod/applications/mod_voicemail/mod_voicemail.c#L6246
api:mod_voicemail:vm_fsdb_msg_email:6247,api,mod_voicemail,vm_fsdb_msg_email,<profile> <domain> <user> <uuid> <email>,VM_FSDB_MSG_EMAIL_USAGE,vm_fsdb_msg_email_function,,literal,not_captured,not_verified,https://github.com/signalwire/freeswitch/blob/ef32e205295e29f034f1453ad245ba5efb07b94a/src/mod/applications/mod_voicemail/mod_voicemail.c#L6247
api:mod_voicemail:vm_fsdb_msg_purge:6248,api,mod_voicemail,vm_fsdb_msg_purge,<profile> <domain> <user>,VM_FSDB_MSG_PURGE_USAGE,vm_fsdb_msg_purge_function,,literal,not_captured,not_verified,https://github.com/signalwire/freeswitch/blob/ef32e205295e29f034f1453ad245ba5efb07b94a/src/mod/applications/mod_voicemail/mod_voicemail.c#L6248
api:mod_voicemail:vm_fsdb_msg_save:6249,api,mod_voicemail,vm_fsdb_msg_save,<profile> <domain> <user> <uuid>,VM_FSDB_MSG_SAVE_USAGE,vm_fsdb_msg_save_function,,literal,not_captured,not_verified,https://github.com/signalwire/freeswitch/blob/ef32e205295e29f034f1453ad245ba5efb07b94a/src/mod/applications/mod_voicemail/mod_voicemail.c#L6249
api:mod_voicemail:vm_fsdb_msg_forward:6250,api,mod_voicemail,vm_fsdb_msg_forward,<profile> <domain> <user> <uuid> <dst_domain> <dst_user> [prepend_file_location],VM_FSDB_MSG_FORWARD_USAGE,vm_fsdb_msg_forward_function,,literal,not_captured,not_verified,https://github.com/signalwire/freeswitch/blob/ef32e205295e29f034f1453ad245ba5efb07b94a/src/mod/applications/mod_voicemail/mod_voicemail.c#L6250
api:mod_voicemail:vm_fsdb_pref_greeting_set:6253,api,mod_voicemail,vm_fsdb_pref_greeting_set,<profile> <domain> <user> <slot> [file-path],VM_FSDB_PREF_GREETING_SET_USAGE,vm_fsdb_pref_greeting_set_function,,literal,not_captured,not_verified,https://github.com/signalwire/freeswitch/blob/ef32e205295e29f034f1453ad245ba5efb07b94a/src/mod/applications/mod_voicemail/mod_voicemail.c#L6253
api:mod_voicemail:vm_fsdb_pref_greeting_get:6254,api,mod_voicemail,vm_fsdb_pref_greeting_get,<format> <profile> <domain> <user> [slot],VM_FSDB_PREF_GREETING_GET_USAGE,vm_fsdb_pref_greeting_get_function,,literal,not_captured,not_verified,https://github.com/signalwire/freeswitch/blob/ef32e205295e29f034f1453ad245ba5efb07b94a/src/mod/applications/mod_voicemail/mod_voicemail.c#L6254
api:mod_voicemail:vm_fsdb_pref_recname_set:6255,api,mod_voicemail,vm_fsdb_pref_recname_set,<profile> <domain> <user> <file-path>,VM_FSDB_PREF_RECNAME_SET_USAGE,vm_fsdb_pref_recname_set_function,,literal,not_captured,not_verified,https://github.com/signalwire/freeswitch/blob/ef32e205295e29f034f1453ad245ba5efb07b94a/src/mod/applications/mod_voicemail/mod_voicemail.c#L6255
api:mod_voicemail:vm_fsdb_pref_password_set:6256,api,mod_voicemail,vm_fsdb_pref_password_set,<profile> <domain> <user> <password>,VM_FSDB_PREF_PASSWORD_SET_USAGE,vm_fsdb_pref_password_set_function,,literal,not_captured,not_verified,https://github.com/signalwire/freeswitch/blob/ef32e205295e29f034f1453ad245ba5efb07b94a/src/mod/applications/mod_voicemail/mod_voicemail.c#L6256
app:mod_voicemail_ivr:voicemail_ivr:115,app,mod_voicemail_ivr,voicemail_ivr,<check> profile domain [id],VMIVR_USAGE,voicemail_ivr_function,SAF_NONE,literal,not_captured,not_verified,https://github.com/signalwire/freeswitch/blob/ef32e205295e29f034f1453ad245ba5efb07b94a/src/mod/applications/mod_voicemail_ivr/mod_voicemail_ivr.c#L115
api:mod_amr:amr_debug:679,api,mod_amr,amr_debug,<on|off>,AMRWB_DEBUG_SYNTAX,mod_amr_debug,,literal,not_captured,not_verified,https://github.com/signalwire/freeswitch/blob/ef32e205295e29f034f1453ad245ba5efb07b94a/src/mod/codecs/mod_amr/mod_amr.c#L679
api:mod_amrwb:amrwb_debug:609,api,mod_amrwb,amrwb_debug,<on|off>,AMRWB_DEBUG_SYNTAX,mod_amrwb_debug,,literal,not_captured,not_verified,https://github.com/signalwire/freeswitch/blob/ef32e205295e29f034f1453ad245ba5efb07b94a/src/mod/codecs/mod_amrwb/mod_amrwb.c#L609
api:mod_opus:opus_debug:1407,api,mod_opus,opus_debug,<on|off>,OPUS_DEBUG_SYNTAX,mod_opus_debug,,literal,not_captured,not_verified,https://github.com/signalwire/freeswitch/blob/ef32e205295e29f034f1453ad245ba5efb07b94a/src/mod/codecs/mod_opus/mod_opus.c#L1407
api:mod_skel_codec:skel_sayhi:205,api,mod_skel_codec,skel_sayhi,,NULL,skel_sayhi,,manual_resolution_required,not_captured,not_verified,https://github.com/signalwire/freeswitch/blob/ef32e205295e29f034f1453ad245ba5efb07b94a/src/mod/codecs/mod_skel_codec/mod_skel_codec.c#L205
app:mod_dialplan_asterisk:Dial:375,app,mod_dialplan_asterisk,Dial,Dial,"""Dial""",dial_function,SAF_SUPPORT_NOMEDIA,literal,not_captured,not_verified,https://github.com/signalwire/freeswitch/blob/ef32e205295e29f034f1453ad245ba5efb07b94a/src/mod/dialplans/mod_dialplan_asterisk/mod_dialplan_asterisk.c#L375
app:mod_dialplan_asterisk:Goto:376,app,mod_dialplan_asterisk,Goto,Goto,"""Goto""",goto_function,SAF_SUPPORT_NOMEDIA,literal,not_captured,not_verified,https://github.com/signalwire/freeswitch/blob/ef32e205295e29f034f1453ad245ba5efb07b94a/src/mod/dialplans/mod_dialplan_asterisk/mod_dialplan_asterisk.c#L376
app:mod_dialplan_asterisk:AvoidingDeadlock:377,app,mod_dialplan_asterisk,AvoidingDeadlock,Avoid,"""Avoid""",avoid_function,SAF_SUPPORT_NOMEDIA,literal,not_captured,not_verified,https://github.com/signalwire/freeswitch/blob/ef32e205295e29f034f1453ad245ba5efb07b94a/src/mod/dialplans/mod_dialplan_asterisk/mod_dialplan_asterisk.c#L377
api:mod_alsa:alsa:817,api,mod_alsa,alsa,<command> [<args>],"""<command> [<args>]""",pa_cmd,,literal,not_captured,not_verified,https://github.com/signalwire/freeswitch/blob/ef32e205295e29f034f1453ad245ba5efb07b94a/src/mod/endpoints/mod_alsa/mod_alsa.c#L817
app:mod_loopback:unloop:1961,app,mod_loopback,unloop,,"""""",unloop_function,SAF_NO_LOOPBACK,literal,not_captured,not_verified,https://github.com/signalwire/freeswitch/blob/ef32e205295e29f034f1453ad245ba5efb07b94a/src/mod/endpoints/mod_loopback/mod_loopback.c#L1961
api:mod_rtmp:rtmp:2063,api,mod_rtmp,rtmp,"profile [profilename] [start | stop | rescan | restart]
status profile [profilename]
status profile [profilename] [reg | sessions]
session [session_id] [kill | login [user@domain] | logout [user@domain]]",RTMP_FUNCTION_SYNTAX,rtmp_function,,literal,not_captured,not_verified,https://github.com/signalwire/freeswitch/blob/ef32e205295e29f034f1453ad245ba5efb07b94a/src/mod/endpoints/mod_rtmp/mod_rtmp.c#L2063
api:mod_rtmp:rtmp_contact:2064,api,mod_rtmp,rtmp_contact,profile/user@domain[/[!]nickname],RTMP_CONTACT_FUNCTION_SYNTAX,rtmp_contact_function,,literal,not_captured,not_verified,https://github.com/signalwire/freeswitch/blob/ef32e205295e29f034f1453ad245ba5efb07b94a/src/mod/endpoints/mod_rtmp/mod_rtmp.c#L2064
api:mod_skinny:skinny:663,api,mod_skinny,skinny,<cmd> <args>,"""<cmd> <args>""",skinny_function,,literal,not_captured,not_verified,https://github.com/signalwire/freeswitch/blob/ef32e205295e29f034f1453ad245ba5efb07b94a/src/mod/endpoints/mod_skinny/skinny_api.c#L663
app:mod_sofia:sofia_sla:6848,app,mod_sofia,sofia_sla,<uuid>,"""<uuid>""",sofia_sla_function,SAF_NONE,literal,not_captured,not_verified,https://github.com/signalwire/freeswitch/blob/ef32e205295e29f034f1453ad245ba5efb07b94a/src/mod/endpoints/mod_sofia/mod_sofia.c#L6848
app:mod_sofia:sofia_stir_shaken_vs:6851,app,mod_sofia,sofia_stir_shaken_vs,,"""""",sofia_stir_shaken_vs_function,SAF_SUPPORT_NOMEDIA,literal,not_captured,not_verified,https://github.com/signalwire/freeswitch/blob/ef32e205295e29f034f1453ad245ba5efb07b94a/src/mod/endpoints/mod_sofia/mod_sofia.c#L6851
api:mod_sofia:sofia:6854,api,mod_sofia,sofia,<cmd> <args>,"""<cmd> <args>""",sofia_function,,literal,not_captured,not_verified,https://github.com/signalwire/freeswitch/blob/ef32e205295e29f034f1453ad245ba5efb07b94a/src/mod/endpoints/mod_sofia/mod_sofia.c#L6854
api:mod_sofia:sofia_gateway_data:6855,api,mod_sofia,sofia_gateway_data,<gateway_name> [ivar|ovar|var] <name>,"""<gateway_name> [ivar|ovar|var] <name>""",sofia_gateway_data_function,,literal,not_captured,not_verified,https://github.com/signalwire/freeswitch/blob/ef32e205295e29f034f1453ad245ba5efb07b94a/src/mod/endpoints/mod_sofia/mod_sofia.c#L6855
api:mod_sofia:sofia_username_of:6887,api,mod_sofia,sofia_username_of,[profile/]<user>@<domain>,"""[profile/]<user>@<domain>""",sofia_username_of_function,,literal,not_captured,not_verified,https://github.com/signalwire/freeswitch/blob/ef32e205295e29f034f1453ad245ba5efb07b94a/src/mod/endpoints/mod_sofia/mod_sofia.c#L6887
api:mod_sofia:sofia_contact:6888,api,mod_sofia,sofia_contact,[profile/]<user>@<domain>,"""[profile/]<user>@<domain>""",sofia_contact_function,,literal,not_captured,not_verified,https://github.com/signalwire/freeswitch/blob/ef32e205295e29f034f1453ad245ba5efb07b94a/src/mod/endpoints/mod_sofia/mod_sofia.c#L6888
api:mod_sofia:sofia_count_reg:6889,api,mod_sofia,sofia_count_reg,[profile/]<user>@<domain>,"""[profile/]<user>@<domain>""",sofia_count_reg_function,,literal,not_captured,not_verified,https://github.com/signalwire/freeswitch/blob/ef32e205295e29f034f1453ad245ba5efb07b94a/src/mod/endpoints/mod_sofia/mod_sofia.c#L6889
api:mod_sofia:sofia_dig:6890,api,mod_sofia,sofia_dig,<url>,"""<url>""",sip_dig_function,,literal,not_captured,not_verified,https://github.com/signalwire/freeswitch/blob/ef32e205295e29f034f1453ad245ba5efb07b94a/src/mod/endpoints/mod_sofia/mod_sofia.c#L6890
api:mod_sofia:sofia_presence_data:6891,api,mod_sofia,sofia_presence_data,[list|status|rpid|user_agent] [profile/]<user>@domain,"""[list|status|rpid|user_agent] [profile/]<user>@domain""",sofia_presence_data_function,,literal,not_captured,not_verified,https://github.com/signalwire/freeswitch/blob/ef32e205295e29f034f1453ad245ba5efb07b94a/src/mod/endpoints/mod_sofia/mod_sofia.c#L6891
json_api:mod_sofia:sofia.status:213,json_api,mod_sofia,sofia.status,,"""""",sofia_status_json_function,,literal,not_captured,not_verified,https://github.com/signalwire/freeswitch/blob/ef32e205295e29f034f1453ad245ba5efb07b94a/src/mod/endpoints/mod_sofia/sofia_json_api.c#L213
json_api:mod_sofia:sofia.status.info:214,json_api,mod_sofia,sofia.status.info,,"""""",sofia_status_info_json_function,,literal,not_captured,not_verified,https://github.com/signalwire/freeswitch/blob/ef32e205295e29f034f1453ad245ba5efb07b94a/src/mod/endpoints/mod_sofia/sofia_json_api.c#L214
api:mod_verto:verto:6988,api,mod_verto,verto,syntax,"""syntax""",verto_function,,literal,not_captured,not_verified,https://github.com/signalwire/freeswitch/blob/ef32e205295e29f034f1453ad245ba5efb07b94a/src/mod/endpoints/mod_verto/mod_verto.c#L6988
api:mod_verto:verto_contact:6989,api,mod_verto,verto_contact,user@domain,"""user@domain""",verto_contact_function,,literal,not_captured,not_verified,https://github.com/signalwire/freeswitch/blob/ef32e205295e29f034f1453ad245ba5efb07b94a/src/mod/endpoints/mod_verto/mod_verto.c#L6989
json_api:mod_verto:store:6998,json_api,mod_verto,store,,"""""",json_store_function,,literal,not_captured,not_verified,https://github.com/signalwire/freeswitch/blob/ef32e205295e29f034f1453ad245ba5efb07b94a/src/mod/endpoints/mod_verto/mod_verto.c#L6998
api:mod_amqp:amqp:76,api,mod_amqp,amqp,syntax,"""syntax""",amqp_reload,,literal,not_captured,not_verified,https://github.com/signalwire/freeswitch/blob/ef32e205295e29f034f1453ad245ba5efb07b94a/src/mod/event_handlers/mod_amqp/mod_amqp.c#L76
api:mod_cdr_csv:cdr_csv:457,api,mod_cdr_csv,cdr_csv,parameters,"""parameters""",cdr_csv_function,,literal,not_captured,not_verified,https://github.com/signalwire/freeswitch/blob/ef32e205295e29f034f1453ad245ba5efb07b94a/src/mod/event_handlers/mod_cdr_csv/mod_cdr_csv.c#L457
app:mod_erlang_event:erlang:1986,app,mod_erlang_event,erlang,<registered name> <node@host>,"""<registered name> <node@host>""",erlang_outbound_function,SAF_SUPPORT_NOMEDIA,literal,not_captured,not_verified,https://github.com/signalwire/freeswitch/blob/ef32e205295e29f034f1453ad245ba5efb07b94a/src/mod/event_handlers/mod_erlang_event/mod_erlang_event.c#L1986
app:mod_erlang_event:erlang_sendmsg:1988,app,mod_erlang_event,erlang_sendmsg,<registered name> <node@host> <message>,"""<registered name> <node@host> <message>""",erlang_sendmsg_function,SAF_SUPPORT_NOMEDIA,literal,not_captured,not_verified,https://github.com/signalwire/freeswitch/blob/ef32e205295e29f034f1453ad245ba5efb07b94a/src/mod/event_handlers/mod_erlang_event/mod_erlang_event.c#L1988
api:mod_erlang_event:erlang:1990,api,mod_erlang_event,erlang,<command> [<args>],"""<command> [<args>]""",erlang_cmd,,literal,not_captured,not_verified,https://github.com/signalwire/freeswitch/blob/ef32e205295e29f034f1453ad245ba5efb07b94a/src/mod/event_handlers/mod_erlang_event/mod_erlang_event.c#L1990
api:mod_event_multicast:multicast_peers:895,api,mod_event_multicast,multicast_peers,,"""""",multicast_peers,,literal,not_captured,not_verified,https://github.com/signalwire/freeswitch/blob/ef32e205295e29f034f1453ad245ba5efb07b94a/src/mod/event_handlers/mod_event_multicast/mod_event_multicast.c#L895
app:mod_event_socket:socket:1201,app,mod_event_socket,socket,<ip>[:<port>],"""<ip>[:<port>]""",socket_function,SAF_SUPPORT_NOMEDIA,literal,not_captured,not_verified,https://github.com/signalwire/freeswitch/blob/ef32e205295e29f034f1453ad245ba5efb07b94a/src/mod/event_handlers/mod_event_socket/mod_event_socket.c#L1201
api:mod_event_socket:event_sink:1202,api,mod_event_socket,event_sink,<web data>,"""<web data>""",event_sink_function,,literal,not_captured,not_verified,https://github.com/signalwire/freeswitch/blob/ef32e205295e29f034f1453ad245ba5efb07b94a/src/mod/event_handlers/mod_event_socket/mod_event_socket.c#L1202
api:mod_smpp:smpp_debug:235,api,mod_smpp,smpp_debug,,NULL,mod_smpp_debug_api,,manual_resolution_required,not_captured,not_verified,https://github.com/signalwire/freeswitch/blob/ef32e205295e29f034f1453ad245ba5efb07b94a/src/mod/event_handlers/mod_smpp/mod_smpp.c#L235
api:mod_smpp:smpp_send:236,api,mod_smpp,smpp_send,,NULL,mod_smpp_send_api,,manual_resolution_required,not_captured,not_verified,https://github.com/signalwire/freeswitch/blob/ef32e205295e29f034f1453ad245ba5efb07b94a/src/mod/event_handlers/mod_smpp/mod_smpp.c#L236
chat_app:mod_smpp:smpp_send:237,chat_app,mod_smpp,smpp_send,,"""""",mod_smpp_chat_send_function,SCAF_NONE,literal,not_captured,not_verified,https://github.com/signalwire/freeswitch/blob/ef32e205295e29f034f1453ad245ba5efb07b94a/src/mod/event_handlers/mod_smpp/mod_smpp.c#L237
app:mod_smpp:smpp_send:239,app,mod_smpp,smpp_send,smpp_send,"""smpp_send""",mod_smpp_app_send_function,SAF_SUPPORT_NOMEDIA | SAF_ROUTING_EXEC,literal,not_captured,not_verified,https://github.com/signalwire/freeswitch/blob/ef32e205295e29f034f1453ad245ba5efb07b94a/src/mod/event_handlers/mod_smpp/mod_smpp.c#L239
api:mod_local_stream:local_stream:1567,api,mod_local_stream,local_stream,<show|start|reload|stop|hup> <local_stream_name>,LOCAL_STREAM_SYNTAX,local_stream_function,,literal,not_captured,not_verified,https://github.com/signalwire/freeswitch/blob/ef32e205295e29f034f1453ad245ba5efb07b94a/src/mod/formats/mod_local_stream/mod_local_stream.c#L1567
api:mod_opusfile:opusfile_debug:1161,api,mod_opusfile,opusfile_debug,<on|off>,OPUSFILE_DEBUG_SYNTAX,mod_opusfile_debug,,literal,not_captured,not_verified,https://github.com/signalwire/freeswitch/blob/ef32e205295e29f034f1453ad245ba5efb07b94a/src/mod/formats/mod_opusfile/mod_opusfile.c#L1161
api:mod_png:uuid_write_png:443,api,mod_png,uuid_write_png,,"""""",uuid_write_png_function,,literal,not_captured,not_verified,https://github.com/signalwire/freeswitch/blob/ef32e205295e29f034f1453ad245ba5efb07b94a/src/mod/formats/mod_png/mod_png.c#L443
api:mod_shout:telecast:1798,api,mod_shout,telecast,,TELECAST_SYNTAX,telecast_api_function,,literal,not_captured,not_verified,https://github.com/signalwire/freeswitch/blob/ef32e205295e29f034f1453ad245ba5efb07b94a/src/mod/formats/mod_shout/mod_shout.c#L1798
api:mod_sndfile:sndfile_debug:649,api,mod_sndfile,sndfile_debug,<on|off>,SNDFILE_DEBUG_SYNTAX,mod_sndfile_debug,,literal,not_captured,not_verified,https://github.com/signalwire/freeswitch/blob/ef32e205295e29f034f1453ad245ba5efb07b94a/src/mod/formats/mod_sndfile/mod_sndfile.c#L649
app:mod_vlc:play_video:2651,app,mod_vlc,play_video,<file>,"""<file>""",play_video_function,SAF_NONE,literal,not_captured,not_verified,https://github.com/signalwire/freeswitch/blob/ef32e205295e29f034f1453ad245ba5efb07b94a/src/mod/formats/mod_vlc/mod_vlc.c#L2651
app:mod_vlc:capture_video:2652,app,mod_vlc,capture_video,<file>,"""<file>""",capture_video_function,SAF_NONE,literal,not_captured,not_verified,https://github.com/signalwire/freeswitch/blob/ef32e205295e29f034f1453ad245ba5efb07b94a/src/mod/formats/mod_vlc/mod_vlc.c#L2652
api:mod_basic:basic:378,api,mod_basic,basic,syntax,"""syntax""",basic_api_function,,literal,not_captured,not_verified,https://github.com/signalwire/freeswitch/blob/ef32e205295e29f034f1453ad245ba5efb07b94a/src/mod/languages/mod_basic/mod_basic.c#L378
app:mod_basic:basic:379,app,mod_basic,basic,<file>,"""<file>""",basic_function,SAF_NONE,literal,not_captured,not_verified,https://github.com/signalwire/freeswitch/blob/ef32e205295e29f034f1453ad245ba5efb07b94a/src/mod/languages/mod_basic/mod_basic.c#L379
app:mod_java:java:360,app,mod_java,java,,NULL,java_function,SAF_SUPPORT_NOMEDIA,manual_resolution_required,not_captured,not_verified,https://github.com/signalwire/freeswitch/blob/ef32e205295e29f034f1453ad245ba5efb07b94a/src/mod/languages/mod_java/modjava.c#L360
api:mod_lua:luarun:687,api,mod_lua,luarun,<script>,"""<script>""",luarun_api_function,,literal,not_captured,not_verified,https://github.com/signalwire/freeswitch/blob/ef32e205295e29f034f1453ad245ba5efb07b94a/src/mod/languages/mod_lua/mod_lua.cpp#L687
api:mod_lua:lua:688,api,mod_lua,lua,<script>,"""<script>""",lua_api_function,,literal,not_captured,not_verified,https://github.com/signalwire/freeswitch/blob/ef32e205295e29f034f1453ad245ba5efb07b94a/src/mod/languages/mod_lua/mod_lua.cpp#L688
app:mod_lua:lua:689,app,mod_lua,lua,<script>,"""<script>""",lua_function,SAF_SUPPORT_NOMEDIA | SAF_ROUTING_EXEC | SAF_ZOMBIE_EXEC | SAF_SUPPORT_TEXT_ONLY,literal,not_captured,not_verified,https://github.com/signalwire/freeswitch/blob/ef32e205295e29f034f1453ad245ba5efb07b94a/src/mod/languages/mod_lua/mod_lua.cpp#L689
chat_app:mod_lua:lua:693,chat_app,mod_lua,lua,<script>,"""<script>""",lua_chat_function,SCAF_NONE,literal,not_captured,not_verified,https://github.com/signalwire/freeswitch/blob/ef32e205295e29f034f1453ad245ba5efb07b94a/src/mod/languages/mod_lua/mod_lua.cpp#L693
api:mod_managed:managedrun:366,api,mod_managed,managedrun,<module> [<args>],"""<module> [<args>]""",managedrun_api_function,,literal,not_captured,not_verified,https://github.com/signalwire/freeswitch/blob/ef32e205295e29f034f1453ad245ba5efb07b94a/src/mod/languages/mod_managed/mod_managed.cpp#L366
api:mod_managed:managed:367,api,mod_managed,managed,<module> [<args>],"""<module> [<args>]""",managed_api_function,,literal,not_captured,not_verified,https://github.com/signalwire/freeswitch/blob/ef32e205295e29f034f1453ad245ba5efb07b94a/src/mod/languages/mod_managed/mod_managed.cpp#L367
app:mod_managed:managed:368,app,mod_managed,managed,<modulename> [<args>],"""<modulename> [<args>]""",managed_app_function,SAF_SUPPORT_NOMEDIA,literal,not_captured,not_verified,https://github.com/signalwire/freeswitch/blob/ef32e205295e29f034f1453ad245ba5efb07b94a/src/mod/languages/mod_managed/mod_managed.cpp#L368
api:mod_managed:managedreload:369,api,mod_managed,managedreload,<filename>,"""<filename>""",managedreload_api_function,,literal,not_captured,not_verified,https://github.com/signalwire/freeswitch/blob/ef32e205295e29f034f1453ad245ba5efb07b94a/src/mod/languages/mod_managed/mod_managed.cpp#L369
api:mod_managed:managedlist:370,api,mod_managed,managedlist,,"""""",managedlist_api_function,,literal,not_captured,not_verified,https://github.com/signalwire/freeswitch/blob/ef32e205295e29f034f1453ad245ba5efb07b94a/src/mod/languages/mod_managed/mod_managed.cpp#L370
app:mod_perl:perl:528,app,mod_perl,perl,,NULL,perl_function,SAF_SUPPORT_NOMEDIA,manual_resolution_required,not_captured,not_verified,https://github.com/signalwire/freeswitch/blob/ef32e205295e29f034f1453ad245ba5efb07b94a/src/mod/languages/mod_perl/mod_perl.c#L528
api:mod_perl:perlrun:529,api,mod_perl,perlrun,<script>,"""<script>""",perlrun_api_function,,literal,not_captured,not_verified,https://github.com/signalwire/freeswitch/blob/ef32e205295e29f034f1453ad245ba5efb07b94a/src/mod/languages/mod_perl/mod_perl.c#L529
api:mod_perl:perl:530,api,mod_perl,perl,<script>,"""<script>""",perl_api_function,,literal,not_captured,not_verified,https://github.com/signalwire/freeswitch/blob/ef32e205295e29f034f1453ad245ba5efb07b94a/src/mod/languages/mod_perl/mod_perl.c#L530
chat_app:mod_perl:perl:531,chat_app,mod_perl,perl,<script>,"""<script>""",perl_chat_function,SCAF_NONE,literal,not_captured,not_verified,https://github.com/signalwire/freeswitch/blob/ef32e205295e29f034f1453ad245ba5efb07b94a/src/mod/languages/mod_perl/mod_perl.c#L531
api:mod_python3:pyrun:619,api,mod_python3,pyrun,python </path/to/script>,"""python </path/to/script>""",launch_python,,literal,not_captured,not_verified,https://github.com/signalwire/freeswitch/blob/ef32e205295e29f034f1453ad245ba5efb07b94a/src/mod/languages/mod_python3/mod_python3.c#L619
api:mod_python3:python:620,api,mod_python3,python,python </path/to/script>,"""python </path/to/script>""",api_python,,literal,not_captured,not_verified,https://github.com/signalwire/freeswitch/blob/ef32e205295e29f034f1453ad245ba5efb07b94a/src/mod/languages/mod_python3/mod_python3.c#L620
app:mod_python3:python:621,app,mod_python3,python,<script> [additional_vars [...]],"""<script> [additional_vars [...]]""",python_function,SAF_SUPPORT_NOMEDIA,literal,not_captured,not_verified,https://github.com/signalwire/freeswitch/blob/ef32e205295e29f034f1453ad245ba5efb07b94a/src/mod/languages/mod_python3/mod_python3.c#L621
chat_app:mod_python3:python:623,chat_app,mod_python3,python,<script>,"""<script>""",python_chat_function,SCAF_NONE,literal,not_captured,not_verified,https://github.com/signalwire/freeswitch/blob/ef32e205295e29f034f1453ad245ba5efb07b94a/src/mod/languages/mod_python3/mod_python3.c#L623
api:mod_v8:jsrun:1578,api,mod_v8,jsrun,jsrun <script> [additional_vars [...]],"""jsrun <script> [additional_vars [...]]""",launch_async,,literal,not_captured,not_verified,https://github.com/signalwire/freeswitch/blob/ef32e205295e29f034f1453ad245ba5efb07b94a/src/mod/languages/mod_v8/mod_v8.cpp#L1578
api:mod_v8:jsapi:1579,api,mod_v8,jsapi,jsapi <script> [additional_vars [...]],"""jsapi <script> [additional_vars [...]]""",jsapi_function,,literal,not_captured,not_verified,https://github.com/signalwire/freeswitch/blob/ef32e205295e29f034f1453ad245ba5efb07b94a/src/mod/languages/mod_v8/mod_v8.cpp#L1579
api:mod_v8:jsmon:1580,api,mod_v8,jsmon,jsmon on|off,"""jsmon on|off""",jsmon_function,,literal,not_captured,not_verified,https://github.com/signalwire/freeswitch/blob/ef32e205295e29f034f1453ad245ba5efb07b94a/src/mod/languages/mod_v8/mod_v8.cpp#L1580
api:mod_v8:jsps:1581,api,mod_v8,jsps,jsps [as plain|json|xml|delim|csv [<delimeter>]],"""jsps [as plain|json|xml|delim|csv [<delimeter>]]""",process_status_function,,literal,not_captured,not_verified,https://github.com/signalwire/freeswitch/blob/ef32e205295e29f034f1453ad245ba5efb07b94a/src/mod/languages/mod_v8/mod_v8.cpp#L1581
api:mod_v8:jskill:1582,api,mod_v8,jskill,jskill <task_id>,"""jskill <task_id>""",kill_function,,literal,not_captured,not_verified,https://github.com/signalwire/freeswitch/blob/ef32e205295e29f034f1453ad245ba5efb07b94a/src/mod/languages/mod_v8/mod_v8.cpp#L1582
app:mod_v8:javascript:1583,app,mod_v8,javascript,<script> [additional_vars [...]],"""<script> [additional_vars [...]]""",v8_dp_function,SAF_SUPPORT_NOMEDIA,literal,not_captured,not_verified,https://github.com/signalwire/freeswitch/blob/ef32e205295e29f034f1453ad245ba5efb07b94a/src/mod/languages/mod_v8/mod_v8.cpp#L1583
chat_app:mod_v8:javascript:1584,chat_app,mod_v8,javascript,<script>,"""<script>""",v8_chat_function,SCAF_NONE,literal,not_captured,not_verified,https://github.com/signalwire/freeswitch/blob/ef32e205295e29f034f1453ad245ba5efb07b94a/src/mod/languages/mod_v8/mod_v8.cpp#L1584
json_api:mod_v8:jsjson:1586,json_api,mod_v8,jsjson,,"""""",json_function,,literal,not_captured,not_verified,https://github.com/signalwire/freeswitch/blob/ef32e205295e29f034f1453ad245ba5efb07b94a/src/mod/languages/mod_v8/mod_v8.cpp#L1586
api:mod_console:console:478,api,mod_console,console,loglevel [level]|colorize [on|toggle|off]|uuid [on|toggle|off]|json [on|toggle|off],"""loglevel [level]|colorize [on|toggle|off]|uuid [on|toggle|off]|json [on|toggle|off]""",console_api_function,,literal,not_captured,not_verified,https://github.com/signalwire/freeswitch/blob/ef32e205295e29f034f1453ad245ba5efb07b94a/src/mod/loggers/mod_console/mod_console.c#L478
api:mod_xml_curl:xml_curl:591,api,mod_xml_curl,xml_curl,[debug_on|debug_off],XML_CURL_SYNTAX,xml_curl_function,,literal,not_captured,not_verified,https://github.com/signalwire/freeswitch/blob/ef32e205295e29f034f1453ad245ba5efb07b94a/src/mod/xml_int/mod_xml_curl/mod_xml_curl.c#L591
api:mod_xml_ldap:xml_ldap:161,api,mod_xml_ldap,xml_ldap,,XML_LDAP_SYNTAX,xml_ldap_function,,literal,not_captured,not_verified,https://github.com/signalwire/freeswitch/blob/ef32e205295e29f034f1453ad245ba5efb07b94a/src/mod/xml_int/mod_xml_ldap/mod_xml_ldap.c#L161
api:mod_xml_scgi:xml_scgi:394,api,mod_xml_scgi,xml_scgi,[debug_on|debug_off],XML_SCGI_SYNTAX,xml_scgi_function,,literal,not_captured,not_verified,https://github.com/signalwire/freeswitch/blob/ef32e205295e29f034f1453ad245ba5efb07b94a/src/mod/xml_int/mod_xml_scgi/mod_xml_scgi.c#L394
api:core:msrp:1890,api,core,msrp,debug <on|off>|restart,MSRP_SYNTAX,msrp_api_function,,literal,not_captured,not_verified,https://github.com/signalwire/freeswitch/blob/ef32e205295e29f034f1453ad245ba5efb07b94a/src/switch_msrp.c#L1890
api:core:uuid_msrp_send:1892,api,core,uuid_msrp_send,<msg>,"""<msg>""",uuid_msrp_send_function,,literal,not_captured,not_verified,https://github.com/signalwire/freeswitch/blob/ef32e205295e29f034f1453ad245ba5efb07b94a/src/switch_msrp.c#L1892
app:core:msrp_recv_file:1893,app,core,msrp_recv_file,<filename>,"""<filename>""",msrp_recv_file_function,SAF_SUPPORT_TEXT_ONLY | SAF_SUPPORT_NOMEDIA,literal,not_captured,not_verified,https://github.com/signalwire/freeswitch/blob/ef32e205295e29f034f1453ad245ba5efb07b94a/src/switch_msrp.c#L1893
app:core:msrp_send_file:1894,app,core,msrp_send_file,<filename>,"""<filename>""",msrp_send_file_function,SAF_SUPPORT_TEXT_ONLY | SAF_SUPPORT_NOMEDIA,literal,not_captured,not_verified,https://github.com/signalwire/freeswitch/blob/ef32e205295e29f034f1453ad245ba5efb07b94a/src/switch_msrp.c#L1894
api:core:vpx:2026,api,core,vpx,<reload|debug <on|off>>,VPX_API_SYNTAX,vpx_api_function,,literal,not_captured,not_verified,https://github.com/signalwire/freeswitch/blob/ef32e205295e29f034f1453ad245ba5efb07b94a/src/switch_vpx.c#L2026
