symbol,return_type,parameters,binary_abi,source_url
switch_status_is_timeup,int,int status,not_verified,https://github.com/signalwire/freeswitch/blob/ef32e205295e29f034f1453ad245ba5efb07b94a/src/include/switch_apr.h#L45
switch_thread_self,switch_thread_id_t,void,not_verified,https://github.com/signalwire/freeswitch/blob/ef32e205295e29f034f1453ad245ba5efb07b94a/src/include/switch_apr.h#L54
switch_thread_equal,int,"switch_thread_id_t tid1, switch_thread_id_t tid2",not_verified,https://github.com/signalwire/freeswitch/blob/ef32e205295e29f034f1453ad245ba5efb07b94a/src/include/switch_apr.h#L60
switch_pool_clear,void,switch_memory_pool_t *pool,not_verified,https://github.com/signalwire/freeswitch/blob/ef32e205295e29f034f1453ad245ba5efb07b94a/src/include/switch_apr.h#L87
switch_snprintf,int,"_Out_z_cap_(len)
									char *buf, _In_ switch_size_t len, _In_z_ _Printf_format_string_ const char *format, ...",not_verified,https://github.com/signalwire/freeswitch/blob/ef32e205295e29f034f1453ad245ba5efb07b94a/src/include/switch_apr.h#L97
switch_vasprintf,int,"_Out_opt_ char **buf, _In_z_ _Printf_format_string_ const char *format, _In_ va_list ap",not_verified,https://github.com/signalwire/freeswitch/blob/ef32e205295e29f034f1453ad245ba5efb07b94a/src/include/switch_apr.h#L100
switch_vsnprintf,int,"char *buf, switch_size_t len, const char *format, va_list ap",not_verified,https://github.com/signalwire/freeswitch/blob/ef32e205295e29f034f1453ad245ba5efb07b94a/src/include/switch_apr.h#L102
switch_copy_string,char *,"_Out_z_cap_(dst_size)
										  char *dst, _In_z_ const char *src, _In_ switch_size_t dst_size",not_verified,https://github.com/signalwire/freeswitch/blob/ef32e205295e29f034f1453ad245ba5efb07b94a/src/include/switch_apr.h#L104
switch_core_hash_first,switch_hash_index_t *,"switch_memory_pool_t *pool, switch_hash_t *ht",not_verified,https://github.com/signalwire/freeswitch/blob/ef32e205295e29f034f1453ad245ba5efb07b94a/src/include/switch_apr.h#L140
switch_core_hash_next,switch_hash_index_t *,switch_hash_index_t *ht,not_verified,https://github.com/signalwire/freeswitch/blob/ef32e205295e29f034f1453ad245ba5efb07b94a/src/include/switch_apr.h#L148
switch_core_hash_this,void,"switch_hash_index_t *hi, const void **key, switch_ssize_t *klen, void **val",not_verified,https://github.com/signalwire/freeswitch/blob/ef32e205295e29f034f1453ad245ba5efb07b94a/src/include/switch_apr.h#L159
switch_hash_pool_get,switch_memory_pool_t *,switch_hash_t *ht,not_verified,https://github.com/signalwire/freeswitch/blob/ef32e205295e29f034f1453ad245ba5efb07b94a/src/include/switch_apr.h#L163
switch_hashfunc_default,unsigned int,"const char *key, switch_ssize_t *klen",not_verified,https://github.com/signalwire/freeswitch/blob/ef32e205295e29f034f1453ad245ba5efb07b94a/src/include/switch_apr.h#L176
switch_ci_hashfunc_default,unsigned int,"const char *char_key, switch_ssize_t *klen",not_verified,https://github.com/signalwire/freeswitch/blob/ef32e205295e29f034f1453ad245ba5efb07b94a/src/include/switch_apr.h#L178
switch_time_make,switch_time_t,"switch_time_t sec, int32_t usec",not_verified,https://github.com/signalwire/freeswitch/blob/ef32e205295e29f034f1453ad245ba5efb07b94a/src/include/switch_apr.h#L223
switch_time_now,switch_time_t,void,not_verified,https://github.com/signalwire/freeswitch/blob/ef32e205295e29f034f1453ad245ba5efb07b94a/src/include/switch_apr.h#L228
switch_time_exp_gmt_get,switch_status_t,"switch_time_t *result, switch_time_exp_t *input",not_verified,https://github.com/signalwire/freeswitch/blob/ef32e205295e29f034f1453ad245ba5efb07b94a/src/include/switch_apr.h#L236
switch_strftime,switch_status_t,"char *s, switch_size_t *retsize, switch_size_t max, const char *format, switch_time_exp_t *tm",not_verified,https://github.com/signalwire/freeswitch/blob/ef32e205295e29f034f1453ad245ba5efb07b94a/src/include/switch_apr.h#L246
switch_strftime_nocheck,switch_status_t,"char *s, switch_size_t *retsize, switch_size_t max, const char *format, switch_time_exp_t *tm",not_verified,https://github.com/signalwire/freeswitch/blob/ef32e205295e29f034f1453ad245ba5efb07b94a/src/include/switch_apr.h#L256
switch_rfc822_date,switch_status_t,"char *date_str, switch_time_t t",not_verified,https://github.com/signalwire/freeswitch/blob/ef32e205295e29f034f1453ad245ba5efb07b94a/src/include/switch_apr.h#L266
switch_time_exp_gmt,switch_status_t,"switch_time_exp_t *result, switch_time_t input",not_verified,https://github.com/signalwire/freeswitch/blob/ef32e205295e29f034f1453ad245ba5efb07b94a/src/include/switch_apr.h#L273
switch_time_exp_get,switch_status_t,"switch_time_t *result, switch_time_exp_t *input",not_verified,https://github.com/signalwire/freeswitch/blob/ef32e205295e29f034f1453ad245ba5efb07b94a/src/include/switch_apr.h#L281
switch_time_exp_lt,switch_status_t,"switch_time_exp_t *result, switch_time_t input",not_verified,https://github.com/signalwire/freeswitch/blob/ef32e205295e29f034f1453ad245ba5efb07b94a/src/include/switch_apr.h#L288
switch_time_exp_tz,switch_status_t,"switch_time_exp_t *result, switch_time_t input, switch_int32_t offs",not_verified,https://github.com/signalwire/freeswitch/blob/ef32e205295e29f034f1453ad245ba5efb07b94a/src/include/switch_apr.h#L295
switch_sleep,void,switch_interval_time_t t,not_verified,https://github.com/signalwire/freeswitch/blob/ef32e205295e29f034f1453ad245ba5efb07b94a/src/include/switch_apr.h#L302
switch_micro_sleep,void,switch_interval_time_t t,not_verified,https://github.com/signalwire/freeswitch/blob/ef32e205295e29f034f1453ad245ba5efb07b94a/src/include/switch_apr.h#L303
switch_mutex_init,switch_status_t,"switch_mutex_t ** lock, unsigned int flags, switch_memory_pool_t *pool",not_verified,https://github.com/signalwire/freeswitch/blob/ef32e205295e29f034f1453ad245ba5efb07b94a/src/include/switch_apr.h#L337
switch_mutex_destroy,switch_status_t,switch_mutex_t *lock,not_verified,https://github.com/signalwire/freeswitch/blob/ef32e205295e29f034f1453ad245ba5efb07b94a/src/include/switch_apr.h#L344
switch_mutex_lock,switch_status_t,switch_mutex_t *lock,not_verified,https://github.com/signalwire/freeswitch/blob/ef32e205295e29f034f1453ad245ba5efb07b94a/src/include/switch_apr.h#L351
switch_mutex_unlock,switch_status_t,switch_mutex_t *lock,not_verified,https://github.com/signalwire/freeswitch/blob/ef32e205295e29f034f1453ad245ba5efb07b94a/src/include/switch_apr.h#L357
switch_mutex_trylock,switch_status_t,switch_mutex_t *lock,not_verified,https://github.com/signalwire/freeswitch/blob/ef32e205295e29f034f1453ad245ba5efb07b94a/src/include/switch_apr.h#L366
switch_atomic_init,switch_status_t,switch_memory_pool_t *pool,not_verified,https://github.com/signalwire/freeswitch/blob/ef32e205295e29f034f1453ad245ba5efb07b94a/src/include/switch_apr.h#L388
switch_atomic_read,uint32_t,volatile switch_atomic_t *mem,not_verified,https://github.com/signalwire/freeswitch/blob/ef32e205295e29f034f1453ad245ba5efb07b94a/src/include/switch_apr.h#L395
switch_atomic_set,void,"volatile switch_atomic_t *mem, uint32_t val",not_verified,https://github.com/signalwire/freeswitch/blob/ef32e205295e29f034f1453ad245ba5efb07b94a/src/include/switch_apr.h#L403
switch_atomic_add,void,"volatile switch_atomic_t *mem, uint32_t val",not_verified,https://github.com/signalwire/freeswitch/blob/ef32e205295e29f034f1453ad245ba5efb07b94a/src/include/switch_apr.h#L411
switch_atomic_inc,void,volatile switch_atomic_t *mem,not_verified,https://github.com/signalwire/freeswitch/blob/ef32e205295e29f034f1453ad245ba5efb07b94a/src/include/switch_apr.h#L418
switch_atomic_dec,int,volatile switch_atomic_t *mem,not_verified,https://github.com/signalwire/freeswitch/blob/ef32e205295e29f034f1453ad245ba5efb07b94a/src/include/switch_apr.h#L425
switch_thread_rwlock_create,switch_status_t,"switch_thread_rwlock_t ** rwlock, switch_memory_pool_t *pool",not_verified,https://github.com/signalwire/freeswitch/blob/ef32e205295e29f034f1453ad245ba5efb07b94a/src/include/switch_apr.h#L438
switch_thread_rwlock_destroy,switch_status_t,switch_thread_rwlock_t *rwlock,not_verified,https://github.com/signalwire/freeswitch/blob/ef32e205295e29f034f1453ad245ba5efb07b94a/src/include/switch_apr.h#L439
switch_thread_rwlock_pool_get,switch_memory_pool_t *,switch_thread_rwlock_t *rwlock,not_verified,https://github.com/signalwire/freeswitch/blob/ef32e205295e29f034f1453ad245ba5efb07b94a/src/include/switch_apr.h#L440
switch_thread_rwlock_rdlock,switch_status_t,switch_thread_rwlock_t *rwlock,not_verified,https://github.com/signalwire/freeswitch/blob/ef32e205295e29f034f1453ad245ba5efb07b94a/src/include/switch_apr.h#L441
switch_thread_rwlock_tryrdlock,switch_status_t,switch_thread_rwlock_t *rwlock,not_verified,https://github.com/signalwire/freeswitch/blob/ef32e205295e29f034f1453ad245ba5efb07b94a/src/include/switch_apr.h#L442
switch_thread_rwlock_wrlock,switch_status_t,switch_thread_rwlock_t *rwlock,not_verified,https://github.com/signalwire/freeswitch/blob/ef32e205295e29f034f1453ad245ba5efb07b94a/src/include/switch_apr.h#L443
switch_thread_rwlock_trywrlock,switch_status_t,switch_thread_rwlock_t *rwlock,not_verified,https://github.com/signalwire/freeswitch/blob/ef32e205295e29f034f1453ad245ba5efb07b94a/src/include/switch_apr.h#L444
switch_thread_rwlock_trywrlock_timeout,switch_status_t,"switch_thread_rwlock_t *rwlock, int timeout",not_verified,https://github.com/signalwire/freeswitch/blob/ef32e205295e29f034f1453ad245ba5efb07b94a/src/include/switch_apr.h#L445
switch_thread_rwlock_unlock,switch_status_t,switch_thread_rwlock_t *rwlock,not_verified,https://github.com/signalwire/freeswitch/blob/ef32e205295e29f034f1453ad245ba5efb07b94a/src/include/switch_apr.h#L446
switch_thread_cond_create,switch_status_t,"switch_thread_cond_t ** cond, switch_memory_pool_t *pool",not_verified,https://github.com/signalwire/freeswitch/blob/ef32e205295e29f034f1453ad245ba5efb07b94a/src/include/switch_apr.h#L472
switch_thread_cond_wait,switch_status_t,"switch_thread_cond_t *cond, switch_mutex_t *mutex",not_verified,https://github.com/signalwire/freeswitch/blob/ef32e205295e29f034f1453ad245ba5efb07b94a/src/include/switch_apr.h#L486
switch_thread_cond_timedwait,switch_status_t,"switch_thread_cond_t *cond, switch_mutex_t *mutex, switch_interval_time_t timeout",not_verified,https://github.com/signalwire/freeswitch/blob/ef32e205295e29f034f1453ad245ba5efb07b94a/src/include/switch_apr.h#L504
switch_thread_cond_signal,switch_status_t,switch_thread_cond_t *cond,not_verified,https://github.com/signalwire/freeswitch/blob/ef32e205295e29f034f1453ad245ba5efb07b94a/src/include/switch_apr.h#L513
switch_thread_cond_broadcast,switch_status_t,switch_thread_cond_t *cond,not_verified,https://github.com/signalwire/freeswitch/blob/ef32e205295e29f034f1453ad245ba5efb07b94a/src/include/switch_apr.h#L521
switch_thread_cond_destroy,switch_status_t,switch_thread_cond_t *cond,not_verified,https://github.com/signalwire/freeswitch/blob/ef32e205295e29f034f1453ad245ba5efb07b94a/src/include/switch_apr.h#L527
switch_uuid_format,void,"char *buffer, const switch_uuid_t *uuid",not_verified,https://github.com/signalwire/freeswitch/blob/ef32e205295e29f034f1453ad245ba5efb07b94a/src/include/switch_apr.h#L557
switch_uuid_get,void,switch_uuid_t *uuid,not_verified,https://github.com/signalwire/freeswitch/blob/ef32e205295e29f034f1453ad245ba5efb07b94a/src/include/switch_apr.h#L563
switch_uuid_parse,switch_status_t,"switch_uuid_t *uuid, const char *uuid_str",not_verified,https://github.com/signalwire/freeswitch/blob/ef32e205295e29f034f1453ad245ba5efb07b94a/src/include/switch_apr.h#L570
switch_md5,switch_status_t,"unsigned char digest[SWITCH_MD5_DIGESTSIZE], const void *input, switch_size_t inputLen",not_verified,https://github.com/signalwire/freeswitch/blob/ef32e205295e29f034f1453ad245ba5efb07b94a/src/include/switch_apr.h#L578
switch_md5_string,switch_status_t,"char digest_str[SWITCH_MD5_DIGEST_STRING_SIZE], const void *input, switch_size_t inputLen",not_verified,https://github.com/signalwire/freeswitch/blob/ef32e205295e29f034f1453ad245ba5efb07b94a/src/include/switch_apr.h#L579
switch_queue_create,switch_status_t,"switch_queue_t ** queue, unsigned int queue_capacity, switch_memory_pool_t *pool",not_verified,https://github.com/signalwire/freeswitch/blob/ef32e205295e29f034f1453ad245ba5efb07b94a/src/include/switch_apr.h#L598
switch_queue_pop,switch_status_t,"switch_queue_t *queue, void **data",not_verified,https://github.com/signalwire/freeswitch/blob/ef32e205295e29f034f1453ad245ba5efb07b94a/src/include/switch_apr.h#L609
switch_queue_pop_timeout,switch_status_t,"switch_queue_t *queue, void **data, switch_interval_time_t timeout",not_verified,https://github.com/signalwire/freeswitch/blob/ef32e205295e29f034f1453ad245ba5efb07b94a/src/include/switch_apr.h#L625
switch_queue_push,switch_status_t,"switch_queue_t *queue, void *data",not_verified,https://github.com/signalwire/freeswitch/blob/ef32e205295e29f034f1453ad245ba5efb07b94a/src/include/switch_apr.h#L636
switch_queue_size,unsigned int,switch_queue_t *queue,not_verified,https://github.com/signalwire/freeswitch/blob/ef32e205295e29f034f1453ad245ba5efb07b94a/src/include/switch_apr.h#L646
switch_queue_trypop,switch_status_t,"switch_queue_t *queue, void **data",not_verified,https://github.com/signalwire/freeswitch/blob/ef32e205295e29f034f1453ad245ba5efb07b94a/src/include/switch_apr.h#L658
switch_queue_interrupt_all,switch_status_t,switch_queue_t *queue,not_verified,https://github.com/signalwire/freeswitch/blob/ef32e205295e29f034f1453ad245ba5efb07b94a/src/include/switch_apr.h#L660
switch_queue_term,switch_status_t,switch_queue_t *queue,not_verified,https://github.com/signalwire/freeswitch/blob/ef32e205295e29f034f1453ad245ba5efb07b94a/src/include/switch_apr.h#L662
switch_queue_trypush,switch_status_t,"switch_queue_t *queue, void *data",not_verified,https://github.com/signalwire/freeswitch/blob/ef32e205295e29f034f1453ad245ba5efb07b94a/src/include/switch_apr.h#L674
switch_file_open,switch_status_t,"switch_file_t ** newf, const char *fname, int32_t flag, switch_fileperms_t perm, switch_memory_pool_t *pool",not_verified,https://github.com/signalwire/freeswitch/blob/ef32e205295e29f034f1453ad245ba5efb07b94a/src/include/switch_apr.h#L810
switch_file_seek,switch_status_t,"switch_file_t *thefile, switch_seek_where_t where, int64_t *offset",not_verified,https://github.com/signalwire/freeswitch/blob/ef32e205295e29f034f1453ad245ba5efb07b94a/src/include/switch_apr.h#L814
switch_file_copy,switch_status_t,"const char *from_path, const char *to_path, switch_fileperms_t perms, switch_memory_pool_t *pool",not_verified,https://github.com/signalwire/freeswitch/blob/ef32e205295e29f034f1453ad245ba5efb07b94a/src/include/switch_apr.h#L817
switch_file_close,switch_status_t,switch_file_t *thefile,not_verified,https://github.com/signalwire/freeswitch/blob/ef32e205295e29f034f1453ad245ba5efb07b94a/src/include/switch_apr.h#L823
switch_file_trunc,switch_status_t,"switch_file_t *thefile, int64_t offset",not_verified,https://github.com/signalwire/freeswitch/blob/ef32e205295e29f034f1453ad245ba5efb07b94a/src/include/switch_apr.h#L825
switch_file_lock,switch_status_t,"switch_file_t *thefile, int type",not_verified,https://github.com/signalwire/freeswitch/blob/ef32e205295e29f034f1453ad245ba5efb07b94a/src/include/switch_apr.h#L827
switch_file_remove,switch_status_t,"const char *path, switch_memory_pool_t *pool",not_verified,https://github.com/signalwire/freeswitch/blob/ef32e205295e29f034f1453ad245ba5efb07b94a/src/include/switch_apr.h#L836
switch_file_rename,switch_status_t,"const char *from_path, const char *to_path, switch_memory_pool_t *pool",not_verified,https://github.com/signalwire/freeswitch/blob/ef32e205295e29f034f1453ad245ba5efb07b94a/src/include/switch_apr.h#L838
switch_file_read,switch_status_t,"switch_file_t *thefile, void *buf, switch_size_t *nbytes",not_verified,https://github.com/signalwire/freeswitch/blob/ef32e205295e29f034f1453ad245ba5efb07b94a/src/include/switch_apr.h#L857
switch_file_write,switch_status_t,"switch_file_t *thefile, const void *buf, switch_size_t *nbytes",not_verified,https://github.com/signalwire/freeswitch/blob/ef32e205295e29f034f1453ad245ba5efb07b94a/src/include/switch_apr.h#L874
switch_file_printf,int,"switch_file_t *thefile, const char *format, ...",not_verified,https://github.com/signalwire/freeswitch/blob/ef32e205295e29f034f1453ad245ba5efb07b94a/src/include/switch_apr.h#L875
switch_file_mktemp,switch_status_t,"switch_file_t ** thefile, char *templ, int32_t flags, switch_memory_pool_t *pool",not_verified,https://github.com/signalwire/freeswitch/blob/ef32e205295e29f034f1453ad245ba5efb07b94a/src/include/switch_apr.h#L877
switch_file_get_size,switch_size_t,switch_file_t *thefile,not_verified,https://github.com/signalwire/freeswitch/blob/ef32e205295e29f034f1453ad245ba5efb07b94a/src/include/switch_apr.h#L879
switch_file_exists,switch_status_t,"const char *filename, switch_memory_pool_t *pool",not_verified,https://github.com/signalwire/freeswitch/blob/ef32e205295e29f034f1453ad245ba5efb07b94a/src/include/switch_apr.h#L881
switch_directory_exists,switch_status_t,"const char *dirname, switch_memory_pool_t *pool",not_verified,https://github.com/signalwire/freeswitch/blob/ef32e205295e29f034f1453ad245ba5efb07b94a/src/include/switch_apr.h#L883
switch_dir_make,switch_status_t,"const char *path, switch_fileperms_t perm, switch_memory_pool_t *pool",not_verified,https://github.com/signalwire/freeswitch/blob/ef32e205295e29f034f1453ad245ba5efb07b94a/src/include/switch_apr.h#L891
switch_dir_make_recursive,switch_status_t,"const char *path, switch_fileperms_t perm, switch_memory_pool_t *pool",not_verified,https://github.com/signalwire/freeswitch/blob/ef32e205295e29f034f1453ad245ba5efb07b94a/src/include/switch_apr.h#L900
switch_dir_open,switch_status_t,"switch_dir_t ** new_dir, const char *dirname, switch_memory_pool_t *pool",not_verified,https://github.com/signalwire/freeswitch/blob/ef32e205295e29f034f1453ad245ba5efb07b94a/src/include/switch_apr.h#L918
switch_dir_close,switch_status_t,switch_dir_t *thedir,not_verified,https://github.com/signalwire/freeswitch/blob/ef32e205295e29f034f1453ad245ba5efb07b94a/src/include/switch_apr.h#L919
switch_dir_next_file,const char *,"switch_dir_t *thedir, char *buf, switch_size_t len",not_verified,https://github.com/signalwire/freeswitch/blob/ef32e205295e29f034f1453ad245ba5efb07b94a/src/include/switch_apr.h#L920
switch_dir_count,uint32_t,switch_dir_t *thedir,not_verified,https://github.com/signalwire/freeswitch/blob/ef32e205295e29f034f1453ad245ba5efb07b94a/src/include/switch_apr.h#L921
switch_threadattr_stacksize_set,switch_status_t,"switch_threadattr_t *attr, switch_size_t stacksize",not_verified,https://github.com/signalwire/freeswitch/blob/ef32e205295e29f034f1453ad245ba5efb07b94a/src/include/switch_apr.h#L944
switch_threadattr_priority_set,switch_status_t,"switch_threadattr_t *attr, switch_thread_priority_t priority",not_verified,https://github.com/signalwire/freeswitch/blob/ef32e205295e29f034f1453ad245ba5efb07b94a/src/include/switch_apr.h#L946
switch_threadattr_create,switch_status_t,"switch_threadattr_t ** new_attr, switch_memory_pool_t *pool",not_verified,https://github.com/signalwire/freeswitch/blob/ef32e205295e29f034f1453ad245ba5efb07b94a/src/include/switch_apr.h#L954
switch_threadattr_detach_set,switch_status_t,"switch_threadattr_t *attr, int32_t on",not_verified,https://github.com/signalwire/freeswitch/blob/ef32e205295e29f034f1453ad245ba5efb07b94a/src/include/switch_apr.h#L961
switch_thread_create,switch_status_t,"switch_thread_t ** new_thread, switch_threadattr_t *attr, switch_thread_start_t func, void *data, switch_memory_pool_t *cont",not_verified,https://github.com/signalwire/freeswitch/blob/ef32e205295e29f034f1453ad245ba5efb07b94a/src/include/switch_apr.h#L971
switch_socket_create,switch_status_t,"switch_socket_t ** new_sock, int family, int type, int protocol, switch_memory_pool_t *pool",not_verified,https://github.com/signalwire/freeswitch/blob/ef32e205295e29f034f1453ad245ba5efb07b94a/src/include/switch_apr.h#L1047
switch_socket_shutdown,switch_status_t,"switch_socket_t *sock, switch_shutdown_how_e how",not_verified,https://github.com/signalwire/freeswitch/blob/ef32e205295e29f034f1453ad245ba5efb07b94a/src/include/switch_apr.h#L1062
switch_socket_close,switch_status_t,switch_socket_t *sock,not_verified,https://github.com/signalwire/freeswitch/blob/ef32e205295e29f034f1453ad245ba5efb07b94a/src/include/switch_apr.h#L1068
switch_socket_bind,switch_status_t,"switch_socket_t *sock, switch_sockaddr_t *sa",not_verified,https://github.com/signalwire/freeswitch/blob/ef32e205295e29f034f1453ad245ba5efb07b94a/src/include/switch_apr.h#L1077
switch_socket_listen,switch_status_t,"switch_socket_t *sock, int32_t backlog",not_verified,https://github.com/signalwire/freeswitch/blob/ef32e205295e29f034f1453ad245ba5efb07b94a/src/include/switch_apr.h#L1086
switch_socket_accept,switch_status_t,"switch_socket_t ** new_sock, switch_socket_t *sock, switch_memory_pool_t *pool",not_verified,https://github.com/signalwire/freeswitch/blob/ef32e205295e29f034f1453ad245ba5efb07b94a/src/include/switch_apr.h#L1096
switch_socket_connect,switch_status_t,"switch_socket_t *sock, switch_sockaddr_t *sa",not_verified,https://github.com/signalwire/freeswitch/blob/ef32e205295e29f034f1453ad245ba5efb07b94a/src/include/switch_apr.h#L1104
switch_socket_fd_get,int,switch_socket_t *sock,not_verified,https://github.com/signalwire/freeswitch/blob/ef32e205295e29f034f1453ad245ba5efb07b94a/src/include/switch_apr.h#L1110
switch_sockaddr_get_port,uint16_t,switch_sockaddr_t *sa,not_verified,https://github.com/signalwire/freeswitch/blob/ef32e205295e29f034f1453ad245ba5efb07b94a/src/include/switch_apr.h#L1112
switch_get_addr,const char *,"char *buf, switch_size_t len, switch_sockaddr_t *in",not_verified,https://github.com/signalwire/freeswitch/blob/ef32e205295e29f034f1453ad245ba5efb07b94a/src/include/switch_apr.h#L1113
switch_getnameinfo,switch_status_t,"char **hostname, switch_sockaddr_t *sa, int32_t flags",not_verified,https://github.com/signalwire/freeswitch/blob/ef32e205295e29f034f1453ad245ba5efb07b94a/src/include/switch_apr.h#L1114
switch_sockaddr_get_family,int32_t,switch_sockaddr_t *sa,not_verified,https://github.com/signalwire/freeswitch/blob/ef32e205295e29f034f1453ad245ba5efb07b94a/src/include/switch_apr.h#L1115
switch_sockaddr_ip_get,switch_status_t,"char **addr, switch_sockaddr_t *sa",not_verified,https://github.com/signalwire/freeswitch/blob/ef32e205295e29f034f1453ad245ba5efb07b94a/src/include/switch_apr.h#L1116
switch_sockaddr_equal,int,"const switch_sockaddr_t *sa1, const switch_sockaddr_t *sa2",not_verified,https://github.com/signalwire/freeswitch/blob/ef32e205295e29f034f1453ad245ba5efb07b94a/src/include/switch_apr.h#L1117
switch_sockaddr_info_get,switch_status_t,"switch_sockaddr_t ** sa, const char *hostname, int32_t family, switch_port_t port, int32_t flags, switch_memory_pool_t *pool",not_verified,https://github.com/signalwire/freeswitch/blob/ef32e205295e29f034f1453ad245ba5efb07b94a/src/include/switch_apr.h#L1143
switch_sockaddr_create,switch_status_t,"switch_sockaddr_t **sa, switch_memory_pool_t *pool",not_verified,https://github.com/signalwire/freeswitch/blob/ef32e205295e29f034f1453ad245ba5efb07b94a/src/include/switch_apr.h#L1146
switch_sockaddr_new,switch_status_t,"switch_sockaddr_t ** sa, const char *ip, switch_port_t port, switch_memory_pool_t *pool",not_verified,https://github.com/signalwire/freeswitch/blob/ef32e205295e29f034f1453ad245ba5efb07b94a/src/include/switch_apr.h#L1148
switch_socket_send,switch_status_t,"switch_socket_t *sock, const char *buf, switch_size_t *len",not_verified,https://github.com/signalwire/freeswitch/blob/ef32e205295e29f034f1453ad245ba5efb07b94a/src/include/switch_apr.h#L1167
switch_socket_sendto,switch_status_t,"switch_socket_t *sock, switch_sockaddr_t *where, int32_t flags, const char *buf, switch_size_t *len",not_verified,https://github.com/signalwire/freeswitch/blob/ef32e205295e29f034f1453ad245ba5efb07b94a/src/include/switch_apr.h#L1176
switch_socket_send_nonblock,switch_status_t,"switch_socket_t *sock, const char *buf, switch_size_t *len",not_verified,https://github.com/signalwire/freeswitch/blob/ef32e205295e29f034f1453ad245ba5efb07b94a/src/include/switch_apr.h#L1179
switch_socket_recvfrom,switch_status_t,"switch_sockaddr_t *from, switch_socket_t *sock, int32_t flags, char *buf, size_t *len",not_verified,https://github.com/signalwire/freeswitch/blob/ef32e205295e29f034f1453ad245ba5efb07b94a/src/include/switch_apr.h#L1189
switch_socket_atmark,switch_status_t,"switch_socket_t *sock, int *atmark",not_verified,https://github.com/signalwire/freeswitch/blob/ef32e205295e29f034f1453ad245ba5efb07b94a/src/include/switch_apr.h#L1191
switch_socket_recv,switch_status_t,"switch_socket_t *sock, char *buf, switch_size_t *len",not_verified,https://github.com/signalwire/freeswitch/blob/ef32e205295e29f034f1453ad245ba5efb07b94a/src/include/switch_apr.h#L1212
switch_socket_opt_set,switch_status_t,"switch_socket_t *sock, int32_t opt, int32_t on",not_verified,https://github.com/signalwire/freeswitch/blob/ef32e205295e29f034f1453ad245ba5efb07b94a/src/include/switch_apr.h#L1236
switch_socket_timeout_get,switch_status_t,"switch_socket_t *sock, switch_interval_time_t *t",not_verified,https://github.com/signalwire/freeswitch/blob/ef32e205295e29f034f1453ad245ba5efb07b94a/src/include/switch_apr.h#L1249
switch_socket_timeout_set,switch_status_t,"switch_socket_t *sock, switch_interval_time_t t",not_verified,https://github.com/signalwire/freeswitch/blob/ef32e205295e29f034f1453ad245ba5efb07b94a/src/include/switch_apr.h#L1262
switch_mcast_join,switch_status_t,"switch_socket_t *sock, switch_sockaddr_t *join, switch_sockaddr_t *iface, switch_sockaddr_t *source",not_verified,https://github.com/signalwire/freeswitch/blob/ef32e205295e29f034f1453ad245ba5efb07b94a/src/include/switch_apr.h#L1273
switch_mcast_hops,switch_status_t,"switch_socket_t *sock, uint8_t ttl",not_verified,https://github.com/signalwire/freeswitch/blob/ef32e205295e29f034f1453ad245ba5efb07b94a/src/include/switch_apr.h#L1282
switch_mcast_loopback,switch_status_t,"switch_socket_t *sock, uint8_t opt",not_verified,https://github.com/signalwire/freeswitch/blob/ef32e205295e29f034f1453ad245ba5efb07b94a/src/include/switch_apr.h#L1284
switch_mcast_interface,switch_status_t,"switch_socket_t *sock, switch_sockaddr_t *iface",not_verified,https://github.com/signalwire/freeswitch/blob/ef32e205295e29f034f1453ad245ba5efb07b94a/src/include/switch_apr.h#L1285
switch_pollset_create,switch_status_t,"switch_pollset_t ** pollset, uint32_t size, switch_memory_pool_t *pool, uint32_t flags",not_verified,https://github.com/signalwire/freeswitch/blob/ef32e205295e29f034f1453ad245ba5efb07b94a/src/include/switch_apr.h#L1348
switch_pollset_add,switch_status_t,"switch_pollset_t *pollset, const switch_pollfd_t *descriptor",not_verified,https://github.com/signalwire/freeswitch/blob/ef32e205295e29f034f1453ad245ba5efb07b94a/src/include/switch_apr.h#L1367
switch_pollset_remove,switch_status_t,"switch_pollset_t *pollset, const switch_pollfd_t *descriptor",not_verified,https://github.com/signalwire/freeswitch/blob/ef32e205295e29f034f1453ad245ba5efb07b94a/src/include/switch_apr.h#L1383
switch_poll,switch_status_t,"switch_pollfd_t *aprset, int32_t numsock, int32_t *nsds, switch_interval_time_t timeout",not_verified,https://github.com/signalwire/freeswitch/blob/ef32e205295e29f034f1453ad245ba5efb07b94a/src/include/switch_apr.h#L1398
switch_pollset_poll,switch_status_t,"switch_pollset_t *pollset, switch_interval_time_t timeout, int32_t *num, const switch_pollfd_t **descriptors",not_verified,https://github.com/signalwire/freeswitch/blob/ef32e205295e29f034f1453ad245ba5efb07b94a/src/include/switch_apr.h#L1407
switch_socket_create_pollset,switch_status_t,"switch_pollfd_t ** poll, switch_socket_t *sock, int16_t flags, switch_memory_pool_t *pool",not_verified,https://github.com/signalwire/freeswitch/blob/ef32e205295e29f034f1453ad245ba5efb07b94a/src/include/switch_apr.h#L1417
switch_interval_time_from_timeval,switch_interval_time_t,struct timeval *tvp,not_verified,https://github.com/signalwire/freeswitch/blob/ef32e205295e29f034f1453ad245ba5efb07b94a/src/include/switch_apr.h#L1419
switch_socket_create_pollfd,switch_status_t,"switch_pollfd_t **pollfd, switch_socket_t *sock, int16_t flags, void *client_data, switch_memory_pool_t *pool",not_verified,https://github.com/signalwire/freeswitch/blob/ef32e205295e29f034f1453ad245ba5efb07b94a/src/include/switch_apr.h#L1431
switch_match_glob,switch_status_t,"const char *pattern, switch_array_header_t ** result, switch_memory_pool_t *pool",not_verified,https://github.com/signalwire/freeswitch/blob/ef32e205295e29f034f1453ad245ba5efb07b94a/src/include/switch_apr.h#L1432
switch_os_sock_get,switch_status_t,"switch_os_socket_t *thesock, switch_socket_t *sock",not_verified,https://github.com/signalwire/freeswitch/blob/ef32e205295e29f034f1453ad245ba5efb07b94a/src/include/switch_apr.h#L1433
switch_os_sock_put,switch_status_t,"switch_socket_t **sock, switch_os_socket_t *thesock, switch_memory_pool_t *pool",not_verified,https://github.com/signalwire/freeswitch/blob/ef32e205295e29f034f1453ad245ba5efb07b94a/src/include/switch_apr.h#L1434
switch_socket_addr_get,switch_status_t,"switch_sockaddr_t ** sa, switch_bool_t remote, switch_socket_t *sock",not_verified,https://github.com/signalwire/freeswitch/blob/ef32e205295e29f034f1453ad245ba5efb07b94a/src/include/switch_apr.h#L1435
switch_file_pipe_create,switch_status_t,"switch_file_t ** in, switch_file_t ** out, switch_memory_pool_t *pool",not_verified,https://github.com/signalwire/freeswitch/blob/ef32e205295e29f034f1453ad245ba5efb07b94a/src/include/switch_apr.h#L1442
switch_file_pipe_timeout_get,switch_status_t,"switch_file_t *thepipe, switch_interval_time_t *timeout",not_verified,https://github.com/signalwire/freeswitch/blob/ef32e205295e29f034f1453ad245ba5efb07b94a/src/include/switch_apr.h#L1449
switch_file_pipe_timeout_set,switch_status_t,"switch_file_t *thepipe, switch_interval_time_t timeout",not_verified,https://github.com/signalwire/freeswitch/blob/ef32e205295e29f034f1453ad245ba5efb07b94a/src/include/switch_apr.h#L1457
switch_thread_exit,switch_status_t,"switch_thread_t *thd, switch_status_t retval",not_verified,https://github.com/signalwire/freeswitch/blob/ef32e205295e29f034f1453ad245ba5efb07b94a/src/include/switch_apr.h#L1465
switch_thread_join,switch_status_t,"switch_status_t *retval, switch_thread_t *thd",not_verified,https://github.com/signalwire/freeswitch/blob/ef32e205295e29f034f1453ad245ba5efb07b94a/src/include/switch_apr.h#L1472
switch_strerror,char *,"switch_status_t statcode, char *buf, switch_size_t bufsize",not_verified,https://github.com/signalwire/freeswitch/blob/ef32e205295e29f034f1453ad245ba5efb07b94a/src/include/switch_apr.h#L1481
switch_buffer_create_partition,switch_status_t,"switch_memory_pool_t *pool, switch_buffer_t **buffer, void *data, switch_size_t datalen",not_verified,https://github.com/signalwire/freeswitch/blob/ef32e205295e29f034f1453ad245ba5efb07b94a/src/include/switch_buffer.h#L55
switch_buffer_set_partition_data,switch_status_t,"switch_buffer_t *buffer, void *data, switch_size_t datalen",not_verified,https://github.com/signalwire/freeswitch/blob/ef32e205295e29f034f1453ad245ba5efb07b94a/src/include/switch_buffer.h#L56
switch_buffer_reset_partition_data,switch_status_t,switch_buffer_t *buffer,not_verified,https://github.com/signalwire/freeswitch/blob/ef32e205295e29f034f1453ad245ba5efb07b94a/src/include/switch_buffer.h#L57
switch_buffer_create,switch_status_t,"_In_ switch_memory_pool_t *pool, _Out_ switch_buffer_t **buffer, _In_ switch_size_t max_len",not_verified,https://github.com/signalwire/freeswitch/blob/ef32e205295e29f034f1453ad245ba5efb07b94a/src/include/switch_buffer.h#L65
switch_buffer_create_dynamic,switch_status_t,"_Out_ switch_buffer_t **buffer, _In_ switch_size_t blocksize, _In_ switch_size_t start_len, _In_ switch_size_t max_len",not_verified,https://github.com/signalwire/freeswitch/blob/ef32e205295e29f034f1453ad245ba5efb07b94a/src/include/switch_buffer.h#L74
switch_buffer_add_mutex,void,"_In_ switch_buffer_t *buffer, _In_ switch_mutex_t *mutex",not_verified,https://github.com/signalwire/freeswitch/blob/ef32e205295e29f034f1453ad245ba5efb07b94a/src/include/switch_buffer.h#L77
switch_buffer_lock,void,_In_ switch_buffer_t *buffer,not_verified,https://github.com/signalwire/freeswitch/blob/ef32e205295e29f034f1453ad245ba5efb07b94a/src/include/switch_buffer.h#L78
switch_buffer_trylock,switch_status_t,_In_ switch_buffer_t *buffer,not_verified,https://github.com/signalwire/freeswitch/blob/ef32e205295e29f034f1453ad245ba5efb07b94a/src/include/switch_buffer.h#L79
switch_buffer_unlock,void,_In_ switch_buffer_t *buffer,not_verified,https://github.com/signalwire/freeswitch/blob/ef32e205295e29f034f1453ad245ba5efb07b94a/src/include/switch_buffer.h#L80
switch_buffer_len,switch_size_t,_In_ switch_buffer_t *buffer,not_verified,https://github.com/signalwire/freeswitch/blob/ef32e205295e29f034f1453ad245ba5efb07b94a/src/include/switch_buffer.h#L86
switch_buffer_freespace,switch_size_t,_In_ switch_buffer_t *buffer,not_verified,https://github.com/signalwire/freeswitch/blob/ef32e205295e29f034f1453ad245ba5efb07b94a/src/include/switch_buffer.h#L92
switch_buffer_inuse,switch_size_t,_In_ switch_buffer_t *buffer,not_verified,https://github.com/signalwire/freeswitch/blob/ef32e205295e29f034f1453ad245ba5efb07b94a/src/include/switch_buffer.h#L98
switch_buffer_read,switch_size_t,"_In_ switch_buffer_t *buffer, _In_ void *data, _In_ switch_size_t datalen",not_verified,https://github.com/signalwire/freeswitch/blob/ef32e205295e29f034f1453ad245ba5efb07b94a/src/include/switch_buffer.h#L106
switch_buffer_peek,switch_size_t,"_In_ switch_buffer_t *buffer, _In_ void *data, _In_ switch_size_t datalen",not_verified,https://github.com/signalwire/freeswitch/blob/ef32e205295e29f034f1453ad245ba5efb07b94a/src/include/switch_buffer.h#L114
switch_buffer_peek_zerocopy,switch_size_t,"_In_ switch_buffer_t *buffer, _Out_ const void **ptr",not_verified,https://github.com/signalwire/freeswitch/blob/ef32e205295e29f034f1453ad245ba5efb07b94a/src/include/switch_buffer.h#L116
switch_buffer_read_loop,switch_size_t,"_In_ switch_buffer_t *buffer, _In_ void *data, _In_ switch_size_t datalen",not_verified,https://github.com/signalwire/freeswitch/blob/ef32e205295e29f034f1453ad245ba5efb07b94a/src/include/switch_buffer.h#L125
switch_buffer_set_loops,void,"_In_ switch_buffer_t *buffer, _In_ int32_t loops",not_verified,https://github.com/signalwire/freeswitch/blob/ef32e205295e29f034f1453ad245ba5efb07b94a/src/include/switch_buffer.h#L131
switch_buffer_write,switch_size_t,"_In_ switch_buffer_t *buffer, _In_bytecount_(datalen)
												  const void *data, _In_ switch_size_t datalen",not_verified,https://github.com/signalwire/freeswitch/blob/ef32e205295e29f034f1453ad245ba5efb07b94a/src/include/switch_buffer.h#L139
switch_buffer_toss,switch_size_t,"_In_ switch_buffer_t *buffer, _In_ switch_size_t datalen",not_verified,https://github.com/signalwire/freeswitch/blob/ef32e205295e29f034f1453ad245ba5efb07b94a/src/include/switch_buffer.h#L149
switch_buffer_zero,void,_In_ switch_buffer_t *buffer,not_verified,https://github.com/signalwire/freeswitch/blob/ef32e205295e29f034f1453ad245ba5efb07b94a/src/include/switch_buffer.h#L154
switch_buffer_slide_write,switch_size_t,"switch_buffer_t *buffer, const void *data, switch_size_t datalen",not_verified,https://github.com/signalwire/freeswitch/blob/ef32e205295e29f034f1453ad245ba5efb07b94a/src/include/switch_buffer.h#L156
switch_buffer_destroy,void,switch_buffer_t **buffer,not_verified,https://github.com/signalwire/freeswitch/blob/ef32e205295e29f034f1453ad245ba5efb07b94a/src/include/switch_buffer.h#L162
switch_buffer_zwrite,switch_size_t,"_In_ switch_buffer_t *buffer, _In_bytecount_(datalen)
												   const void *data, _In_ switch_size_t datalen",not_verified,https://github.com/signalwire/freeswitch/blob/ef32e205295e29f034f1453ad245ba5efb07b94a/src/include/switch_buffer.h#L164
switch_buffer_get_head_pointer,void *,switch_buffer_t *buffer,not_verified,https://github.com/signalwire/freeswitch/blob/ef32e205295e29f034f1453ad245ba5efb07b94a/src/include/switch_buffer.h#L167
switch_caller_extension_new,switch_caller_extension_t *,"_In_ switch_core_session_t *session, _In_z_ const char *extension_name, _In_z_ const char *extension_number",not_verified,https://github.com/signalwire/freeswitch/blob/ef32e205295e29f034f1453ad245ba5efb07b94a/src/include/switch_caller.h#L171
switch_caller_extension_clone,switch_status_t,"switch_caller_extension_t **new_ext, switch_caller_extension_t *orig, switch_memory_pool_t *pool",not_verified,https://github.com/signalwire/freeswitch/blob/ef32e205295e29f034f1453ad245ba5efb07b94a/src/include/switch_caller.h#L174
switch_caller_extension_add_application,void,"_In_ switch_core_session_t *session, _In_ switch_caller_extension_t *caller_extension, _In_z_ const char *application_name, _In_z_ const char *extra_data",not_verified,https://github.com/signalwire/freeswitch/blob/ef32e205295e29f034f1453ad245ba5efb07b94a/src/include/switch_caller.h#L184
switch_caller_extension_add_application_printf,void,"_In_ switch_core_session_t *session, _In_ switch_caller_extension_t *caller_extension, _In_z_ const char *application_name, _In_z_ const char *fmt, ...",not_verified,https://github.com/signalwire/freeswitch/blob/ef32e205295e29f034f1453ad245ba5efb07b94a/src/include/switch_caller.h#L195
switch_caller_get_field_by_name,const char *,"_In_ switch_caller_profile_t *caller_profile, _In_z_ const char *name",not_verified,https://github.com/signalwire/freeswitch/blob/ef32e205295e29f034f1453ad245ba5efb07b94a/src/include/switch_caller.h#L206
switch_caller_profile_new,switch_caller_profile_t *,"_In_ switch_memory_pool_t *pool, _In_opt_z_ const char *username, _In_opt_z_ const char *dialplan, _In_opt_z_ const char *caller_id_name, _In_opt_z_ const char *caller_id_number, _In_opt_z_ const char *network_addr, _In_opt_z_ const char *ani, _In_opt_z_ const char *aniii, _In_opt_z_ const char *rdnis, _In_opt_z_ const char *source, _In_opt_z_ const char *context, _In_opt_z_ const char *destination_number",not_verified,https://github.com/signalwire/freeswitch/blob/ef32e205295e29f034f1453ad245ba5efb07b94a/src/include/switch_caller.h#L225
switch_caller_profile_clone,switch_caller_profile_t *,"_In_ switch_core_session_t *session, _In_ switch_caller_profile_t *tocopy",not_verified,https://github.com/signalwire/freeswitch/blob/ef32e205295e29f034f1453ad245ba5efb07b94a/src/include/switch_caller.h#L242
switch_caller_profile_dup,switch_caller_profile_t *,"_In_ switch_memory_pool_t *pool, _In_ switch_caller_profile_t *tocopy",not_verified,https://github.com/signalwire/freeswitch/blob/ef32e205295e29f034f1453ad245ba5efb07b94a/src/include/switch_caller.h#L249
switch_caller_profile_event_set_data,void,"_In_ switch_caller_profile_t *caller_profile, _In_opt_z_ const char *prefix, _In_ switch_event_t *event",not_verified,https://github.com/signalwire/freeswitch/blob/ef32e205295e29f034f1453ad245ba5efb07b94a/src/include/switch_caller.h#L258
switch_channel_get_state,switch_channel_state_t,switch_channel_t *channel,not_verified,https://github.com/signalwire/freeswitch/blob/ef32e205295e29f034f1453ad245ba5efb07b94a/src/include/switch_channel.h#L73
switch_channel_get_running_state,switch_channel_state_t,switch_channel_t *channel,not_verified,https://github.com/signalwire/freeswitch/blob/ef32e205295e29f034f1453ad245ba5efb07b94a/src/include/switch_channel.h#L74
switch_channel_check_signal,int,"switch_channel_t *channel, switch_bool_t in_thread_only",not_verified,https://github.com/signalwire/freeswitch/blob/ef32e205295e29f034f1453ad245ba5efb07b94a/src/include/switch_channel.h#L75
switch_channel_test_ready,int,"switch_channel_t *channel, switch_bool_t check_ready, switch_bool_t check_media",not_verified,https://github.com/signalwire/freeswitch/blob/ef32e205295e29f034f1453ad245ba5efb07b94a/src/include/switch_channel.h#L82
switch_channel_wait_for_state,void,"switch_channel_t *channel, switch_channel_t *other_channel, switch_channel_state_t want_state",not_verified,https://github.com/signalwire/freeswitch/blob/ef32e205295e29f034f1453ad245ba5efb07b94a/src/include/switch_channel.h#L99
switch_channel_wait_for_state_timeout,void,"switch_channel_t *other_channel, switch_channel_state_t want_state, uint32_t timeout",not_verified,https://github.com/signalwire/freeswitch/blob/ef32e205295e29f034f1453ad245ba5efb07b94a/src/include/switch_channel.h#L100
switch_channel_wait_for_flag,switch_status_t,"switch_channel_t *channel, switch_channel_flag_t want_flag, switch_bool_t pres, uint32_t to, switch_channel_t *super_channel",not_verified,https://github.com/signalwire/freeswitch/blob/ef32e205295e29f034f1453ad245ba5efb07b94a/src/include/switch_channel.h#L101
switch_channel_wait_for_app_flag,switch_status_t,"switch_channel_t *channel, uint32_t app_flag, const char *key, switch_bool_t pres, uint32_t to",not_verified,https://github.com/signalwire/freeswitch/blob/ef32e205295e29f034f1453ad245ba5efb07b94a/src/include/switch_channel.h#L104
switch_channel_perform_set_state,switch_channel_state_t,"switch_channel_t *channel, const char *file, const char *func, int line, switch_channel_state_t state",not_verified,https://github.com/signalwire/freeswitch/blob/ef32e205295e29f034f1453ad245ba5efb07b94a/src/include/switch_channel.h#L108
switch_channel_perform_set_running_state,switch_channel_state_t,"switch_channel_t *channel, switch_channel_state_t state, const char *file, const char *func, int line",not_verified,https://github.com/signalwire/freeswitch/blob/ef32e205295e29f034f1453ad245ba5efb07b94a/src/include/switch_channel.h#L111
switch_channel_str2cause,switch_call_cause_t,_In_ const char *str,not_verified,https://github.com/signalwire/freeswitch/blob/ef32e205295e29f034f1453ad245ba5efb07b94a/src/include/switch_channel.h#L128
switch_channel_get_cause,switch_call_cause_t,_In_ switch_channel_t *channel,not_verified,https://github.com/signalwire/freeswitch/blob/ef32e205295e29f034f1453ad245ba5efb07b94a/src/include/switch_channel.h#L135
switch_channel_cause_q850,switch_call_cause_t,switch_call_cause_t cause,not_verified,https://github.com/signalwire/freeswitch/blob/ef32e205295e29f034f1453ad245ba5efb07b94a/src/include/switch_channel.h#L137
switch_channel_get_cause_q850,switch_call_cause_t,switch_channel_t *channel,not_verified,https://github.com/signalwire/freeswitch/blob/ef32e205295e29f034f1453ad245ba5efb07b94a/src/include/switch_channel.h#L138
switch_channel_get_cause_ptr,switch_call_cause_t *,switch_channel_t *channel,not_verified,https://github.com/signalwire/freeswitch/blob/ef32e205295e29f034f1453ad245ba5efb07b94a/src/include/switch_channel.h#L139
switch_channel_cause2str,const char *,_In_ switch_call_cause_t cause,not_verified,https://github.com/signalwire/freeswitch/blob/ef32e205295e29f034f1453ad245ba5efb07b94a/src/include/switch_channel.h#L146
switch_channel_get_timetable,switch_channel_timetable_t *,_In_ switch_channel_t *channel,not_verified,https://github.com/signalwire/freeswitch/blob/ef32e205295e29f034f1453ad245ba5efb07b94a/src/include/switch_channel.h#L153
switch_channel_alloc,switch_status_t,"_In_ switch_channel_t **channel, _In_ switch_call_direction_t direction, _In_ switch_memory_pool_t *pool",not_verified,https://github.com/signalwire/freeswitch/blob/ef32e205295e29f034f1453ad245ba5efb07b94a/src/include/switch_channel.h#L161
switch_channel_init,switch_status_t,"switch_channel_t *channel, switch_core_session_t *session, switch_channel_state_t state, switch_channel_flag_t flag",not_verified,https://github.com/signalwire/freeswitch/blob/ef32e205295e29f034f1453ad245ba5efb07b94a/src/include/switch_channel.h#L171
switch_channel_set_presence_data_vals,void,"switch_channel_t *channel, const char *presence_data_cols",not_verified,https://github.com/signalwire/freeswitch/blob/ef32e205295e29f034f1453ad245ba5efb07b94a/src/include/switch_channel.h#L179
switch_channel_perform_presence,void,"switch_channel_t *channel, const char *rpid, const char *status, const char *id, const char *file, const char *func, int line",not_verified,https://github.com/signalwire/freeswitch/blob/ef32e205295e29f034f1453ad245ba5efb07b94a/src/include/switch_channel.h#L188
switch_channel_uninit,void,switch_channel_t *channel,not_verified,https://github.com/signalwire/freeswitch/blob/ef32e205295e29f034f1453ad245ba5efb07b94a/src/include/switch_channel.h#L195
switch_channel_set_caller_profile,void,"switch_channel_t *channel, switch_caller_profile_t *caller_profile",not_verified,https://github.com/signalwire/freeswitch/blob/ef32e205295e29f034f1453ad245ba5efb07b94a/src/include/switch_channel.h#L202
switch_channel_step_caller_profile,void,switch_channel_t *channel,not_verified,https://github.com/signalwire/freeswitch/blob/ef32e205295e29f034f1453ad245ba5efb07b94a/src/include/switch_channel.h#L203
switch_channel_get_caller_profile,switch_caller_profile_t *,switch_channel_t *channel,not_verified,https://github.com/signalwire/freeswitch/blob/ef32e205295e29f034f1453ad245ba5efb07b94a/src/include/switch_channel.h#L210
switch_channel_set_originator_caller_profile,void,"switch_channel_t *channel, switch_caller_profile_t *caller_profile",not_verified,https://github.com/signalwire/freeswitch/blob/ef32e205295e29f034f1453ad245ba5efb07b94a/src/include/switch_channel.h#L217
switch_channel_set_hunt_caller_profile,void,"switch_channel_t *channel, switch_caller_profile_t *caller_profile",not_verified,https://github.com/signalwire/freeswitch/blob/ef32e205295e29f034f1453ad245ba5efb07b94a/src/include/switch_channel.h#L220
switch_channel_get_originator_caller_profile,switch_caller_profile_t *,switch_channel_t *channel,not_verified,https://github.com/signalwire/freeswitch/blob/ef32e205295e29f034f1453ad245ba5efb07b94a/src/include/switch_channel.h#L227
switch_channel_set_originatee_caller_profile,void,"switch_channel_t *channel, switch_caller_profile_t *caller_profile",not_verified,https://github.com/signalwire/freeswitch/blob/ef32e205295e29f034f1453ad245ba5efb07b94a/src/include/switch_channel.h#L234
switch_channel_get_originatee_caller_profile,switch_caller_profile_t *,switch_channel_t *channel,not_verified,https://github.com/signalwire/freeswitch/blob/ef32e205295e29f034f1453ad245ba5efb07b94a/src/include/switch_channel.h#L242
switch_channel_set_origination_caller_profile,void,"switch_channel_t *channel, switch_caller_profile_t *caller_profile",not_verified,https://github.com/signalwire/freeswitch/blob/ef32e205295e29f034f1453ad245ba5efb07b94a/src/include/switch_channel.h#L249
switch_channel_get_origination_caller_profile,switch_caller_profile_t *,switch_channel_t *channel,not_verified,https://github.com/signalwire/freeswitch/blob/ef32e205295e29f034f1453ad245ba5efb07b94a/src/include/switch_channel.h#L256
switch_channel_get_uuid,char *,switch_channel_t *channel,not_verified,https://github.com/signalwire/freeswitch/blob/ef32e205295e29f034f1453ad245ba5efb07b94a/src/include/switch_channel.h#L264
switch_channel_set_profile_var,switch_status_t,"switch_channel_t *channel, const char *name, const char *val",not_verified,https://github.com/signalwire/freeswitch/blob/ef32e205295e29f034f1453ad245ba5efb07b94a/src/include/switch_channel.h#L274
switch_channel_set_log_tag,switch_status_t,"switch_channel_t *channel, const char *tagname, const char *tagvalue",not_verified,https://github.com/signalwire/freeswitch/blob/ef32e205295e29f034f1453ad245ba5efb07b94a/src/include/switch_channel.h#L276
switch_channel_get_log_tags,switch_status_t,"switch_channel_t *channel, switch_event_t **log_tags",not_verified,https://github.com/signalwire/freeswitch/blob/ef32e205295e29f034f1453ad245ba5efb07b94a/src/include/switch_channel.h#L277
switch_channel_set_variable_var_check,switch_status_t,"switch_channel_t *channel, const char *varname, const char *value, switch_bool_t var_check",not_verified,https://github.com/signalwire/freeswitch/blob/ef32e205295e29f034f1453ad245ba5efb07b94a/src/include/switch_channel.h#L279
switch_channel_set_variable_strip_quotes_var_check,switch_status_t,"switch_channel_t *channel, const char *varname, const char *value, switch_bool_t var_check",not_verified,https://github.com/signalwire/freeswitch/blob/ef32e205295e29f034f1453ad245ba5efb07b94a/src/include/switch_channel.h#L281
switch_channel_add_variable_var_check,switch_status_t,"switch_channel_t *channel, const char *varname, const char *value, switch_bool_t var_check, switch_stack_t stack",not_verified,https://github.com/signalwire/freeswitch/blob/ef32e205295e29f034f1453ad245ba5efb07b94a/src/include/switch_channel.h#L283
switch_channel_set_variable_printf,switch_status_t,"switch_channel_t *channel, const char *varname, const char *fmt, ...",not_verified,https://github.com/signalwire/freeswitch/blob/ef32e205295e29f034f1453ad245ba5efb07b94a/src/include/switch_channel.h#L285
switch_channel_set_variable_name_printf,switch_status_t,"switch_channel_t *channel, const char *val, const char *fmt, ...",not_verified,https://github.com/signalwire/freeswitch/blob/ef32e205295e29f034f1453ad245ba5efb07b94a/src/include/switch_channel.h#L286
switch_channel_set_variable_partner_var_check,switch_status_t,"switch_channel_t *channel, const char *varname, const char *value, switch_bool_t var_check",not_verified,https://github.com/signalwire/freeswitch/blob/ef32e205295e29f034f1453ad245ba5efb07b94a/src/include/switch_channel.h#L288
switch_channel_get_variable_partner,const char *,"switch_channel_t *channel, const char *varname",not_verified,https://github.com/signalwire/freeswitch/blob/ef32e205295e29f034f1453ad245ba5efb07b94a/src/include/switch_channel.h#L290
switch_channel_get_hold_music,const char *,switch_channel_t *channel,not_verified,https://github.com/signalwire/freeswitch/blob/ef32e205295e29f034f1453ad245ba5efb07b94a/src/include/switch_channel.h#L292
switch_channel_get_hold_music_partner,const char *,switch_channel_t *channel,not_verified,https://github.com/signalwire/freeswitch/blob/ef32e205295e29f034f1453ad245ba5efb07b94a/src/include/switch_channel.h#L293
switch_channel_del_variable_prefix,uint32_t,"switch_channel_t *channel, const char *prefix",not_verified,https://github.com/signalwire/freeswitch/blob/ef32e205295e29f034f1453ad245ba5efb07b94a/src/include/switch_channel.h#L295
switch_channel_transfer_variable_prefix,switch_status_t,"switch_channel_t *orig_channel, switch_channel_t *new_channel, const char *prefix",not_verified,https://github.com/signalwire/freeswitch/blob/ef32e205295e29f034f1453ad245ba5efb07b94a/src/include/switch_channel.h#L296
switch_channel_export_variable_var_check,switch_status_t,"switch_channel_t *channel, const char *varname, const char *val, const char *export_varname, switch_bool_t var_check",not_verified,https://github.com/signalwire/freeswitch/blob/ef32e205295e29f034f1453ad245ba5efb07b94a/src/include/switch_channel.h#L304
switch_channel_process_export,void,"switch_channel_t *channel, switch_channel_t *peer_channel, switch_event_t *var_event, const char *export_varname",not_verified,https://github.com/signalwire/freeswitch/blob/ef32e205295e29f034f1453ad245ba5efb07b94a/src/include/switch_channel.h#L309
switch_channel_export_variable_printf,switch_status_t,"switch_channel_t *channel, const char *varname, const char *export_varname, const char *fmt, ...",not_verified,https://github.com/signalwire/freeswitch/blob/ef32e205295e29f034f1453ad245ba5efb07b94a/src/include/switch_channel.h#L313
switch_channel_set_scope_variables,void,"switch_channel_t *channel, switch_event_t **event",not_verified,https://github.com/signalwire/freeswitch/blob/ef32e205295e29f034f1453ad245ba5efb07b94a/src/include/switch_channel.h#L316
switch_channel_get_scope_variables,switch_status_t,"switch_channel_t *channel, switch_event_t **event",not_verified,https://github.com/signalwire/freeswitch/blob/ef32e205295e29f034f1453ad245ba5efb07b94a/src/include/switch_channel.h#L317
switch_channel_get_variable_dup,const char *,"switch_channel_t *channel, const char *varname, switch_bool_t dup, int idx",not_verified,https://github.com/signalwire/freeswitch/blob/ef32e205295e29f034f1453ad245ba5efb07b94a/src/include/switch_channel.h#L325
switch_channel_get_variable_strdup,const char *,"switch_channel_t *channel, const char *varname",not_verified,https://github.com/signalwire/freeswitch/blob/ef32e205295e29f034f1453ad245ba5efb07b94a/src/include/switch_channel.h#L334
switch_channel_get_variable_buf,switch_status_t,"switch_channel_t *channel, const char *varname, char *buf, switch_size_t buflen",not_verified,https://github.com/signalwire/freeswitch/blob/ef32e205295e29f034f1453ad245ba5efb07b94a/src/include/switch_channel.h#L344
switch_channel_get_variables,switch_status_t,"switch_channel_t *channel, switch_event_t **event",not_verified,https://github.com/signalwire/freeswitch/blob/ef32e205295e29f034f1453ad245ba5efb07b94a/src/include/switch_channel.h#L346
switch_channel_get_variables_prefix,switch_status_t,"switch_channel_t *channel, const char *prefix, switch_event_t **event",not_verified,https://github.com/signalwire/freeswitch/blob/ef32e205295e29f034f1453ad245ba5efb07b94a/src/include/switch_channel.h#L347
switch_channel_pass_callee_id,switch_status_t,"switch_channel_t *channel, switch_channel_t *other_channel",not_verified,https://github.com/signalwire/freeswitch/blob/ef32e205295e29f034f1453ad245ba5efb07b94a/src/include/switch_channel.h#L348
switch_channel_variable_first,switch_event_header_t *,switch_channel_t *channel,not_verified,https://github.com/signalwire/freeswitch/blob/ef32e205295e29f034f1453ad245ba5efb07b94a/src/include/switch_channel.h#L363
switch_channel_variable_last,void,switch_channel_t *channel,not_verified,https://github.com/signalwire/freeswitch/blob/ef32e205295e29f034f1453ad245ba5efb07b94a/src/include/switch_channel.h#L369
switch_channel_restart,void,switch_channel_t *channel,not_verified,https://github.com/signalwire/freeswitch/blob/ef32e205295e29f034f1453ad245ba5efb07b94a/src/include/switch_channel.h#L372
switch_channel_caller_extension_masquerade,switch_status_t,"switch_channel_t *orig_channel, switch_channel_t *new_channel, uint32_t offset",not_verified,https://github.com/signalwire/freeswitch/blob/ef32e205295e29f034f1453ad245ba5efb07b94a/src/include/switch_channel.h#L374
switch_channel_set_caller_extension,void,"switch_channel_t *channel, switch_caller_extension_t *caller_extension",not_verified,https://github.com/signalwire/freeswitch/blob/ef32e205295e29f034f1453ad245ba5efb07b94a/src/include/switch_channel.h#L381
switch_channel_invert_cid,void,switch_channel_t *channel,not_verified,https://github.com/signalwire/freeswitch/blob/ef32e205295e29f034f1453ad245ba5efb07b94a/src/include/switch_channel.h#L383
switch_channel_flip_cid,void,switch_channel_t *channel,not_verified,https://github.com/signalwire/freeswitch/blob/ef32e205295e29f034f1453ad245ba5efb07b94a/src/include/switch_channel.h#L384
switch_channel_sort_cid,void,switch_channel_t *channel,not_verified,https://github.com/signalwire/freeswitch/blob/ef32e205295e29f034f1453ad245ba5efb07b94a/src/include/switch_channel.h#L385
switch_channel_get_caller_extension,switch_caller_extension_t *,switch_channel_t *channel,not_verified,https://github.com/signalwire/freeswitch/blob/ef32e205295e29f034f1453ad245ba5efb07b94a/src/include/switch_channel.h#L392
switch_channel_test_flag,uint32_t,"switch_channel_t *channel, switch_channel_flag_t flag",not_verified,https://github.com/signalwire/freeswitch/blob/ef32e205295e29f034f1453ad245ba5efb07b94a/src/include/switch_channel.h#L400
switch_channel_set_flag_value,void,"switch_channel_t *channel, switch_channel_flag_t flag, uint32_t value",not_verified,https://github.com/signalwire/freeswitch/blob/ef32e205295e29f034f1453ad245ba5efb07b94a/src/include/switch_channel.h#L407
switch_channel_set_flag_recursive,void,"switch_channel_t *channel, switch_channel_flag_t flag",not_verified,https://github.com/signalwire/freeswitch/blob/ef32e205295e29f034f1453ad245ba5efb07b94a/src/include/switch_channel.h#L410
switch_channel_set_cap_value,void,"switch_channel_t *channel, switch_channel_cap_t cap, uint32_t value",not_verified,https://github.com/signalwire/freeswitch/blob/ef32e205295e29f034f1453ad245ba5efb07b94a/src/include/switch_channel.h#L412
switch_channel_clear_cap,void,"switch_channel_t *channel, switch_channel_cap_t cap",not_verified,https://github.com/signalwire/freeswitch/blob/ef32e205295e29f034f1453ad245ba5efb07b94a/src/include/switch_channel.h#L415
switch_channel_test_cap,uint32_t,"switch_channel_t *channel, switch_channel_cap_t cap",not_verified,https://github.com/signalwire/freeswitch/blob/ef32e205295e29f034f1453ad245ba5efb07b94a/src/include/switch_channel.h#L416
switch_channel_test_cap_partner,uint32_t,"switch_channel_t *channel, switch_channel_cap_t cap",not_verified,https://github.com/signalwire/freeswitch/blob/ef32e205295e29f034f1453ad245ba5efb07b94a/src/include/switch_channel.h#L417
switch_channel_set_flag_partner,switch_bool_t,"switch_channel_t *channel, switch_channel_flag_t flag",not_verified,https://github.com/signalwire/freeswitch/blob/ef32e205295e29f034f1453ad245ba5efb07b94a/src/include/switch_channel.h#L425
switch_channel_clear_flag_partner,switch_bool_t,"switch_channel_t *channel, switch_channel_flag_t flag",not_verified,https://github.com/signalwire/freeswitch/blob/ef32e205295e29f034f1453ad245ba5efb07b94a/src/include/switch_channel.h#L433
switch_channel_test_flag_partner,uint32_t,"switch_channel_t *channel, switch_channel_flag_t flag",not_verified,https://github.com/signalwire/freeswitch/blob/ef32e205295e29f034f1453ad245ba5efb07b94a/src/include/switch_channel.h#L435
switch_channel_set_state_flag,void,"switch_channel_t *channel, switch_channel_flag_t flag",not_verified,https://github.com/signalwire/freeswitch/blob/ef32e205295e29f034f1453ad245ba5efb07b94a/src/include/switch_channel.h#L442
switch_channel_clear_state_flag,void,"switch_channel_t *channel, switch_channel_flag_t flag",not_verified,https://github.com/signalwire/freeswitch/blob/ef32e205295e29f034f1453ad245ba5efb07b94a/src/include/switch_channel.h#L443
switch_channel_clear_flag,void,"switch_channel_t *channel, switch_channel_flag_t flag",not_verified,https://github.com/signalwire/freeswitch/blob/ef32e205295e29f034f1453ad245ba5efb07b94a/src/include/switch_channel.h#L450
switch_channel_clear_flag_recursive,void,"switch_channel_t *channel, switch_channel_flag_t flag",not_verified,https://github.com/signalwire/freeswitch/blob/ef32e205295e29f034f1453ad245ba5efb07b94a/src/include/switch_channel.h#L452
switch_channel_perform_answer,switch_status_t,"switch_channel_t *channel, const char *file, const char *func, int line",not_verified,https://github.com/signalwire/freeswitch/blob/ef32e205295e29f034f1453ad245ba5efb07b94a/src/include/switch_channel.h#L454
switch_channel_perform_mark_answered,switch_status_t,"switch_channel_t *channel, const char *file, const char *func, int line",not_verified,https://github.com/signalwire/freeswitch/blob/ef32e205295e29f034f1453ad245ba5efb07b94a/src/include/switch_channel.h#L456
switch_channel_perform_acknowledge_call,switch_status_t,"switch_channel_t *channel, const char *file, const char *func, int line",not_verified,https://github.com/signalwire/freeswitch/blob/ef32e205295e29f034f1453ad245ba5efb07b94a/src/include/switch_channel.h#L479
switch_channel_perform_ring_ready_value,switch_status_t,"switch_channel_t *channel, switch_ring_ready_t rv, const char *file, const char *func, int line",not_verified,https://github.com/signalwire/freeswitch/blob/ef32e205295e29f034f1453ad245ba5efb07b94a/src/include/switch_channel.h#L483
switch_channel_perform_pre_answer,switch_status_t,"switch_channel_t *channel, const char *file, const char *func, int line",not_verified,https://github.com/signalwire/freeswitch/blob/ef32e205295e29f034f1453ad245ba5efb07b94a/src/include/switch_channel.h#L496
switch_channel_perform_mark_pre_answered,switch_status_t,"switch_channel_t *channel, const char *file, const char *func, int line",not_verified,https://github.com/signalwire/freeswitch/blob/ef32e205295e29f034f1453ad245ba5efb07b94a/src/include/switch_channel.h#L498
switch_channel_perform_mark_ring_ready_value,switch_status_t,"switch_channel_t *channel, switch_ring_ready_t rv, const char *file, const char *func, int line",not_verified,https://github.com/signalwire/freeswitch/blob/ef32e205295e29f034f1453ad245ba5efb07b94a/src/include/switch_channel.h#L500
switch_channel_add_state_handler,int,"switch_channel_t *channel, const switch_state_handler_table_t *state_handler",not_verified,https://github.com/signalwire/freeswitch/blob/ef32e205295e29f034f1453ad245ba5efb07b94a/src/include/switch_channel.h#L528
switch_channel_clear_state_handler,void,"switch_channel_t *channel, const switch_state_handler_table_t *state_handler",not_verified,https://github.com/signalwire/freeswitch/blob/ef32e205295e29f034f1453ad245ba5efb07b94a/src/include/switch_channel.h#L535
switch_channel_get_state_handler,const switch_state_handler_table_t *,"switch_channel_t *channel, int index",not_verified,https://github.com/signalwire/freeswitch/blob/ef32e205295e29f034f1453ad245ba5efb07b94a/src/include/switch_channel.h#L543
switch_channel_set_private,switch_status_t,"switch_channel_t *channel, const char *key, const void *private_info",not_verified,https://github.com/signalwire/freeswitch/blob/ef32e205295e29f034f1453ad245ba5efb07b94a/src/include/switch_channel.h#L553
switch_channel_get_private,void *,"switch_channel_t *channel, const char *key",not_verified,https://github.com/signalwire/freeswitch/blob/ef32e205295e29f034f1453ad245ba5efb07b94a/src/include/switch_channel.h#L561
switch_channel_get_private_partner,void *,"switch_channel_t *channel, const char *key",not_verified,https://github.com/signalwire/freeswitch/blob/ef32e205295e29f034f1453ad245ba5efb07b94a/src/include/switch_channel.h#L562
switch_channel_set_name,switch_status_t,"switch_channel_t *channel, const char *name",not_verified,https://github.com/signalwire/freeswitch/blob/ef32e205295e29f034f1453ad245ba5efb07b94a/src/include/switch_channel.h#L570
switch_channel_get_name,char *,switch_channel_t *channel,not_verified,https://github.com/signalwire/freeswitch/blob/ef32e205295e29f034f1453ad245ba5efb07b94a/src/include/switch_channel.h#L577
switch_channel_perform_hangup,switch_channel_state_t,"switch_channel_t *channel, const char *file, const char *func, int line, switch_call_cause_t hangup_cause",not_verified,https://github.com/signalwire/freeswitch/blob/ef32e205295e29f034f1453ad245ba5efb07b94a/src/include/switch_channel.h#L580
switch_channel_has_dtmf,switch_size_t,_In_ switch_channel_t *channel,not_verified,https://github.com/signalwire/freeswitch/blob/ef32e205295e29f034f1453ad245ba5efb07b94a/src/include/switch_channel.h#L596
switch_channel_dtmf_lock,switch_status_t,switch_channel_t *channel,not_verified,https://github.com/signalwire/freeswitch/blob/ef32e205295e29f034f1453ad245ba5efb07b94a/src/include/switch_channel.h#L597
switch_channel_try_dtmf_lock,switch_status_t,switch_channel_t *channel,not_verified,https://github.com/signalwire/freeswitch/blob/ef32e205295e29f034f1453ad245ba5efb07b94a/src/include/switch_channel.h#L598
switch_channel_dtmf_unlock,switch_status_t,switch_channel_t *channel,not_verified,https://github.com/signalwire/freeswitch/blob/ef32e205295e29f034f1453ad245ba5efb07b94a/src/include/switch_channel.h#L599
switch_channel_queue_dtmf,switch_status_t,"_In_ switch_channel_t *channel, _In_ const switch_dtmf_t *dtmf",not_verified,https://github.com/signalwire/freeswitch/blob/ef32e205295e29f034f1453ad245ba5efb07b94a/src/include/switch_channel.h#L608
switch_channel_queue_dtmf_string,switch_status_t,"_In_ switch_channel_t *channel, _In_ const char *dtmf_string",not_verified,https://github.com/signalwire/freeswitch/blob/ef32e205295e29f034f1453ad245ba5efb07b94a/src/include/switch_channel.h#L609
switch_channel_dequeue_dtmf,switch_status_t,"_In_ switch_channel_t *channel, _In_ switch_dtmf_t *dtmf",not_verified,https://github.com/signalwire/freeswitch/blob/ef32e205295e29f034f1453ad245ba5efb07b94a/src/include/switch_channel.h#L617
switch_channel_flush_dtmf,void,_In_ switch_channel_t *channel,not_verified,https://github.com/signalwire/freeswitch/blob/ef32e205295e29f034f1453ad245ba5efb07b94a/src/include/switch_channel.h#L618
switch_channel_dequeue_dtmf_string,switch_size_t,"_In_ switch_channel_t *channel, _Out_opt_bytecapcount_(len)
																 char *dtmf_str, _In_ switch_size_t len",not_verified,https://github.com/signalwire/freeswitch/blob/ef32e205295e29f034f1453ad245ba5efb07b94a/src/include/switch_channel.h#L619
switch_channel_state_name,const char *,_In_ switch_channel_state_t state,not_verified,https://github.com/signalwire/freeswitch/blob/ef32e205295e29f034f1453ad245ba5efb07b94a/src/include/switch_channel.h#L627
switch_channel_name_state,switch_channel_state_t,_In_ const char *name,not_verified,https://github.com/signalwire/freeswitch/blob/ef32e205295e29f034f1453ad245ba5efb07b94a/src/include/switch_channel.h#L634
switch_channel_event_set_data,void,"_In_ switch_channel_t *channel, _In_ switch_event_t *event",not_verified,https://github.com/signalwire/freeswitch/blob/ef32e205295e29f034f1453ad245ba5efb07b94a/src/include/switch_channel.h#L641
switch_channel_event_set_basic_data,void,"_In_ switch_channel_t *channel, _In_ switch_event_t *event",not_verified,https://github.com/signalwire/freeswitch/blob/ef32e205295e29f034f1453ad245ba5efb07b94a/src/include/switch_channel.h#L643
switch_channel_event_set_extended_data,void,"_In_ switch_channel_t *channel, _In_ switch_event_t *event",not_verified,https://github.com/signalwire/freeswitch/blob/ef32e205295e29f034f1453ad245ba5efb07b94a/src/include/switch_channel.h#L644
switch_channel_expand_variables_check,char *,"switch_channel_t *channel, const char *in, switch_event_t *var_list, switch_event_t *api_list, uint32_t recur",not_verified,https://github.com/signalwire/freeswitch/blob/ef32e205295e29f034f1453ad245ba5efb07b94a/src/include/switch_channel.h#L653
switch_channel_build_param_string,char *,"_In_ switch_channel_t *channel, _In_opt_ switch_caller_profile_t *caller_profile, _In_opt_ const char *prefix",not_verified,https://github.com/signalwire/freeswitch/blob/ef32e205295e29f034f1453ad245ba5efb07b94a/src/include/switch_channel.h#L660
switch_channel_set_timestamps,switch_status_t,_In_ switch_channel_t *channel,not_verified,https://github.com/signalwire/freeswitch/blob/ef32e205295e29f034f1453ad245ba5efb07b94a/src/include/switch_channel.h#L662
switch_channel_perform_audio_sync,void,"switch_channel_t *channel, const char *file, const char *func, int line",not_verified,https://github.com/signalwire/freeswitch/blob/ef32e205295e29f034f1453ad245ba5efb07b94a/src/include/switch_channel.h#L666
switch_channel_perform_video_sync,void,"switch_channel_t *channel, const char *file, const char *func, int line",not_verified,https://github.com/signalwire/freeswitch/blob/ef32e205295e29f034f1453ad245ba5efb07b94a/src/include/switch_channel.h#L668
switch_channel_set_private_flag,void,"switch_channel_t *channel, uint32_t flags",not_verified,https://github.com/signalwire/freeswitch/blob/ef32e205295e29f034f1453ad245ba5efb07b94a/src/include/switch_channel.h#L671
switch_channel_clear_private_flag,void,"switch_channel_t *channel, uint32_t flags",not_verified,https://github.com/signalwire/freeswitch/blob/ef32e205295e29f034f1453ad245ba5efb07b94a/src/include/switch_channel.h#L672
switch_channel_test_private_flag,int,"switch_channel_t *channel, uint32_t flags",not_verified,https://github.com/signalwire/freeswitch/blob/ef32e205295e29f034f1453ad245ba5efb07b94a/src/include/switch_channel.h#L673
switch_channel_set_app_flag_key,void,"const char *app, switch_channel_t *channel, uint32_t flags",not_verified,https://github.com/signalwire/freeswitch/blob/ef32e205295e29f034f1453ad245ba5efb07b94a/src/include/switch_channel.h#L675
switch_channel_clear_app_flag_key,void,"const char *app, switch_channel_t *channel, uint32_t flags",not_verified,https://github.com/signalwire/freeswitch/blob/ef32e205295e29f034f1453ad245ba5efb07b94a/src/include/switch_channel.h#L676
switch_channel_test_app_flag_key,int,"const char *app, switch_channel_t *channel, uint32_t flags",not_verified,https://github.com/signalwire/freeswitch/blob/ef32e205295e29f034f1453ad245ba5efb07b94a/src/include/switch_channel.h#L677
switch_channel_set_bridge_time,void,switch_channel_t *channel,not_verified,https://github.com/signalwire/freeswitch/blob/ef32e205295e29f034f1453ad245ba5efb07b94a/src/include/switch_channel.h#L683
switch_channel_set_hangup_time,void,switch_channel_t *channel,not_verified,https://github.com/signalwire/freeswitch/blob/ef32e205295e29f034f1453ad245ba5efb07b94a/src/include/switch_channel.h#L684
switch_channel_direction,switch_call_direction_t,switch_channel_t *channel,not_verified,https://github.com/signalwire/freeswitch/blob/ef32e205295e29f034f1453ad245ba5efb07b94a/src/include/switch_channel.h#L685
switch_channel_logical_direction,switch_call_direction_t,switch_channel_t *channel,not_verified,https://github.com/signalwire/freeswitch/blob/ef32e205295e29f034f1453ad245ba5efb07b94a/src/include/switch_channel.h#L686
switch_channel_set_direction,void,"switch_channel_t *channel, switch_call_direction_t direction",not_verified,https://github.com/signalwire/freeswitch/blob/ef32e205295e29f034f1453ad245ba5efb07b94a/src/include/switch_channel.h#L687
switch_channel_get_session,switch_core_session_t *,switch_channel_t *channel,not_verified,https://github.com/signalwire/freeswitch/blob/ef32e205295e29f034f1453ad245ba5efb07b94a/src/include/switch_channel.h#L689
switch_channel_get_flag_string,char *,switch_channel_t *channel,not_verified,https://github.com/signalwire/freeswitch/blob/ef32e205295e29f034f1453ad245ba5efb07b94a/src/include/switch_channel.h#L690
switch_channel_get_cap_string,char *,switch_channel_t *channel,not_verified,https://github.com/signalwire/freeswitch/blob/ef32e205295e29f034f1453ad245ba5efb07b94a/src/include/switch_channel.h#L691
switch_channel_state_change_pending,int,switch_channel_t *channel,not_verified,https://github.com/signalwire/freeswitch/blob/ef32e205295e29f034f1453ad245ba5efb07b94a/src/include/switch_channel.h#L692
switch_channel_perform_set_callstate,void,"switch_channel_t *channel, switch_channel_callstate_t callstate, const char *file, const char *func, int line",not_verified,https://github.com/signalwire/freeswitch/blob/ef32e205295e29f034f1453ad245ba5efb07b94a/src/include/switch_channel.h#L694
switch_channel_get_callstate,switch_channel_callstate_t,switch_channel_t *channel,not_verified,https://github.com/signalwire/freeswitch/blob/ef32e205295e29f034f1453ad245ba5efb07b94a/src/include/switch_channel.h#L697
switch_channel_callstate2str,const char *,switch_channel_callstate_t callstate,not_verified,https://github.com/signalwire/freeswitch/blob/ef32e205295e29f034f1453ad245ba5efb07b94a/src/include/switch_channel.h#L698
switch_channel_str2callstate,switch_channel_callstate_t,const char *str,not_verified,https://github.com/signalwire/freeswitch/blob/ef32e205295e29f034f1453ad245ba5efb07b94a/src/include/switch_channel.h#L699
switch_channel_mark_hold,void,"switch_channel_t *channel, switch_bool_t on",not_verified,https://github.com/signalwire/freeswitch/blob/ef32e205295e29f034f1453ad245ba5efb07b94a/src/include/switch_channel.h#L700
switch_channel_execute_on,switch_status_t,"switch_channel_t *channel, const char *variable_prefix",not_verified,https://github.com/signalwire/freeswitch/blob/ef32e205295e29f034f1453ad245ba5efb07b94a/src/include/switch_channel.h#L704
switch_channel_execute_on_value,switch_status_t,"switch_channel_t *channel, const char *variable_value",not_verified,https://github.com/signalwire/freeswitch/blob/ef32e205295e29f034f1453ad245ba5efb07b94a/src/include/switch_channel.h#L705
switch_channel_api_on,switch_status_t,"switch_channel_t *channel, const char *variable_prefix",not_verified,https://github.com/signalwire/freeswitch/blob/ef32e205295e29f034f1453ad245ba5efb07b94a/src/include/switch_channel.h#L706
switch_channel_process_device_hangup,void,switch_channel_t *channel,not_verified,https://github.com/signalwire/freeswitch/blob/ef32e205295e29f034f1453ad245ba5efb07b94a/src/include/switch_channel.h#L707
switch_channel_get_queued_extension,switch_caller_extension_t *,switch_channel_t *channel,not_verified,https://github.com/signalwire/freeswitch/blob/ef32e205295e29f034f1453ad245ba5efb07b94a/src/include/switch_channel.h#L708
switch_channel_transfer_to_extension,void,"switch_channel_t *channel, switch_caller_extension_t *caller_extension",not_verified,https://github.com/signalwire/freeswitch/blob/ef32e205295e29f034f1453ad245ba5efb07b94a/src/include/switch_channel.h#L709
switch_channel_get_partner_uuid,const char *,switch_channel_t *channel,not_verified,https://github.com/signalwire/freeswitch/blob/ef32e205295e29f034f1453ad245ba5efb07b94a/src/include/switch_channel.h#L710
switch_channel_get_partner_uuid_copy,const char *,"switch_channel_t *channel, char *buf, switch_size_t blen",not_verified,https://github.com/signalwire/freeswitch/blob/ef32e205295e29f034f1453ad245ba5efb07b94a/src/include/switch_channel.h#L711
switch_channel_get_hold_record,switch_hold_record_t *,switch_channel_t *channel,not_verified,https://github.com/signalwire/freeswitch/blob/ef32e205295e29f034f1453ad245ba5efb07b94a/src/include/switch_channel.h#L712
switch_channel_state_thread_lock,void,switch_channel_t *channel,not_verified,https://github.com/signalwire/freeswitch/blob/ef32e205295e29f034f1453ad245ba5efb07b94a/src/include/switch_channel.h#L713
switch_channel_state_thread_unlock,void,switch_channel_t *channel,not_verified,https://github.com/signalwire/freeswitch/blob/ef32e205295e29f034f1453ad245ba5efb07b94a/src/include/switch_channel.h#L714
switch_channel_state_thread_trylock,switch_status_t,switch_channel_t *channel,not_verified,https://github.com/signalwire/freeswitch/blob/ef32e205295e29f034f1453ad245ba5efb07b94a/src/include/switch_channel.h#L715
switch_channel_handle_cause,void,"switch_channel_t *channel, switch_call_cause_t cause",not_verified,https://github.com/signalwire/freeswitch/blob/ef32e205295e29f034f1453ad245ba5efb07b94a/src/include/switch_channel.h#L716
switch_channel_global_init,void,switch_memory_pool_t *pool,not_verified,https://github.com/signalwire/freeswitch/blob/ef32e205295e29f034f1453ad245ba5efb07b94a/src/include/switch_channel.h#L717
switch_channel_global_uninit,void,void,not_verified,https://github.com/signalwire/freeswitch/blob/ef32e205295e29f034f1453ad245ba5efb07b94a/src/include/switch_channel.h#L718
switch_channel_set_device_id,const char *,"switch_channel_t *channel, const char *device_id",not_verified,https://github.com/signalwire/freeswitch/blob/ef32e205295e29f034f1453ad245ba5efb07b94a/src/include/switch_channel.h#L719
switch_channel_clear_device_record,void,switch_channel_t *channel,not_verified,https://github.com/signalwire/freeswitch/blob/ef32e205295e29f034f1453ad245ba5efb07b94a/src/include/switch_channel.h#L720
switch_channel_get_device_record,switch_device_record_t *,switch_channel_t *channel,not_verified,https://github.com/signalwire/freeswitch/blob/ef32e205295e29f034f1453ad245ba5efb07b94a/src/include/switch_channel.h#L721
switch_channel_release_device_record,void,switch_device_record_t **dcdrp,not_verified,https://github.com/signalwire/freeswitch/blob/ef32e205295e29f034f1453ad245ba5efb07b94a/src/include/switch_channel.h#L722
switch_channel_bind_device_state_handler,switch_status_t,"switch_device_state_function_t function, void *user_data",not_verified,https://github.com/signalwire/freeswitch/blob/ef32e205295e29f034f1453ad245ba5efb07b94a/src/include/switch_channel.h#L723
switch_channel_unbind_device_state_handler,switch_status_t,switch_device_state_function_t function,not_verified,https://github.com/signalwire/freeswitch/blob/ef32e205295e29f034f1453ad245ba5efb07b94a/src/include/switch_channel.h#L724
switch_channel_device_state2str,const char *,switch_device_state_t device_state,not_verified,https://github.com/signalwire/freeswitch/blob/ef32e205295e29f034f1453ad245ba5efb07b94a/src/include/switch_channel.h#L725
switch_channel_pass_sdp,switch_status_t,"switch_channel_t *from_channel, switch_channel_t *to_channel, const char *sdp",not_verified,https://github.com/signalwire/freeswitch/blob/ef32e205295e29f034f1453ad245ba5efb07b94a/src/include/switch_channel.h#L726
switch_config_open_file,int,"switch_config_t *cfg, char *file_path",not_verified,https://github.com/signalwire/freeswitch/blob/ef32e205295e29f034f1453ad245ba5efb07b94a/src/include/switch_config.h#L91
switch_config_close_file,void,switch_config_t *cfg,not_verified,https://github.com/signalwire/freeswitch/blob/ef32e205295e29f034f1453ad245ba5efb07b94a/src/include/switch_config.h#L97
switch_config_next_pair,int,"switch_config_t *cfg, char **var, char **val",not_verified,https://github.com/signalwire/freeswitch/blob/ef32e205295e29f034f1453ad245ba5efb07b94a/src/include/switch_config.h#L105
switch_console_loop,void,void,not_verified,https://github.com/signalwire/freeswitch/blob/ef32e205295e29f034f1453ad245ba5efb07b94a/src/include/switch_console.h#L58
switch_console_printf,void,"switch_text_channel_t channel, const char *file, const char *func, int line, const char *fmt, ...",not_verified,https://github.com/signalwire/freeswitch/blob/ef32e205295e29f034f1453ad245ba5efb07b94a/src/include/switch_console.h#L64
switch_console_stream_raw_write,switch_status_t,"switch_stream_handle_t *handle, uint8_t *data, switch_size_t datalen",not_verified,https://github.com/signalwire/freeswitch/blob/ef32e205295e29f034f1453ad245ba5efb07b94a/src/include/switch_console.h#L68
switch_console_stream_write,switch_status_t,"switch_stream_handle_t *handle, const char *fmt, ...",not_verified,https://github.com/signalwire/freeswitch/blob/ef32e205295e29f034f1453ad245ba5efb07b94a/src/include/switch_console.h#L74
switch_stream_write_file_contents,switch_status_t,"switch_stream_handle_t *stream, const char *path",not_verified,https://github.com/signalwire/freeswitch/blob/ef32e205295e29f034f1453ad245ba5efb07b94a/src/include/switch_console.h#L77
switch_console_init,switch_status_t,switch_memory_pool_t *pool,not_verified,https://github.com/signalwire/freeswitch/blob/ef32e205295e29f034f1453ad245ba5efb07b94a/src/include/switch_console.h#L80
switch_console_shutdown,switch_status_t,void,not_verified,https://github.com/signalwire/freeswitch/blob/ef32e205295e29f034f1453ad245ba5efb07b94a/src/include/switch_console.h#L81
switch_console_add_complete_func,switch_status_t,"const char *name, switch_console_complete_callback_t cb",not_verified,https://github.com/signalwire/freeswitch/blob/ef32e205295e29f034f1453ad245ba5efb07b94a/src/include/switch_console.h#L82
switch_console_del_complete_func,switch_status_t,const char *name,not_verified,https://github.com/signalwire/freeswitch/blob/ef32e205295e29f034f1453ad245ba5efb07b94a/src/include/switch_console.h#L83
switch_console_run_complete_func,switch_status_t,"const char *func, const char *line, const char *last_word, switch_console_callback_match_t **matches",not_verified,https://github.com/signalwire/freeswitch/blob/ef32e205295e29f034f1453ad245ba5efb07b94a/src/include/switch_console.h#L84
switch_console_push_match_unique,void,"switch_console_callback_match_t **matches, const char *new_val",not_verified,https://github.com/signalwire/freeswitch/blob/ef32e205295e29f034f1453ad245ba5efb07b94a/src/include/switch_console.h#L86
switch_console_push_match,void,"switch_console_callback_match_t **matches, const char *new_val",not_verified,https://github.com/signalwire/freeswitch/blob/ef32e205295e29f034f1453ad245ba5efb07b94a/src/include/switch_console.h#L87
switch_console_free_matches,void,switch_console_callback_match_t **matches,not_verified,https://github.com/signalwire/freeswitch/blob/ef32e205295e29f034f1453ad245ba5efb07b94a/src/include/switch_console.h#L88
switch_console_complete,unsigned char,"const char *line, const char *last_word, FILE * console_out, switch_stream_handle_t *stream, switch_xml_t xml",not_verified,https://github.com/signalwire/freeswitch/blob/ef32e205295e29f034f1453ad245ba5efb07b94a/src/include/switch_console.h#L89
switch_console_sort_matches,void,switch_console_callback_match_t *matches,not_verified,https://github.com/signalwire/freeswitch/blob/ef32e205295e29f034f1453ad245ba5efb07b94a/src/include/switch_console.h#L91
switch_console_save_history,void,void,not_verified,https://github.com/signalwire/freeswitch/blob/ef32e205295e29f034f1453ad245ba5efb07b94a/src/include/switch_console.h#L92
switch_console_expand_alias,char *,"char *cmd, char *arg",not_verified,https://github.com/signalwire/freeswitch/blob/ef32e205295e29f034f1453ad245ba5efb07b94a/src/include/switch_console.h#L93
switch_console_execute,switch_status_t,"char *xcmd, int rec, switch_stream_handle_t *istream",not_verified,https://github.com/signalwire/freeswitch/blob/ef32e205295e29f034f1453ad245ba5efb07b94a/src/include/switch_console.h#L94
switch_core_screen_size,void,"int *x, int *y",not_verified,https://github.com/signalwire/freeswitch/blob/ef32e205295e29f034f1453ad245ba5efb07b94a/src/include/switch_core.h#L271
switch_core_session_sched_heartbeat,void,"switch_core_session_t *session, uint32_t seconds",not_verified,https://github.com/signalwire/freeswitch/blob/ef32e205295e29f034f1453ad245ba5efb07b94a/src/include/switch_core.h#L272
switch_core_session_unsched_heartbeat,void,switch_core_session_t *session,not_verified,https://github.com/signalwire/freeswitch/blob/ef32e205295e29f034f1453ad245ba5efb07b94a/src/include/switch_core.h#L273
switch_core_session_enable_heartbeat,void,"switch_core_session_t *session, uint32_t seconds",not_verified,https://github.com/signalwire/freeswitch/blob/ef32e205295e29f034f1453ad245ba5efb07b94a/src/include/switch_core.h#L275
switch_core_session_disable_heartbeat,void,switch_core_session_t *session,not_verified,https://github.com/signalwire/freeswitch/blob/ef32e205295e29f034f1453ad245ba5efb07b94a/src/include/switch_core.h#L276
switch_core_media_bug_pop,switch_status_t,"switch_core_session_t *orig_session, const char *function, switch_media_bug_t **pop",not_verified,https://github.com/signalwire/freeswitch/blob/ef32e205295e29f034f1453ad245ba5efb07b94a/src/include/switch_core.h#L280
switch_core_media_bug_exec_all,switch_status_t,"switch_core_session_t *orig_session, const char *function, switch_media_bug_exec_cb_t cb, void *user_data",not_verified,https://github.com/signalwire/freeswitch/blob/ef32e205295e29f034f1453ad245ba5efb07b94a/src/include/switch_core.h#L282
switch_core_media_bug_patch_video,uint32_t,"switch_core_session_t *orig_session, switch_frame_t *frame",not_verified,https://github.com/signalwire/freeswitch/blob/ef32e205295e29f034f1453ad245ba5efb07b94a/src/include/switch_core.h#L284
switch_core_media_bug_count,uint32_t,"switch_core_session_t *orig_session, const char *function",not_verified,https://github.com/signalwire/freeswitch/blob/ef32e205295e29f034f1453ad245ba5efb07b94a/src/include/switch_core.h#L285
switch_media_bug_set_spy_fmt,void,"switch_media_bug_t *bug, switch_vid_spy_fmt_t spy_fmt",not_verified,https://github.com/signalwire/freeswitch/blob/ef32e205295e29f034f1453ad245ba5efb07b94a/src/include/switch_core.h#L286
switch_core_media_bug_push_spy_frame,switch_status_t,"switch_media_bug_t *bug, switch_frame_t *frame, switch_rw_t rw",not_verified,https://github.com/signalwire/freeswitch/blob/ef32e205295e29f034f1453ad245ba5efb07b94a/src/include/switch_core.h#L287
switch_core_media_bug_patch_spy_frame,switch_status_t,"switch_media_bug_t *bug, switch_image_t *img, switch_rw_t rw",not_verified,https://github.com/signalwire/freeswitch/blob/ef32e205295e29f034f1453ad245ba5efb07b94a/src/include/switch_core.h#L288
switch_media_bug_parse_spy_fmt,switch_vid_spy_fmt_t,const char *name,not_verified,https://github.com/signalwire/freeswitch/blob/ef32e205295e29f034f1453ad245ba5efb07b94a/src/include/switch_core.h#L289
switch_core_media_bug_add,switch_status_t,"_In_ switch_core_session_t *session, _In_ const char *function, _In_ const char *target, _In_ switch_media_bug_callback_t callback, _In_opt_ void *user_data, _In_ time_t stop_time, _In_ switch_media_bug_flag_t flags, _Out_ switch_media_bug_t **new_bug",not_verified,https://github.com/signalwire/freeswitch/blob/ef32e205295e29f034f1453ad245ba5efb07b94a/src/include/switch_core.h#L303
switch_core_media_bug_pause,void,switch_core_session_t *session,not_verified,https://github.com/signalwire/freeswitch/blob/ef32e205295e29f034f1453ad245ba5efb07b94a/src/include/switch_core.h#L314
switch_core_media_bug_resume,void,switch_core_session_t *session,not_verified,https://github.com/signalwire/freeswitch/blob/ef32e205295e29f034f1453ad245ba5efb07b94a/src/include/switch_core.h#L320
switch_core_media_bug_inuse,void,"switch_media_bug_t *bug, switch_size_t *readp, switch_size_t *writep",not_verified,https://github.com/signalwire/freeswitch/blob/ef32e205295e29f034f1453ad245ba5efb07b94a/src/include/switch_core.h#L322
switch_core_media_bug_get_user_data,void *,_In_ switch_media_bug_t *bug,not_verified,https://github.com/signalwire/freeswitch/blob/ef32e205295e29f034f1453ad245ba5efb07b94a/src/include/switch_core.h#L329
switch_core_media_bug_get_write_replace_frame,switch_frame_t *,_In_ switch_media_bug_t *bug,not_verified,https://github.com/signalwire/freeswitch/blob/ef32e205295e29f034f1453ad245ba5efb07b94a/src/include/switch_core.h#L335
switch_core_media_bug_get_native_read_frame,switch_frame_t *,switch_media_bug_t *bug,not_verified,https://github.com/signalwire/freeswitch/blob/ef32e205295e29f034f1453ad245ba5efb07b94a/src/include/switch_core.h#L338
switch_core_media_bug_get_native_write_frame,switch_frame_t *,switch_media_bug_t *bug,not_verified,https://github.com/signalwire/freeswitch/blob/ef32e205295e29f034f1453ad245ba5efb07b94a/src/include/switch_core.h#L339
switch_core_media_bug_get_video_ping_frame,switch_frame_t *,switch_media_bug_t *bug,not_verified,https://github.com/signalwire/freeswitch/blob/ef32e205295e29f034f1453ad245ba5efb07b94a/src/include/switch_core.h#L342
switch_core_media_bug_set_write_replace_frame,void,"_In_ switch_media_bug_t *bug, _In_ switch_frame_t *frame",not_verified,https://github.com/signalwire/freeswitch/blob/ef32e205295e29f034f1453ad245ba5efb07b94a/src/include/switch_core.h#L349
switch_core_media_bug_get_read_replace_frame,switch_frame_t *,_In_ switch_media_bug_t *bug,not_verified,https://github.com/signalwire/freeswitch/blob/ef32e205295e29f034f1453ad245ba5efb07b94a/src/include/switch_core.h#L355
switch_core_media_bug_set_read_demux_frame,void,"_In_ switch_media_bug_t *bug, _In_ switch_frame_t *frame",not_verified,https://github.com/signalwire/freeswitch/blob/ef32e205295e29f034f1453ad245ba5efb07b94a/src/include/switch_core.h#L356
switch_core_media_bug_get_session,switch_core_session_t *,_In_ switch_media_bug_t *bug,not_verified,https://github.com/signalwire/freeswitch/blob/ef32e205295e29f034f1453ad245ba5efb07b94a/src/include/switch_core.h#L361
switch_core_media_bug_set_media_params,void,"switch_media_bug_t *bug, switch_mm_t *mm",not_verified,https://github.com/signalwire/freeswitch/blob/ef32e205295e29f034f1453ad245ba5efb07b94a/src/include/switch_core.h#L363
switch_core_media_bug_get_media_params,void,"switch_media_bug_t *bug, switch_mm_t *mm",not_verified,https://github.com/signalwire/freeswitch/blob/ef32e205295e29f034f1453ad245ba5efb07b94a/src/include/switch_core.h#L364
switch_core_media_bug_get_text,const char *,switch_media_bug_t *bug,not_verified,https://github.com/signalwire/freeswitch/blob/ef32e205295e29f034f1453ad245ba5efb07b94a/src/include/switch_core.h#L366
switch_core_media_bug_test_flag,uint32_t,"_In_ switch_media_bug_t *bug, _In_ uint32_t flag",not_verified,https://github.com/signalwire/freeswitch/blob/ef32e205295e29f034f1453ad245ba5efb07b94a/src/include/switch_core.h#L374
switch_core_media_bug_set_flag,uint32_t,"_In_ switch_media_bug_t *bug, _In_ uint32_t flag",not_verified,https://github.com/signalwire/freeswitch/blob/ef32e205295e29f034f1453ad245ba5efb07b94a/src/include/switch_core.h#L375
switch_core_media_bug_clear_flag,uint32_t,"_In_ switch_media_bug_t *bug, _In_ uint32_t flag",not_verified,https://github.com/signalwire/freeswitch/blob/ef32e205295e29f034f1453ad245ba5efb07b94a/src/include/switch_core.h#L376
switch_core_media_bug_set_read_replace_frame,void,"_In_ switch_media_bug_t *bug, _In_ switch_frame_t *frame",not_verified,https://github.com/signalwire/freeswitch/blob/ef32e205295e29f034f1453ad245ba5efb07b94a/src/include/switch_core.h#L383
switch_core_cpu_count,uint32_t,void,not_verified,https://github.com/signalwire/freeswitch/blob/ef32e205295e29f034f1453ad245ba5efb07b94a/src/include/switch_core.h#L385
switch_core_media_bug_remove,switch_status_t,"_In_ switch_core_session_t *session, _Inout_ switch_media_bug_t **bug",not_verified,https://github.com/signalwire/freeswitch/blob/ef32e205295e29f034f1453ad245ba5efb07b94a/src/include/switch_core.h#L394
switch_core_media_bug_prune,uint32_t,switch_core_session_t *session,not_verified,https://github.com/signalwire/freeswitch/blob/ef32e205295e29f034f1453ad245ba5efb07b94a/src/include/switch_core.h#L395
switch_core_media_bug_remove_callback,switch_status_t,"switch_core_session_t *session, switch_media_bug_callback_t callback",not_verified,https://github.com/signalwire/freeswitch/blob/ef32e205295e29f034f1453ad245ba5efb07b94a/src/include/switch_core.h#L403
switch_core_media_bug_close,switch_status_t,"_Inout_ switch_media_bug_t **bug, switch_bool_t destroy",not_verified,https://github.com/signalwire/freeswitch/blob/ef32e205295e29f034f1453ad245ba5efb07b94a/src/include/switch_core.h#L410
switch_core_media_bug_remove_all_function,switch_status_t,"_In_ switch_core_session_t *session, const char *function",not_verified,https://github.com/signalwire/freeswitch/blob/ef32e205295e29f034f1453ad245ba5efb07b94a/src/include/switch_core.h#L416
switch_core_media_bug_enumerate,switch_status_t,"switch_core_session_t *session, switch_stream_handle_t *stream",not_verified,https://github.com/signalwire/freeswitch/blob/ef32e205295e29f034f1453ad245ba5efb07b94a/src/include/switch_core.h#L420
switch_core_media_bug_transfer_callback,switch_status_t,"switch_core_session_t *orig_session, switch_core_session_t *new_session, switch_media_bug_callback_t callback, void * (*user_data_dup_func) (switch_core_session_t *, void *)",not_verified,https://github.com/signalwire/freeswitch/blob/ef32e205295e29f034f1453ad245ba5efb07b94a/src/include/switch_core.h#L422
switch_core_media_bug_read,switch_status_t,"_In_ switch_media_bug_t *bug, _In_ switch_frame_t *frame, switch_bool_t fill",not_verified,https://github.com/signalwire/freeswitch/blob/ef32e205295e29f034f1453ad245ba5efb07b94a/src/include/switch_core.h#L432
switch_core_media_bug_flush,void,_In_ switch_media_bug_t *bug,not_verified,https://github.com/signalwire/freeswitch/blob/ef32e205295e29f034f1453ad245ba5efb07b94a/src/include/switch_core.h#L438
switch_core_media_bug_flush_all,switch_status_t,_In_ switch_core_session_t *session,not_verified,https://github.com/signalwire/freeswitch/blob/ef32e205295e29f034f1453ad245ba5efb07b94a/src/include/switch_core.h#L444
switch_core_media_bug_set_pre_buffer_framecount,switch_status_t,"switch_media_bug_t *bug, uint32_t framecount",not_verified,https://github.com/signalwire/freeswitch/blob/ef32e205295e29f034f1453ad245ba5efb07b94a/src/include/switch_core.h#L446
switch_core_port_allocator_new,switch_status_t,"_In_ const char *ip, _In_ switch_port_t start, _In_ switch_port_t end, _In_ switch_port_flag_t flags, _Out_ switch_core_port_allocator_t **new_allocator",not_verified,https://github.com/signalwire/freeswitch/blob/ef32e205295e29f034f1453ad245ba5efb07b94a/src/include/switch_core.h#L462
switch_core_port_allocator_request_port,switch_status_t,"_In_ switch_core_port_allocator_t *alloc, _Out_ switch_port_t *port_ptr",not_verified,https://github.com/signalwire/freeswitch/blob/ef32e205295e29f034f1453ad245ba5efb07b94a/src/include/switch_core.h#L473
switch_core_port_allocator_free_port,switch_status_t,"_In_ switch_core_port_allocator_t *alloc, _In_ switch_port_t port",not_verified,https://github.com/signalwire/freeswitch/blob/ef32e205295e29f034f1453ad245ba5efb07b94a/src/include/switch_core.h#L481
switch_core_port_allocator_destroy,void,_Inout_ switch_core_port_allocator_t **alloc,not_verified,https://github.com/signalwire/freeswitch/blob/ef32e205295e29f034f1453ad245ba5efb07b94a/src/include/switch_core.h#L487
switch_core_test_flag,int,int flag,not_verified,https://github.com/signalwire/freeswitch/blob/ef32e205295e29f034f1453ad245ba5efb07b94a/src/include/switch_core.h#L491
switch_core_init,switch_status_t,"_In_ switch_core_flag_t flags, _In_ switch_bool_t console, _Out_ const char **err",not_verified,https://github.com/signalwire/freeswitch/blob/ef32e205295e29f034f1453ad245ba5efb07b94a/src/include/switch_core.h#L503
switch_core_init_and_modload,switch_status_t,"_In_ switch_core_flag_t flags, _In_ switch_bool_t console, _Out_ const char **err",not_verified,https://github.com/signalwire/freeswitch/blob/ef32e205295e29f034f1453ad245ba5efb07b94a/src/include/switch_core.h#L512
switch_core_session_limit,uint32_t,_In_ uint32_t new_limit,not_verified,https://github.com/signalwire/freeswitch/blob/ef32e205295e29f034f1453ad245ba5efb07b94a/src/include/switch_core.h#L519
switch_core_sessions_per_second,uint32_t,_In_ uint32_t new_limit,not_verified,https://github.com/signalwire/freeswitch/blob/ef32e205295e29f034f1453ad245ba5efb07b94a/src/include/switch_core.h#L526
switch_core_destroy,switch_status_t,void,not_verified,https://github.com/signalwire/freeswitch/blob/ef32e205295e29f034f1453ad245ba5efb07b94a/src/include/switch_core.h#L532
switch_core_session_io_read_lock,switch_status_t,switch_core_session_t *session,not_verified,https://github.com/signalwire/freeswitch/blob/ef32e205295e29f034f1453ad245ba5efb07b94a/src/include/switch_core.h#L541
switch_core_session_io_write_lock,switch_status_t,switch_core_session_t *session,not_verified,https://github.com/signalwire/freeswitch/blob/ef32e205295e29f034f1453ad245ba5efb07b94a/src/include/switch_core.h#L542
switch_core_session_io_rwunlock,switch_status_t,switch_core_session_t *session,not_verified,https://github.com/signalwire/freeswitch/blob/ef32e205295e29f034f1453ad245ba5efb07b94a/src/include/switch_core.h#L543
switch_core_session_perform_read_lock,switch_status_t,"_In_ switch_core_session_t *session, const char *file, const char *func, int line",not_verified,https://github.com/signalwire/freeswitch/blob/ef32e205295e29f034f1453ad245ba5efb07b94a/src/include/switch_core.h#L546
switch_core_session_read_lock,switch_status_t,_In_ switch_core_session_t *session,not_verified,https://github.com/signalwire/freeswitch/blob/ef32e205295e29f034f1453ad245ba5efb07b94a/src/include/switch_core.h#L557
switch_core_session_perform_read_lock_hangup,switch_status_t,"_In_ switch_core_session_t *session, const char *file, const char *func, int line",not_verified,https://github.com/signalwire/freeswitch/blob/ef32e205295e29f034f1453ad245ba5efb07b94a/src/include/switch_core.h#L562
switch_core_session_read_lock_hangup,switch_status_t,_In_ switch_core_session_t *session,not_verified,https://github.com/signalwire/freeswitch/blob/ef32e205295e29f034f1453ad245ba5efb07b94a/src/include/switch_core.h#L574
switch_core_session_perform_write_lock,void,"_In_ switch_core_session_t *session, const char *file, const char *func, int line",not_verified,https://github.com/signalwire/freeswitch/blob/ef32e205295e29f034f1453ad245ba5efb07b94a/src/include/switch_core.h#L579
switch_core_session_write_lock,void,_In_ switch_core_session_t *session,not_verified,https://github.com/signalwire/freeswitch/blob/ef32e205295e29f034f1453ad245ba5efb07b94a/src/include/switch_core.h#L589
switch_core_session_perform_rwunlock,void,"_In_ switch_core_session_t *session, const char *file, const char *func, int line",not_verified,https://github.com/signalwire/freeswitch/blob/ef32e205295e29f034f1453ad245ba5efb07b94a/src/include/switch_core.h#L593
switch_core_session_rwunlock,void,_In_ switch_core_session_t *session,not_verified,https://github.com/signalwire/freeswitch/blob/ef32e205295e29f034f1453ad245ba5efb07b94a/src/include/switch_core.h#L603
switch_core_add_state_handler,int,_In_ const switch_state_handler_table_t *state_handler,not_verified,https://github.com/signalwire/freeswitch/blob/ef32e205295e29f034f1453ad245ba5efb07b94a/src/include/switch_core.h#L616
switch_core_remove_state_handler,void,_In_ const switch_state_handler_table_t *state_handler,not_verified,https://github.com/signalwire/freeswitch/blob/ef32e205295e29f034f1453ad245ba5efb07b94a/src/include/switch_core.h#L622
switch_core_get_state_handler,const switch_state_handler_table_t *,_In_ int index,not_verified,https://github.com/signalwire/freeswitch/blob/ef32e205295e29f034f1453ad245ba5efb07b94a/src/include/switch_core.h#L629
switch_core_memory_pool_tag,void,"switch_memory_pool_t *pool, const char *tag",not_verified,https://github.com/signalwire/freeswitch/blob/ef32e205295e29f034f1453ad245ba5efb07b94a/src/include/switch_core.h#L632
switch_core_pool_stats,void,switch_stream_handle_t *stream,not_verified,https://github.com/signalwire/freeswitch/blob/ef32e205295e29f034f1453ad245ba5efb07b94a/src/include/switch_core.h#L634
switch_core_perform_new_memory_pool,switch_status_t,"_Out_ switch_memory_pool_t **pool, _In_z_ const char *file, _In_z_ const char *func, _In_ int line",not_verified,https://github.com/signalwire/freeswitch/blob/ef32e205295e29f034f1453ad245ba5efb07b94a/src/include/switch_core.h#L636
switch_core_session_sync_clock,int,void,not_verified,https://github.com/signalwire/freeswitch/blob/ef32e205295e29f034f1453ad245ba5efb07b94a/src/include/switch_core.h#L648
switch_core_perform_destroy_memory_pool,switch_status_t,"_Inout_ switch_memory_pool_t **pool, _In_z_ const char *file, _In_z_ const char *func, _In_ int line",not_verified,https://github.com/signalwire/freeswitch/blob/ef32e205295e29f034f1453ad245ba5efb07b94a/src/include/switch_core.h#L649
switch_core_memory_pool_set_data,void,"switch_memory_pool_t *pool, const char *key, void *data",not_verified,https://github.com/signalwire/freeswitch/blob/ef32e205295e29f034f1453ad245ba5efb07b94a/src/include/switch_core.h#L658
switch_core_memory_pool_get_data,void *,"switch_memory_pool_t *pool, const char *key",not_verified,https://github.com/signalwire/freeswitch/blob/ef32e205295e29f034f1453ad245ba5efb07b94a/src/include/switch_core.h#L659
switch_core_session_run,void,_In_ switch_core_session_t *session,not_verified,https://github.com/signalwire/freeswitch/blob/ef32e205295e29f034f1453ad245ba5efb07b94a/src/include/switch_core.h#L666
switch_core_session_running,unsigned int,_In_ switch_core_session_t *session,not_verified,https://github.com/signalwire/freeswitch/blob/ef32e205295e29f034f1453ad245ba5efb07b94a/src/include/switch_core.h#L672
switch_core_session_started,unsigned int,_In_ switch_core_session_t *session,not_verified,https://github.com/signalwire/freeswitch/blob/ef32e205295e29f034f1453ad245ba5efb07b94a/src/include/switch_core.h#L673
switch_core_perform_permanent_alloc,void *,"_In_ switch_size_t memory, _In_z_ const char *file, _In_z_ const char *func, _In_ int line",not_verified,https://github.com/signalwire/freeswitch/blob/ef32e205295e29f034f1453ad245ba5efb07b94a/src/include/switch_core.h#L675
switch_core_perform_alloc,void *,"_In_ switch_memory_pool_t *pool, _In_ switch_size_t memory, _In_z_ const char *file, _In_z_ const char *func, _In_ int line",not_verified,https://github.com/signalwire/freeswitch/blob/ef32e205295e29f034f1453ad245ba5efb07b94a/src/include/switch_core.h#L687
switch_core_perform_session_alloc,void *,"_In_ switch_core_session_t *session, _In_ switch_size_t memory, const char *file, const char *func, int line",not_verified,https://github.com/signalwire/freeswitch/blob/ef32e205295e29f034f1453ad245ba5efb07b94a/src/include/switch_core.h#L699
switch_core_perform_permanent_strdup,char *,"_In_z_ const char *todup, _In_z_ const char *file, _In_z_ const char *func, _In_ int line",not_verified,https://github.com/signalwire/freeswitch/blob/ef32e205295e29f034f1453ad245ba5efb07b94a/src/include/switch_core.h#L713
switch_core_perform_session_strdup,char *,"_In_ switch_core_session_t *session, _In_z_ const char *todup, _In_z_ const char *file, _In_z_ const char *func, _In_ int line",not_verified,https://github.com/signalwire/freeswitch/blob/ef32e205295e29f034f1453ad245ba5efb07b94a/src/include/switch_core.h#L723
switch_core_perform_strdup,char *,"_In_ switch_memory_pool_t *pool, _In_z_ const char *todup, _In_z_ const char *file, _In_z_ const char *func, _In_ int line",not_verified,https://github.com/signalwire/freeswitch/blob/ef32e205295e29f034f1453ad245ba5efb07b94a/src/include/switch_core.h#L735
switch_core_perform_strndup,char *,"_In_ switch_memory_pool_t *pool, _In_z_ const char *todup, size_t len, _In_z_ const char *file, _In_z_ const char *func, _In_ int line",not_verified,https://github.com/signalwire/freeswitch/blob/ef32e205295e29f034f1453ad245ba5efb07b94a/src/include/switch_core.h#L737
switch_core_session_sprintf,char *,"_In_ switch_core_session_t *session, _In_z_ _Printf_format_string_ const char *fmt, ...",not_verified,https://github.com/signalwire/freeswitch/blob/ef32e205295e29f034f1453ad245ba5efb07b94a/src/include/switch_core.h#L757
switch_core_session_vsprintf,char *,"switch_core_session_t *session, const char *fmt, va_list ap",not_verified,https://github.com/signalwire/freeswitch/blob/ef32e205295e29f034f1453ad245ba5efb07b94a/src/include/switch_core.h#L767
switch_core_sprintf,char *,"_In_ switch_memory_pool_t *pool, _In_z_ _Printf_format_string_ const char *fmt, ...",not_verified,https://github.com/signalwire/freeswitch/blob/ef32e205295e29f034f1453ad245ba5efb07b94a/src/include/switch_core.h#L777
switch_core_vsprintf,char *,"switch_memory_pool_t *pool, _In_z_ _Printf_format_string_ const char *fmt, va_list ap",not_verified,https://github.com/signalwire/freeswitch/blob/ef32e205295e29f034f1453ad245ba5efb07b94a/src/include/switch_core.h#L787
switch_core_session_get_pool,switch_memory_pool_t *,_In_ switch_core_session_t *session,not_verified,https://github.com/signalwire/freeswitch/blob/ef32e205295e29f034f1453ad245ba5efb07b94a/src/include/switch_core.h#L796
switch_core_session_request_xml,switch_core_session_t *,"switch_endpoint_interface_t *endpoint_interface, switch_memory_pool_t **pool, switch_xml_t xml",not_verified,https://github.com/signalwire/freeswitch/blob/ef32e205295e29f034f1453ad245ba5efb07b94a/src/include/switch_core.h#L799
switch_core_session_request_uuid,switch_core_session_t *,"_In_ switch_endpoint_interface_t *endpoint_interface, _In_ switch_call_direction_t direction, switch_originate_flag_t originate_flags, _Inout_opt_ switch_memory_pool_t **pool, _In_opt_z_ const char *use_uuid",not_verified,https://github.com/signalwire/freeswitch/blob/ef32e205295e29f034f1453ad245ba5efb07b94a/src/include/switch_core.h#L811
switch_core_session_set_uuid,switch_status_t,"_In_ switch_core_session_t *session, _In_z_ const char *use_uuid",not_verified,https://github.com/signalwire/freeswitch/blob/ef32e205295e29f034f1453ad245ba5efb07b94a/src/include/switch_core.h#L818
switch_core_session_set_external_id,switch_status_t,"_In_ switch_core_session_t *session, _In_z_ const char *use_external_id",not_verified,https://github.com/signalwire/freeswitch/blob/ef32e205295e29f034f1453ad245ba5efb07b94a/src/include/switch_core.h#L820
switch_core_session_perform_destroy,void,"_Inout_ switch_core_session_t **session, _In_z_ const char *file, _In_z_ const char *func, _In_ int line",not_verified,https://github.com/signalwire/freeswitch/blob/ef32e205295e29f034f1453ad245ba5efb07b94a/src/include/switch_core.h#L822
switch_core_session_destroy_state,void,switch_core_session_t *session,not_verified,https://github.com/signalwire/freeswitch/blob/ef32e205295e29f034f1453ad245ba5efb07b94a/src/include/switch_core.h#L832
switch_core_session_reporting_state,void,switch_core_session_t *session,not_verified,https://github.com/signalwire/freeswitch/blob/ef32e205295e29f034f1453ad245ba5efb07b94a/src/include/switch_core.h#L833
switch_core_session_hangup_state,void,"switch_core_session_t *session, switch_bool_t force",not_verified,https://github.com/signalwire/freeswitch/blob/ef32e205295e29f034f1453ad245ba5efb07b94a/src/include/switch_core.h#L834
switch_core_session_count,uint32_t,void,not_verified,https://github.com/signalwire/freeswitch/blob/ef32e205295e29f034f1453ad245ba5efb07b94a/src/include/switch_core.h#L840
switch_core_session_get_id,switch_size_t,_In_ switch_core_session_t *session,not_verified,https://github.com/signalwire/freeswitch/blob/ef32e205295e29f034f1453ad245ba5efb07b94a/src/include/switch_core.h#L842
switch_core_session_id,switch_size_t,void,not_verified,https://github.com/signalwire/freeswitch/blob/ef32e205295e29f034f1453ad245ba5efb07b94a/src/include/switch_core.h#L848
switch_core_session_id_dec,switch_size_t,void,not_verified,https://github.com/signalwire/freeswitch/blob/ef32e205295e29f034f1453ad245ba5efb07b94a/src/include/switch_core.h#L849
switch_core_session_request_by_name,switch_core_session_t *,"_In_z_ const char *endpoint_name, _In_ switch_call_direction_t direction, _Inout_ switch_memory_pool_t **pool",not_verified,https://github.com/signalwire/freeswitch/blob/ef32e205295e29f034f1453ad245ba5efb07b94a/src/include/switch_core.h#L857
switch_core_session_thread_launch,switch_status_t,_In_ switch_core_session_t *session,not_verified,https://github.com/signalwire/freeswitch/blob/ef32e205295e29f034f1453ad245ba5efb07b94a/src/include/switch_core.h#L865
switch_thread_pool_launch_thread,switch_status_t,switch_thread_data_t **tdp,not_verified,https://github.com/signalwire/freeswitch/blob/ef32e205295e29f034f1453ad245ba5efb07b94a/src/include/switch_core.h#L868
switch_core_session_thread_pool_launch,switch_status_t,switch_core_session_t *session,not_verified,https://github.com/signalwire/freeswitch/blob/ef32e205295e29f034f1453ad245ba5efb07b94a/src/include/switch_core.h#L869
switch_thread_pool_wait,switch_status_t,"switch_thread_data_t *td, int ms",not_verified,https://github.com/signalwire/freeswitch/blob/ef32e205295e29f034f1453ad245ba5efb07b94a/src/include/switch_core.h#L870
switch_core_session_get_channel,switch_channel_t *,_In_ switch_core_session_t *session,not_verified,https://github.com/signalwire/freeswitch/blob/ef32e205295e29f034f1453ad245ba5efb07b94a/src/include/switch_core.h#L877
switch_core_session_get_mutex,switch_mutex_t *,switch_core_session_t *session,not_verified,https://github.com/signalwire/freeswitch/blob/ef32e205295e29f034f1453ad245ba5efb07b94a/src/include/switch_core.h#L882
switch_core_session_wake_session_thread,switch_status_t,_In_ switch_core_session_t *session,not_verified,https://github.com/signalwire/freeswitch/blob/ef32e205295e29f034f1453ad245ba5efb07b94a/src/include/switch_core.h#L883
switch_core_session_signal_state_change,void,_In_ switch_core_session_t *session,not_verified,https://github.com/signalwire/freeswitch/blob/ef32e205295e29f034f1453ad245ba5efb07b94a/src/include/switch_core.h#L884
switch_core_session_get_uuid,char *,_In_ switch_core_session_t *session,not_verified,https://github.com/signalwire/freeswitch/blob/ef32e205295e29f034f1453ad245ba5efb07b94a/src/include/switch_core.h#L891
switch_core_session_get_external_id,const char *,_In_ switch_core_session_t *session,not_verified,https://github.com/signalwire/freeswitch/blob/ef32e205295e29f034f1453ad245ba5efb07b94a/src/include/switch_core.h#L898
switch_core_session_set_loglevel,switch_status_t,"switch_core_session_t *session, switch_log_level_t loglevel",not_verified,https://github.com/signalwire/freeswitch/blob/ef32e205295e29f034f1453ad245ba5efb07b94a/src/include/switch_core.h#L906
switch_core_session_get_loglevel,switch_log_level_t,switch_core_session_t *session,not_verified,https://github.com/signalwire/freeswitch/blob/ef32e205295e29f034f1453ad245ba5efb07b94a/src/include/switch_core.h#L914
switch_core_session_get_jb,switch_jb_t *,"switch_core_session_t *session, switch_media_type_t type",not_verified,https://github.com/signalwire/freeswitch/blob/ef32e205295e29f034f1453ad245ba5efb07b94a/src/include/switch_core.h#L916
switch_core_session_soft_lock,void,"switch_core_session_t *session, uint32_t sec",not_verified,https://github.com/signalwire/freeswitch/blob/ef32e205295e29f034f1453ad245ba5efb07b94a/src/include/switch_core.h#L917
switch_core_session_soft_unlock,void,switch_core_session_t *session,not_verified,https://github.com/signalwire/freeswitch/blob/ef32e205295e29f034f1453ad245ba5efb07b94a/src/include/switch_core.h#L918
switch_core_session_set_dmachine,void,"switch_core_session_t *session, switch_ivr_dmachine_t *dmachine, switch_digit_action_target_t target",not_verified,https://github.com/signalwire/freeswitch/blob/ef32e205295e29f034f1453ad245ba5efb07b94a/src/include/switch_core.h#L919
switch_core_session_get_dmachine,switch_ivr_dmachine_t *,"switch_core_session_t *session, switch_digit_action_target_t target",not_verified,https://github.com/signalwire/freeswitch/blob/ef32e205295e29f034f1453ad245ba5efb07b94a/src/include/switch_core.h#L920
switch_ivr_dmachine_get_target,switch_digit_action_target_t,switch_ivr_dmachine_t *dmachine,not_verified,https://github.com/signalwire/freeswitch/blob/ef32e205295e29f034f1453ad245ba5efb07b94a/src/include/switch_core.h#L921
switch_ivr_dmachine_set_target,void,"switch_ivr_dmachine_t *dmachine, switch_digit_action_target_t target",not_verified,https://github.com/signalwire/freeswitch/blob/ef32e205295e29f034f1453ad245ba5efb07b94a/src/include/switch_core.h#L922
switch_ivr_dmachine_set_terminators,switch_status_t,"switch_ivr_dmachine_t *dmachine, const char *terminators",not_verified,https://github.com/signalwire/freeswitch/blob/ef32e205295e29f034f1453ad245ba5efb07b94a/src/include/switch_core.h#L923
switch_core_session_set_codec_slin,switch_status_t,"switch_core_session_t *session, switch_slin_data_t *data",not_verified,https://github.com/signalwire/freeswitch/blob/ef32e205295e29f034f1453ad245ba5efb07b94a/src/include/switch_core.h#L924
switch_core_session_raw_read,void,switch_core_session_t *session,not_verified,https://github.com/signalwire/freeswitch/blob/ef32e205295e29f034f1453ad245ba5efb07b94a/src/include/switch_core.h#L925
switch_core_get_uuid,char *,void,not_verified,https://github.com/signalwire/freeswitch/blob/ef32e205295e29f034f1453ad245ba5efb07b94a/src/include/switch_core.h#L931
switch_core_session_perform_locate,switch_core_session_t *,"const char *uuid_str, const char *file, const char *func, int line",not_verified,https://github.com/signalwire/freeswitch/blob/ef32e205295e29f034f1453ad245ba5efb07b94a/src/include/switch_core.h#L934
switch_core_session_perform_force_locate,switch_core_session_t *,"const char *uuid_str, const char *file, const char *func, int line",not_verified,https://github.com/signalwire/freeswitch/blob/ef32e205295e29f034f1453ad245ba5efb07b94a/src/include/switch_core.h#L935
switch_core_get_variable,char *,_In_z_ const char *varname,not_verified,https://github.com/signalwire/freeswitch/blob/ef32e205295e29f034f1453ad245ba5efb07b94a/src/include/switch_core.h#L962
switch_core_get_variable_dup,char *,_In_z_ const char *varname,not_verified,https://github.com/signalwire/freeswitch/blob/ef32e205295e29f034f1453ad245ba5efb07b94a/src/include/switch_core.h#L963
switch_core_get_variable_pdup,char *,"_In_z_ const char *varname, switch_memory_pool_t *pool",not_verified,https://github.com/signalwire/freeswitch/blob/ef32e205295e29f034f1453ad245ba5efb07b94a/src/include/switch_core.h#L964
switch_core_get_hostname,const char *,void,not_verified,https://github.com/signalwire/freeswitch/blob/ef32e205295e29f034f1453ad245ba5efb07b94a/src/include/switch_core.h#L965
switch_core_get_switchname,const char *,void,not_verified,https://github.com/signalwire/freeswitch/blob/ef32e205295e29f034f1453ad245ba5efb07b94a/src/include/switch_core.h#L966
switch_core_get_domain,char *,switch_bool_t dup,not_verified,https://github.com/signalwire/freeswitch/blob/ef32e205295e29f034f1453ad245ba5efb07b94a/src/include/switch_core.h#L968
switch_core_set_variable,void,"_In_z_ const char *varname, _In_opt_z_ const char *value",not_verified,https://github.com/signalwire/freeswitch/blob/ef32e205295e29f034f1453ad245ba5efb07b94a/src/include/switch_core.h#L976
switch_core_get_variables,switch_status_t,switch_event_t **event,not_verified,https://github.com/signalwire/freeswitch/blob/ef32e205295e29f034f1453ad245ba5efb07b94a/src/include/switch_core.h#L977
switch_core_set_var_conditional,switch_bool_t,"_In_z_ const char *varname, _In_opt_z_ const char *value, _In_opt_z_ const char *val2",not_verified,https://github.com/signalwire/freeswitch/blob/ef32e205295e29f034f1453ad245ba5efb07b94a/src/include/switch_core.h#L988
switch_core_dump_variables,void,_In_ switch_stream_handle_t *stream,not_verified,https://github.com/signalwire/freeswitch/blob/ef32e205295e29f034f1453ad245ba5efb07b94a/src/include/switch_core.h#L990
switch_core_session_hupall,void,_In_ switch_call_cause_t cause,not_verified,https://github.com/signalwire/freeswitch/blob/ef32e205295e29f034f1453ad245ba5efb07b94a/src/include/switch_core.h#L996
switch_core_session_hupall_matching_var_ans,uint32_t,"_In_ const char *var_name, _In_ const char *var_val, _In_
																	 switch_call_cause_t cause, switch_hup_type_t type",not_verified,https://github.com/signalwire/freeswitch/blob/ef32e205295e29f034f1453ad245ba5efb07b94a/src/include/switch_core.h#L1010
switch_core_session_findall_matching_var,switch_console_callback_match_t *,"const char *var_name, const char *var_val",not_verified,https://github.com/signalwire/freeswitch/blob/ef32e205295e29f034f1453ad245ba5efb07b94a/src/include/switch_core.h#L1012
switch_core_session_findall,switch_console_callback_match_t *,void,not_verified,https://github.com/signalwire/freeswitch/blob/ef32e205295e29f034f1453ad245ba5efb07b94a/src/include/switch_core.h#L1014
switch_core_session_hupall_matching_vars_ans,uint32_t,"_In_ switch_event_t *vars, _In_
																	 switch_call_cause_t cause, switch_hup_type_t type",not_verified,https://github.com/signalwire/freeswitch/blob/ef32e205295e29f034f1453ad245ba5efb07b94a/src/include/switch_core.h#L1021
switch_core_session_hupall_endpoint,void,"const switch_endpoint_interface_t *endpoint_interface, switch_call_cause_t cause",not_verified,https://github.com/signalwire/freeswitch/blob/ef32e205295e29f034f1453ad245ba5efb07b94a/src/include/switch_core.h#L1030
switch_core_session_perform_get_partner,switch_status_t,"switch_core_session_t *session, switch_core_session_t **partner, const char *file, const char *func, int line",not_verified,https://github.com/signalwire/freeswitch/blob/ef32e205295e29f034f1453ad245ba5efb07b94a/src/include/switch_core.h#L1038
switch_core_session_message_send,switch_status_t,"_In_z_ const char *uuid_str, _In_ switch_core_session_message_t *message",not_verified,https://github.com/signalwire/freeswitch/blob/ef32e205295e29f034f1453ad245ba5efb07b94a/src/include/switch_core.h#L1049
switch_core_session_queue_message,switch_status_t,"_In_ switch_core_session_t *session, _In_ switch_core_session_message_t *message",not_verified,https://github.com/signalwire/freeswitch/blob/ef32e205295e29f034f1453ad245ba5efb07b94a/src/include/switch_core.h#L1057
switch_core_session_free_message,void,switch_core_session_message_t **message,not_verified,https://github.com/signalwire/freeswitch/blob/ef32e205295e29f034f1453ad245ba5efb07b94a/src/include/switch_core.h#L1059
switch_core_session_queue_signal_data,switch_status_t,"switch_core_session_t *session, void *signal_data",not_verified,https://github.com/signalwire/freeswitch/blob/ef32e205295e29f034f1453ad245ba5efb07b94a/src/include/switch_core.h#L1062
switch_core_session_dequeue_signal_data,switch_status_t,"switch_core_session_t *session, void **signal_data",not_verified,https://github.com/signalwire/freeswitch/blob/ef32e205295e29f034f1453ad245ba5efb07b94a/src/include/switch_core.h#L1063
switch_core_session_pass_indication,switch_status_t,"_In_ switch_core_session_t *session, _In_ switch_core_session_message_types_t indication",not_verified,https://github.com/signalwire/freeswitch/blob/ef32e205295e29f034f1453ad245ba5efb07b94a/src/include/switch_core.h#L1071
switch_core_session_queue_indication,switch_status_t,"_In_ switch_core_session_t *session, _In_ switch_core_session_message_types_t indication",not_verified,https://github.com/signalwire/freeswitch/blob/ef32e205295e29f034f1453ad245ba5efb07b94a/src/include/switch_core.h#L1080
switch_core_session_dequeue_message,switch_status_t,"_In_ switch_core_session_t *session, _Out_ switch_core_session_message_t **message",not_verified,https://github.com/signalwire/freeswitch/blob/ef32e205295e29f034f1453ad245ba5efb07b94a/src/include/switch_core.h#L1089
switch_core_session_flush_message,switch_status_t,_In_ switch_core_session_t *session,not_verified,https://github.com/signalwire/freeswitch/blob/ef32e205295e29f034f1453ad245ba5efb07b94a/src/include/switch_core.h#L1096
switch_core_session_event_send,switch_status_t,"_In_z_ const char *uuid_str, _Inout_ switch_event_t **event",not_verified,https://github.com/signalwire/freeswitch/blob/ef32e205295e29f034f1453ad245ba5efb07b94a/src/include/switch_core.h#L1104
switch_core_session_get_app_log,switch_app_log_t *,_In_ switch_core_session_t *session,not_verified,https://github.com/signalwire/freeswitch/blob/ef32e205295e29f034f1453ad245ba5efb07b94a/src/include/switch_core.h#L1106
switch_core_session_exec,switch_status_t,"_In_ switch_core_session_t *session, _In_ const switch_application_interface_t *application_interface, _In_opt_z_ const char *arg",not_verified,https://github.com/signalwire/freeswitch/blob/ef32e205295e29f034f1453ad245ba5efb07b94a/src/include/switch_core.h#L1116
switch_core_session_video_reset,void,switch_core_session_t *session,not_verified,https://github.com/signalwire/freeswitch/blob/ef32e205295e29f034f1453ad245ba5efb07b94a/src/include/switch_core.h#L1119
switch_core_session_execute_application_get_flags,switch_status_t,"_In_ switch_core_session_t *session, _In_ const char *app, _In_opt_z_ const char *arg, _Out_opt_ int32_t *flags",not_verified,https://github.com/signalwire/freeswitch/blob/ef32e205295e29f034f1453ad245ba5efb07b94a/src/include/switch_core.h#L1128
switch_core_session_execute_application_async,switch_status_t,"switch_core_session_t *session, const char *app, const char *arg",not_verified,https://github.com/signalwire/freeswitch/blob/ef32e205295e29f034f1453ad245ba5efb07b94a/src/include/switch_core.h#L1131
switch_core_session_get_app_flags,switch_status_t,"const char *app, int32_t *flags",not_verified,https://github.com/signalwire/freeswitch/blob/ef32e205295e29f034f1453ad245ba5efb07b94a/src/include/switch_core.h#L1133
switch_core_session_stack_count,uint32_t,"switch_core_session_t *session, int x",not_verified,https://github.com/signalwire/freeswitch/blob/ef32e205295e29f034f1453ad245ba5efb07b94a/src/include/switch_core.h#L1144
switch_core_session_execute_exten,switch_status_t,"_In_ switch_core_session_t *session, _In_z_ const char *exten, _In_opt_z_ const char *dialplan, _In_opt_z_ const char *context",not_verified,https://github.com/signalwire/freeswitch/blob/ef32e205295e29f034f1453ad245ba5efb07b94a/src/include/switch_core.h#L1155
switch_core_session_receive_event,switch_status_t,"_In_ switch_core_session_t *session, _Inout_ switch_event_t **event",not_verified,https://github.com/signalwire/freeswitch/blob/ef32e205295e29f034f1453ad245ba5efb07b94a/src/include/switch_core.h#L1165
switch_core_session_get_private_class,void *,"_In_ switch_core_session_t *session, _In_ switch_pvt_class_t index",not_verified,https://github.com/signalwire/freeswitch/blob/ef32e205295e29f034f1453ad245ba5efb07b94a/src/include/switch_core.h#L1172
switch_core_session_set_private_class,switch_status_t,"_In_ switch_core_session_t *session, _In_ void *private_info, _In_ switch_pvt_class_t index",not_verified,https://github.com/signalwire/freeswitch/blob/ef32e205295e29f034f1453ad245ba5efb07b94a/src/include/switch_core.h#L1181
switch_core_session_add_stream,int,"_In_ switch_core_session_t *session, _In_opt_ void *private_info",not_verified,https://github.com/signalwire/freeswitch/blob/ef32e205295e29f034f1453ad245ba5efb07b94a/src/include/switch_core.h#L1190
switch_core_session_get_stream,void *,"_In_ switch_core_session_t *session, _In_ int index",not_verified,https://github.com/signalwire/freeswitch/blob/ef32e205295e29f034f1453ad245ba5efb07b94a/src/include/switch_core.h#L1198
switch_core_session_get_stream_count,int,_In_ switch_core_session_t *session,not_verified,https://github.com/signalwire/freeswitch/blob/ef32e205295e29f034f1453ad245ba5efb07b94a/src/include/switch_core.h#L1205
switch_core_session_get_text_buffer,const char *,switch_core_session_t *session,not_verified,https://github.com/signalwire/freeswitch/blob/ef32e205295e29f034f1453ad245ba5efb07b94a/src/include/switch_core.h#L1207
switch_core_session_launch_thread,void,"_In_ switch_core_session_t *session, _In_ void *(*func) (switch_thread_t *, void *), _In_opt_ void *obj",not_verified,https://github.com/signalwire/freeswitch/blob/ef32e205295e29f034f1453ad245ba5efb07b94a/src/include/switch_core.h#L1215
switch_core_thread_session_end,void,_In_ switch_core_session_t *session,not_verified,https://github.com/signalwire/freeswitch/blob/ef32e205295e29f034f1453ad245ba5efb07b94a/src/include/switch_core.h#L1222
switch_core_service_session_av,void,"_In_ switch_core_session_t *session, switch_bool_t audio, switch_bool_t video",not_verified,https://github.com/signalwire/freeswitch/blob/ef32e205295e29f034f1453ad245ba5efb07b94a/src/include/switch_core.h#L1228
switch_core_session_outgoing_channel,switch_call_cause_t,"_In_opt_ switch_core_session_t *session, _In_opt_ switch_event_t *var_event, _In_z_ const char *endpoint_name, _In_ switch_caller_profile_t *caller_profile, _Inout_ switch_core_session_t **new_session, _Inout_ switch_memory_pool_t **pool, _In_ switch_originate_flag_t flags, switch_call_cause_t *cancel_cause",not_verified,https://github.com/signalwire/freeswitch/blob/ef32e205295e29f034f1453ad245ba5efb07b94a/src/include/switch_core.h#L1243
switch_core_session_perform_receive_message,switch_status_t,"_In_ switch_core_session_t *session, _In_ switch_core_session_message_t *message, const char *file, const char *func, int line",not_verified,https://github.com/signalwire/freeswitch/blob/ef32e205295e29f034f1453ad245ba5efb07b94a/src/include/switch_core.h#L1257
switch_core_session_queue_event,switch_status_t,"_In_ switch_core_session_t *session, _Inout_ switch_event_t **event",not_verified,https://github.com/signalwire/freeswitch/blob/ef32e205295e29f034f1453ad245ba5efb07b94a/src/include/switch_core.h#L1269
switch_core_session_event_count,uint32_t,_In_ switch_core_session_t *session,not_verified,https://github.com/signalwire/freeswitch/blob/ef32e205295e29f034f1453ad245ba5efb07b94a/src/include/switch_core.h#L1277
switch_core_session_messages_waiting,uint32_t,switch_core_session_t *session,not_verified,https://github.com/signalwire/freeswitch/blob/ef32e205295e29f034f1453ad245ba5efb07b94a/src/include/switch_core.h#L1282
switch_core_session_dequeue_event,switch_status_t,"_In_ switch_core_session_t *session, _Out_ switch_event_t **event, switch_bool_t force",not_verified,https://github.com/signalwire/freeswitch/blob/ef32e205295e29f034f1453ad245ba5efb07b94a/src/include/switch_core.h#L1291
switch_core_session_queue_private_event,switch_status_t,"_In_ switch_core_session_t *session, _Inout_ switch_event_t **event, switch_bool_t priority",not_verified,https://github.com/signalwire/freeswitch/blob/ef32e205295e29f034f1453ad245ba5efb07b94a/src/include/switch_core.h#L1300
switch_core_session_private_event_count,uint32_t,_In_ switch_core_session_t *session,not_verified,https://github.com/signalwire/freeswitch/blob/ef32e205295e29f034f1453ad245ba5efb07b94a/src/include/switch_core.h#L1309
switch_core_session_dequeue_private_event,switch_status_t,"_In_ switch_core_session_t *session, _Out_ switch_event_t **event",not_verified,https://github.com/signalwire/freeswitch/blob/ef32e205295e29f034f1453ad245ba5efb07b94a/src/include/switch_core.h#L1317
switch_core_session_flush_private_events,uint32_t,switch_core_session_t *session,not_verified,https://github.com/signalwire/freeswitch/blob/ef32e205295e29f034f1453ad245ba5efb07b94a/src/include/switch_core.h#L1325
switch_core_session_read_frame,switch_status_t,"_In_ switch_core_session_t *session, switch_frame_t **frame, switch_io_flag_t flags, int stream_id",not_verified,https://github.com/signalwire/freeswitch/blob/ef32e205295e29f034f1453ad245ba5efb07b94a/src/include/switch_core.h#L1336
switch_core_session_transcoding,switch_bool_t,"switch_core_session_t *session_a, switch_core_session_t *session_b, switch_media_type_t type",not_verified,https://github.com/signalwire/freeswitch/blob/ef32e205295e29f034f1453ad245ba5efb07b94a/src/include/switch_core.h#L1339
switch_core_session_passthru,void,"switch_core_session_t *session, switch_media_type_t type, switch_bool_t on",not_verified,https://github.com/signalwire/freeswitch/blob/ef32e205295e29f034f1453ad245ba5efb07b94a/src/include/switch_core.h#L1340
switch_core_session_read_video_frame,switch_status_t,"_In_ switch_core_session_t *session, switch_frame_t **frame, switch_io_flag_t flags, int stream_id",not_verified,https://github.com/signalwire/freeswitch/blob/ef32e205295e29f034f1453ad245ba5efb07b94a/src/include/switch_core.h#L1350
switch_core_session_write_video_frame,switch_status_t,"_In_ switch_core_session_t *session, switch_frame_t *frame, switch_io_flag_t flags, int stream_id",not_verified,https://github.com/signalwire/freeswitch/blob/ef32e205295e29f034f1453ad245ba5efb07b94a/src/include/switch_core.h#L1360
switch_core_session_write_encoded_video_frame,switch_status_t,"switch_core_session_t *session, switch_frame_t *frame, switch_io_flag_t flags, int stream_id",not_verified,https://github.com/signalwire/freeswitch/blob/ef32e205295e29f034f1453ad245ba5efb07b94a/src/include/switch_core.h#L1363
switch_core_session_set_read_impl,switch_status_t,"switch_core_session_t *session, const switch_codec_implementation_t *impp",not_verified,https://github.com/signalwire/freeswitch/blob/ef32e205295e29f034f1453ad245ba5efb07b94a/src/include/switch_core.h#L1366
switch_core_session_set_write_impl,switch_status_t,"switch_core_session_t *session, const switch_codec_implementation_t *impp",not_verified,https://github.com/signalwire/freeswitch/blob/ef32e205295e29f034f1453ad245ba5efb07b94a/src/include/switch_core.h#L1367
switch_core_session_set_video_read_impl,switch_status_t,"switch_core_session_t *session, const switch_codec_implementation_t *impp",not_verified,https://github.com/signalwire/freeswitch/blob/ef32e205295e29f034f1453ad245ba5efb07b94a/src/include/switch_core.h#L1368
switch_core_session_set_video_write_impl,switch_status_t,"switch_core_session_t *session, const switch_codec_implementation_t *impp",not_verified,https://github.com/signalwire/freeswitch/blob/ef32e205295e29f034f1453ad245ba5efb07b94a/src/include/switch_core.h#L1369
switch_core_session_reset,void,"_In_ switch_core_session_t *session, switch_bool_t flush_dtmf, switch_bool_t reset_read_codec",not_verified,https://github.com/signalwire/freeswitch/blob/ef32e205295e29f034f1453ad245ba5efb07b94a/src/include/switch_core.h#L1376
switch_core_session_try_reset,switch_status_t,"switch_core_session_t* session, switch_bool_t flush_dtmf, switch_bool_t reset_read_codec",not_verified,https://github.com/signalwire/freeswitch/blob/ef32e205295e29f034f1453ad245ba5efb07b94a/src/include/switch_core.h#L1384
switch_core_session_write_frame,switch_status_t,"_In_ switch_core_session_t *session, switch_frame_t *frame, switch_io_flag_t flags, int stream_id",not_verified,https://github.com/signalwire/freeswitch/blob/ef32e205295e29f034f1453ad245ba5efb07b94a/src/include/switch_core.h#L1394
switch_core_session_perform_kill_channel,switch_status_t,"_In_ switch_core_session_t *session, const char *file, const char *func, int line, switch_signal_t sig",not_verified,https://github.com/signalwire/freeswitch/blob/ef32e205295e29f034f1453ad245ba5efb07b94a/src/include/switch_core.h#L1398
switch_core_session_send_dtmf,switch_status_t,"_In_ switch_core_session_t *session, const switch_dtmf_t *dtmf",not_verified,https://github.com/signalwire/freeswitch/blob/ef32e205295e29f034f1453ad245ba5efb07b94a/src/include/switch_core.h#L1414
switch_core_session_send_dtmf_string,switch_status_t,"switch_core_session_t *session, const char *dtmf_string",not_verified,https://github.com/signalwire/freeswitch/blob/ef32e205295e29f034f1453ad245ba5efb07b94a/src/include/switch_core.h#L1421
switch_core_session_recv_dtmf,switch_status_t,"_In_ switch_core_session_t *session, const switch_dtmf_t *dtmf",not_verified,https://github.com/signalwire/freeswitch/blob/ef32e205295e29f034f1453ad245ba5efb07b94a/src/include/switch_core.h#L1429
switch_core_hash_init_case,switch_status_t,"_Out_ switch_hash_t **hash, switch_bool_t case_sensitive",not_verified,https://github.com/signalwire/freeswitch/blob/ef32e205295e29f034f1453ad245ba5efb07b94a/src/include/switch_core.h#L1443
switch_core_hash_destroy,switch_status_t,_Inout_ switch_hash_t **hash,not_verified,https://github.com/signalwire/freeswitch/blob/ef32e205295e29f034f1453ad245ba5efb07b94a/src/include/switch_core.h#L1453
switch_core_hash_insert_pointer,switch_status_t,"switch_hash_t *hash, const void *data",not_verified,https://github.com/signalwire/freeswitch/blob/ef32e205295e29f034f1453ad245ba5efb07b94a/src/include/switch_core.h#L1461
switch_core_hash_insert_auto_free,switch_status_t,"switch_hash_t *hash, const char *key, const void *data",not_verified,https://github.com/signalwire/freeswitch/blob/ef32e205295e29f034f1453ad245ba5efb07b94a/src/include/switch_core.h#L1471
switch_core_hash_insert_dup_auto_free,switch_status_t,"switch_hash_t *hash, const char *key, const char *str",not_verified,https://github.com/signalwire/freeswitch/blob/ef32e205295e29f034f1453ad245ba5efb07b94a/src/include/switch_core.h#L1481
switch_core_hash_insert_destructor,switch_status_t,"_In_ switch_hash_t *hash, _In_z_ const char *key, _In_opt_ const void *data, hashtable_destructor_t destructor",not_verified,https://github.com/signalwire/freeswitch/blob/ef32e205295e29f034f1453ad245ba5efb07b94a/src/include/switch_core.h#L1491
switch_core_hash_insert_alloc_destructor,void *,"_In_ switch_hash_t *hash, _In_z_ const char *key, _In_opt_ size_t size, hashtable_destructor_t destructor",not_verified,https://github.com/signalwire/freeswitch/blob/ef32e205295e29f034f1453ad245ba5efb07b94a/src/include/switch_core.h#L1502
switch_core_hash_insert_dup_destructor,switch_status_t,"_In_ switch_hash_t *hash, _In_z_ const char *key, _In_opt_ const char *str, hashtable_destructor_t destructor",not_verified,https://github.com/signalwire/freeswitch/blob/ef32e205295e29f034f1453ad245ba5efb07b94a/src/include/switch_core.h#L1513
switch_core_hash_insert_locked,switch_status_t,"_In_ switch_hash_t *hash, _In_z_ const char *key, _In_opt_ const void *data, _In_opt_ switch_mutex_t *mutex",not_verified,https://github.com/signalwire/freeswitch/blob/ef32e205295e29f034f1453ad245ba5efb07b94a/src/include/switch_core.h#L1526
switch_core_hash_insert_wrlock,switch_status_t,"switch_hash_t *hash, const char *key, const void *data, switch_thread_rwlock_t *rwlock",not_verified,https://github.com/signalwire/freeswitch/blob/ef32e205295e29f034f1453ad245ba5efb07b94a/src/include/switch_core.h#L1535
switch_core_hash_delete,void *,"_In_ switch_hash_t *hash, _In_z_ const char *key",not_verified,https://github.com/signalwire/freeswitch/blob/ef32e205295e29f034f1453ad245ba5efb07b94a/src/include/switch_core.h#L1543
switch_core_hash_delete_locked,void *,"_In_ switch_hash_t *hash, _In_z_ const char *key, _In_opt_ switch_mutex_t *mutex",not_verified,https://github.com/signalwire/freeswitch/blob/ef32e205295e29f034f1453ad245ba5efb07b94a/src/include/switch_core.h#L1552
switch_core_hash_delete_wrlock,void *,"_In_ switch_hash_t *hash, _In_z_ const char *key, _In_opt_ switch_thread_rwlock_t *rwlock",not_verified,https://github.com/signalwire/freeswitch/blob/ef32e205295e29f034f1453ad245ba5efb07b94a/src/include/switch_core.h#L1561
switch_core_hash_delete_multi,switch_status_t,"_In_ switch_hash_t *hash, _In_ switch_hash_delete_callback_t callback, _In_opt_ void *pData",not_verified,https://github.com/signalwire/freeswitch/blob/ef32e205295e29f034f1453ad245ba5efb07b94a/src/include/switch_core.h#L1569
switch_core_hash_find,void *,"_In_ switch_hash_t *hash, _In_z_ const char *key",not_verified,https://github.com/signalwire/freeswitch/blob/ef32e205295e29f034f1453ad245ba5efb07b94a/src/include/switch_core.h#L1577
switch_core_hash_find_locked,void *,"_In_ switch_hash_t *hash, _In_z_ const char *key, _In_ switch_mutex_t *mutex",not_verified,https://github.com/signalwire/freeswitch/blob/ef32e205295e29f034f1453ad245ba5efb07b94a/src/include/switch_core.h#L1587
switch_core_hash_find_rdlock,void *,"_In_ switch_hash_t *hash, _In_z_ const char *key, _In_ switch_thread_rwlock_t *rwlock",not_verified,https://github.com/signalwire/freeswitch/blob/ef32e205295e29f034f1453ad245ba5efb07b94a/src/include/switch_core.h#L1596
switch_core_hash_first_iter,switch_hash_index_t *,"_In_ switch_hash_t *hash, switch_hash_index_t *hi",not_verified,https://github.com/signalwire/freeswitch/blob/ef32e205295e29f034f1453ad245ba5efb07b94a/src/include/switch_core.h#L1604
switch_core_hash_empty,switch_bool_t,switch_hash_t *hash,not_verified,https://github.com/signalwire/freeswitch/blob/ef32e205295e29f034f1453ad245ba5efb07b94a/src/include/switch_core.h#L1612
switch_core_hash_next,switch_hash_index_t *,_In_ switch_hash_index_t **hi,not_verified,https://github.com/signalwire/freeswitch/blob/ef32e205295e29f034f1453ad245ba5efb07b94a/src/include/switch_core.h#L1619
switch_core_hash_this,void,"_In_ switch_hash_index_t *hi, _Out_opt_ptrdiff_cap_(klen)
									  const void **key, _Out_opt_ switch_ssize_t *klen, _Out_ void **val",not_verified,https://github.com/signalwire/freeswitch/blob/ef32e205295e29f034f1453ad245ba5efb07b94a/src/include/switch_core.h#L1628
switch_core_hash_this_val,void,"switch_hash_index_t *hi, void *val",not_verified,https://github.com/signalwire/freeswitch/blob/ef32e205295e29f034f1453ad245ba5efb07b94a/src/include/switch_core.h#L1631
switch_core_inthash_init,switch_status_t,switch_inthash_t **hash,not_verified,https://github.com/signalwire/freeswitch/blob/ef32e205295e29f034f1453ad245ba5efb07b94a/src/include/switch_core.h#L1633
switch_core_inthash_destroy,switch_status_t,switch_inthash_t **hash,not_verified,https://github.com/signalwire/freeswitch/blob/ef32e205295e29f034f1453ad245ba5efb07b94a/src/include/switch_core.h#L1634
switch_core_inthash_insert,switch_status_t,"switch_inthash_t *hash, uint32_t key, const void *data",not_verified,https://github.com/signalwire/freeswitch/blob/ef32e205295e29f034f1453ad245ba5efb07b94a/src/include/switch_core.h#L1635
switch_core_inthash_delete,void *,"switch_inthash_t *hash, uint32_t key",not_verified,https://github.com/signalwire/freeswitch/blob/ef32e205295e29f034f1453ad245ba5efb07b94a/src/include/switch_core.h#L1636
switch_core_inthash_find,void *,"switch_inthash_t *hash, uint32_t key",not_verified,https://github.com/signalwire/freeswitch/blob/ef32e205295e29f034f1453ad245ba5efb07b94a/src/include/switch_core.h#L1637
switch_core_timer_init,switch_status_t,"switch_timer_t *timer, const char *timer_name, int interval, int samples, switch_memory_pool_t *pool",not_verified,https://github.com/signalwire/freeswitch/blob/ef32e205295e29f034f1453ad245ba5efb07b94a/src/include/switch_core.h#L1653
switch_time_calibrate_clock,void,void,not_verified,https://github.com/signalwire/freeswitch/blob/ef32e205295e29f034f1453ad245ba5efb07b94a/src/include/switch_core.h#L1656
switch_core_timer_next,switch_status_t,switch_timer_t *timer,not_verified,https://github.com/signalwire/freeswitch/blob/ef32e205295e29f034f1453ad245ba5efb07b94a/src/include/switch_core.h#L1663
switch_core_timer_step,switch_status_t,switch_timer_t *timer,not_verified,https://github.com/signalwire/freeswitch/blob/ef32e205295e29f034f1453ad245ba5efb07b94a/src/include/switch_core.h#L1670
switch_core_timer_sync,switch_status_t,switch_timer_t *timer,not_verified,https://github.com/signalwire/freeswitch/blob/ef32e205295e29f034f1453ad245ba5efb07b94a/src/include/switch_core.h#L1672
switch_core_timer_check,switch_status_t,"switch_timer_t *timer, switch_bool_t step",not_verified,https://github.com/signalwire/freeswitch/blob/ef32e205295e29f034f1453ad245ba5efb07b94a/src/include/switch_core.h#L1680
switch_core_timer_destroy,switch_status_t,switch_timer_t *timer,not_verified,https://github.com/signalwire/freeswitch/blob/ef32e205295e29f034f1453ad245ba5efb07b94a/src/include/switch_core.h#L1687
switch_core_codec_init_with_bitrate,switch_status_t,"switch_codec_t *codec, const char *codec_name, const char *fmtp, const char *modname, uint32_t rate, int ms, int channels, uint32_t bitrate, uint32_t flags, const switch_codec_settings_t *codec_settings, switch_memory_pool_t *pool",not_verified,https://github.com/signalwire/freeswitch/blob/ef32e205295e29f034f1453ad245ba5efb07b94a/src/include/switch_core.h#L1708
switch_core_codec_copy,switch_status_t,"switch_codec_t *codec, switch_codec_t *new_codec, const switch_codec_settings_t *codec_settings, switch_memory_pool_t *pool",not_verified,https://github.com/signalwire/freeswitch/blob/ef32e205295e29f034f1453ad245ba5efb07b94a/src/include/switch_core.h#L1720
switch_core_codec_parse_fmtp,switch_status_t,"const char *codec_name, const char *fmtp, uint32_t rate, switch_codec_fmtp_t *codec_fmtp",not_verified,https://github.com/signalwire/freeswitch/blob/ef32e205295e29f034f1453ad245ba5efb07b94a/src/include/switch_core.h#L1722
switch_core_codec_reset,switch_status_t,switch_codec_t *codec,not_verified,https://github.com/signalwire/freeswitch/blob/ef32e205295e29f034f1453ad245ba5efb07b94a/src/include/switch_core.h#L1723
switch_core_codec_encode,switch_status_t,"switch_codec_t *codec, switch_codec_t *other_codec, void *decoded_data, uint32_t decoded_data_len, uint32_t decoded_rate, void *encoded_data, uint32_t *encoded_data_len, uint32_t *encoded_rate, unsigned int *flag",not_verified,https://github.com/signalwire/freeswitch/blob/ef32e205295e29f034f1453ad245ba5efb07b94a/src/include/switch_core.h#L1739
switch_core_codec_decode,switch_status_t,"switch_codec_t *codec, switch_codec_t *other_codec, void *encoded_data, uint32_t encoded_data_len, uint32_t encoded_rate, void *decoded_data, uint32_t *decoded_data_len, uint32_t *decoded_rate, unsigned int *flag",not_verified,https://github.com/signalwire/freeswitch/blob/ef32e205295e29f034f1453ad245ba5efb07b94a/src/include/switch_core.h#L1760
switch_core_codec_encode_video,switch_status_t,"switch_codec_t *codec, switch_frame_t *frame",not_verified,https://github.com/signalwire/freeswitch/blob/ef32e205295e29f034f1453ad245ba5efb07b94a/src/include/switch_core.h#L1772
switch_core_codec_control,switch_status_t,"switch_codec_t *codec, switch_codec_control_command_t cmd, switch_codec_control_type_t ctype, void *cmd_data, switch_codec_control_type_t atype, void *cmd_arg, switch_codec_control_type_t *rtype, void **ret_data",not_verified,https://github.com/signalwire/freeswitch/blob/ef32e205295e29f034f1453ad245ba5efb07b94a/src/include/switch_core.h#L1787
switch_core_codec_decode_video,switch_status_t,"switch_codec_t *codec, switch_frame_t *frame",not_verified,https://github.com/signalwire/freeswitch/blob/ef32e205295e29f034f1453ad245ba5efb07b94a/src/include/switch_core.h#L1804
switch_core_codec_destroy,switch_status_t,switch_codec_t *codec,not_verified,https://github.com/signalwire/freeswitch/blob/ef32e205295e29f034f1453ad245ba5efb07b94a/src/include/switch_core.h#L1811
switch_core_session_set_read_codec,switch_status_t,"_In_ switch_core_session_t *session, switch_codec_t *codec",not_verified,https://github.com/signalwire/freeswitch/blob/ef32e205295e29f034f1453ad245ba5efb07b94a/src/include/switch_core.h#L1819
switch_core_session_set_real_read_codec,switch_status_t,"_In_ switch_core_session_t *session, switch_codec_t *codec",not_verified,https://github.com/signalwire/freeswitch/blob/ef32e205295e29f034f1453ad245ba5efb07b94a/src/include/switch_core.h#L1827
switch_core_session_unset_read_codec,void,_In_ switch_core_session_t *session,not_verified,https://github.com/signalwire/freeswitch/blob/ef32e205295e29f034f1453ad245ba5efb07b94a/src/include/switch_core.h#L1829
switch_core_session_unset_write_codec,void,_In_ switch_core_session_t *session,not_verified,https://github.com/signalwire/freeswitch/blob/ef32e205295e29f034f1453ad245ba5efb07b94a/src/include/switch_core.h#L1830
switch_core_session_lock_codec_write,void,_In_ switch_core_session_t *session,not_verified,https://github.com/signalwire/freeswitch/blob/ef32e205295e29f034f1453ad245ba5efb07b94a/src/include/switch_core.h#L1833
switch_core_session_unlock_codec_write,void,_In_ switch_core_session_t *session,not_verified,https://github.com/signalwire/freeswitch/blob/ef32e205295e29f034f1453ad245ba5efb07b94a/src/include/switch_core.h#L1834
switch_core_session_lock_codec_read,void,_In_ switch_core_session_t *session,not_verified,https://github.com/signalwire/freeswitch/blob/ef32e205295e29f034f1453ad245ba5efb07b94a/src/include/switch_core.h#L1835
switch_core_session_unlock_codec_read,void,_In_ switch_core_session_t *session,not_verified,https://github.com/signalwire/freeswitch/blob/ef32e205295e29f034f1453ad245ba5efb07b94a/src/include/switch_core.h#L1836
switch_core_codec_lock_full,void,switch_core_session_t *session,not_verified,https://github.com/signalwire/freeswitch/blob/ef32e205295e29f034f1453ad245ba5efb07b94a/src/include/switch_core.h#L1842
switch_core_codec_unlock_full,void,switch_core_session_t *session,not_verified,https://github.com/signalwire/freeswitch/blob/ef32e205295e29f034f1453ad245ba5efb07b94a/src/include/switch_core.h#L1848
switch_core_session_get_read_impl,switch_status_t,"switch_core_session_t *session, switch_codec_implementation_t *impp",not_verified,https://github.com/signalwire/freeswitch/blob/ef32e205295e29f034f1453ad245ba5efb07b94a/src/include/switch_core.h#L1850
switch_core_session_get_real_read_impl,switch_status_t,"switch_core_session_t *session, switch_codec_implementation_t *impp",not_verified,https://github.com/signalwire/freeswitch/blob/ef32e205295e29f034f1453ad245ba5efb07b94a/src/include/switch_core.h#L1851
switch_core_session_get_write_impl,switch_status_t,"switch_core_session_t *session, switch_codec_implementation_t *impp",not_verified,https://github.com/signalwire/freeswitch/blob/ef32e205295e29f034f1453ad245ba5efb07b94a/src/include/switch_core.h#L1852
switch_core_session_get_video_read_impl,switch_status_t,"switch_core_session_t *session, switch_codec_implementation_t *impp",not_verified,https://github.com/signalwire/freeswitch/blob/ef32e205295e29f034f1453ad245ba5efb07b94a/src/include/switch_core.h#L1853
switch_core_session_get_video_write_impl,switch_status_t,"switch_core_session_t *session, switch_codec_implementation_t *impp",not_verified,https://github.com/signalwire/freeswitch/blob/ef32e205295e29f034f1453ad245ba5efb07b94a/src/include/switch_core.h#L1854
switch_core_session_get_read_codec,switch_codec_t *,_In_ switch_core_session_t *session,not_verified,https://github.com/signalwire/freeswitch/blob/ef32e205295e29f034f1453ad245ba5efb07b94a/src/include/switch_core.h#L1862
switch_core_session_get_effective_read_codec,switch_codec_t *,_In_ switch_core_session_t *session,not_verified,https://github.com/signalwire/freeswitch/blob/ef32e205295e29f034f1453ad245ba5efb07b94a/src/include/switch_core.h#L1869
switch_core_session_set_write_codec,switch_status_t,"_In_ switch_core_session_t *session, switch_codec_t *codec",not_verified,https://github.com/signalwire/freeswitch/blob/ef32e205295e29f034f1453ad245ba5efb07b94a/src/include/switch_core.h#L1877
switch_core_session_get_write_codec,switch_codec_t *,_In_ switch_core_session_t *session,not_verified,https://github.com/signalwire/freeswitch/blob/ef32e205295e29f034f1453ad245ba5efb07b94a/src/include/switch_core.h#L1884
switch_core_session_get_effective_write_codec,switch_codec_t *,_In_ switch_core_session_t *session,not_verified,https://github.com/signalwire/freeswitch/blob/ef32e205295e29f034f1453ad245ba5efb07b94a/src/include/switch_core.h#L1891
switch_core_session_set_video_read_codec,switch_status_t,"_In_ switch_core_session_t *session, switch_codec_t *codec",not_verified,https://github.com/signalwire/freeswitch/blob/ef32e205295e29f034f1453ad245ba5efb07b94a/src/include/switch_core.h#L1899
switch_core_session_get_video_read_codec,switch_codec_t *,_In_ switch_core_session_t *session,not_verified,https://github.com/signalwire/freeswitch/blob/ef32e205295e29f034f1453ad245ba5efb07b94a/src/include/switch_core.h#L1906
switch_core_session_set_video_write_codec,switch_status_t,"_In_ switch_core_session_t *session, switch_codec_t *codec",not_verified,https://github.com/signalwire/freeswitch/blob/ef32e205295e29f034f1453ad245ba5efb07b94a/src/include/switch_core.h#L1914
switch_core_session_get_video_write_codec,switch_codec_t *,_In_ switch_core_session_t *session,not_verified,https://github.com/signalwire/freeswitch/blob/ef32e205295e29f034f1453ad245ba5efb07b94a/src/include/switch_core.h#L1921
switch_core_db_open_file,switch_core_db_t *,const char *filename,not_verified,https://github.com/signalwire/freeswitch/blob/ef32e205295e29f034f1453ad245ba5efb07b94a/src/include/switch_core.h#L1932
switch_core_db_open_in_memory,switch_core_db_t *,const char *uri,not_verified,https://github.com/signalwire/freeswitch/blob/ef32e205295e29f034f1453ad245ba5efb07b94a/src/include/switch_core.h#L1939
switch_core_db_persistant_execute,switch_status_t,"switch_core_db_t *db, char *sql, uint32_t retries",not_verified,https://github.com/signalwire/freeswitch/blob/ef32e205295e29f034f1453ad245ba5efb07b94a/src/include/switch_core.h#L1949
switch_core_db_persistant_execute_trans,switch_status_t,"switch_core_db_t *db, char *sql, uint32_t retries",not_verified,https://github.com/signalwire/freeswitch/blob/ef32e205295e29f034f1453ad245ba5efb07b94a/src/include/switch_core.h#L1950
switch_core_db_persistant_execute_trans,switch_status_t,"switch_core_db_t *db, char *sql, uint32_t retries",not_verified,https://github.com/signalwire/freeswitch/blob/ef32e205295e29f034f1453ad245ba5efb07b94a/src/include/switch_core.h#L1951
switch_core_db_test_reactive,void,"switch_core_db_t *db, char *test_sql, char *drop_sql, char *reactive_sql",not_verified,https://github.com/signalwire/freeswitch/blob/ef32e205295e29f034f1453ad245ba5efb07b94a/src/include/switch_core.h#L1962
switch_core_perform_file_open,switch_status_t,"const char *file, const char *func, int line, _In_ switch_file_handle_t *fh, _In_opt_z_ const char *file_path, _In_ uint32_t channels, _In_ uint32_t rate, _In_ unsigned int flags, _In_opt_ switch_memory_pool_t *pool",not_verified,https://github.com/signalwire/freeswitch/blob/ef32e205295e29f034f1453ad245ba5efb07b94a/src/include/switch_core.h#L1970
switch_core_file_read,switch_status_t,"_In_ switch_file_handle_t *fh, void *data, switch_size_t *len",not_verified,https://github.com/signalwire/freeswitch/blob/ef32e205295e29f034f1453ad245ba5efb07b94a/src/include/switch_core.h#L1997
switch_core_file_write,switch_status_t,"_In_ switch_file_handle_t *fh, void *data, switch_size_t *len",not_verified,https://github.com/signalwire/freeswitch/blob/ef32e205295e29f034f1453ad245ba5efb07b94a/src/include/switch_core.h#L2006
switch_core_file_write_video,switch_status_t,"_In_ switch_file_handle_t *fh, switch_frame_t *frame",not_verified,https://github.com/signalwire/freeswitch/blob/ef32e205295e29f034f1453ad245ba5efb07b94a/src/include/switch_core.h#L2015
switch_core_file_read_video,switch_status_t,"switch_file_handle_t *fh, switch_frame_t *frame, switch_video_read_flag_t flags",not_verified,https://github.com/signalwire/freeswitch/blob/ef32e205295e29f034f1453ad245ba5efb07b94a/src/include/switch_core.h#L2016
switch_core_file_seek,switch_status_t,"_In_ switch_file_handle_t *fh, unsigned int *cur_pos, int64_t samples, int whence",not_verified,https://github.com/signalwire/freeswitch/blob/ef32e205295e29f034f1453ad245ba5efb07b94a/src/include/switch_core.h#L2026
switch_core_file_set_string,switch_status_t,"_In_ switch_file_handle_t *fh, switch_audio_col_t col, const char *string",not_verified,https://github.com/signalwire/freeswitch/blob/ef32e205295e29f034f1453ad245ba5efb07b94a/src/include/switch_core.h#L2035
switch_core_file_get_string,switch_status_t,"_In_ switch_file_handle_t *fh, switch_audio_col_t col, const char **string",not_verified,https://github.com/signalwire/freeswitch/blob/ef32e205295e29f034f1453ad245ba5efb07b94a/src/include/switch_core.h#L2044
switch_core_file_pre_close,switch_status_t,_In_ switch_file_handle_t *fh,not_verified,https://github.com/signalwire/freeswitch/blob/ef32e205295e29f034f1453ad245ba5efb07b94a/src/include/switch_core.h#L2051
switch_core_file_handle_dup,switch_status_t,"switch_file_handle_t *oldfh, switch_file_handle_t **newfh, switch_memory_pool_t *pool",not_verified,https://github.com/signalwire/freeswitch/blob/ef32e205295e29f034f1453ad245ba5efb07b94a/src/include/switch_core.h#L2061
switch_core_file_close,switch_status_t,_In_ switch_file_handle_t *fh,not_verified,https://github.com/signalwire/freeswitch/blob/ef32e205295e29f034f1453ad245ba5efb07b94a/src/include/switch_core.h#L2068
switch_core_file_command,switch_status_t,"switch_file_handle_t *fh, switch_file_command_t command",not_verified,https://github.com/signalwire/freeswitch/blob/ef32e205295e29f034f1453ad245ba5efb07b94a/src/include/switch_core.h#L2070
switch_core_file_truncate,switch_status_t,"switch_file_handle_t *fh, int64_t offset",not_verified,https://github.com/signalwire/freeswitch/blob/ef32e205295e29f034f1453ad245ba5efb07b94a/src/include/switch_core.h#L2072
switch_core_file_has_video,switch_bool_t,"switch_file_handle_t *fh, switch_bool_t CHECK_OPEN",not_verified,https://github.com/signalwire/freeswitch/blob/ef32e205295e29f034f1453ad245ba5efb07b94a/src/include/switch_core.h#L2073
switch_core_speech_open,switch_status_t,"_In_ switch_speech_handle_t *sh, const char *module_name, const char *voice_name, _In_ unsigned int rate, _In_ unsigned int interval, _In_ unsigned int channels, switch_speech_flag_t *flags, _In_opt_ switch_memory_pool_t *pool",not_verified,https://github.com/signalwire/freeswitch/blob/ef32e205295e29f034f1453ad245ba5efb07b94a/src/include/switch_core.h#L2092
switch_core_speech_feed_tts,switch_status_t,"switch_speech_handle_t *sh, const char *text, switch_speech_flag_t *flags",not_verified,https://github.com/signalwire/freeswitch/blob/ef32e205295e29f034f1453ad245ba5efb07b94a/src/include/switch_core.h#L2106
switch_core_speech_flush_tts,void,switch_speech_handle_t *sh,not_verified,https://github.com/signalwire/freeswitch/blob/ef32e205295e29f034f1453ad245ba5efb07b94a/src/include/switch_core.h#L2112
switch_core_speech_text_param_tts,void,"switch_speech_handle_t *sh, char *param, const char *val",not_verified,https://github.com/signalwire/freeswitch/blob/ef32e205295e29f034f1453ad245ba5efb07b94a/src/include/switch_core.h#L2120
switch_core_speech_numeric_param_tts,void,"switch_speech_handle_t *sh, char *param, int val",not_verified,https://github.com/signalwire/freeswitch/blob/ef32e205295e29f034f1453ad245ba5efb07b94a/src/include/switch_core.h#L2128
switch_core_speech_float_param_tts,void,"switch_speech_handle_t *sh, char *param, double val",not_verified,https://github.com/signalwire/freeswitch/blob/ef32e205295e29f034f1453ad245ba5efb07b94a/src/include/switch_core.h#L2136
switch_core_speech_read_tts,switch_status_t,"switch_speech_handle_t *sh, void *data, switch_size_t *datalen, switch_speech_flag_t *flags",not_verified,https://github.com/signalwire/freeswitch/blob/ef32e205295e29f034f1453ad245ba5efb07b94a/src/include/switch_core.h#L2147
switch_core_speech_close,switch_status_t,"switch_speech_handle_t *sh, switch_speech_flag_t *flags",not_verified,https://github.com/signalwire/freeswitch/blob/ef32e205295e29f034f1453ad245ba5efb07b94a/src/include/switch_core.h#L2154
switch_core_asr_open,switch_status_t,"switch_asr_handle_t *ah, const char *module_name, const char *codec, int rate, const char *dest, switch_asr_flag_t *flags, switch_memory_pool_t *pool",not_verified,https://github.com/signalwire/freeswitch/blob/ef32e205295e29f034f1453ad245ba5efb07b94a/src/include/switch_core.h#L2168
switch_core_asr_close,switch_status_t,"switch_asr_handle_t *ah, switch_asr_flag_t *flags",not_verified,https://github.com/signalwire/freeswitch/blob/ef32e205295e29f034f1453ad245ba5efb07b94a/src/include/switch_core.h#L2178
switch_core_asr_feed,switch_status_t,"switch_asr_handle_t *ah, void *data, unsigned int len, switch_asr_flag_t *flags",not_verified,https://github.com/signalwire/freeswitch/blob/ef32e205295e29f034f1453ad245ba5efb07b94a/src/include/switch_core.h#L2188
switch_core_asr_feed_dtmf,switch_status_t,"switch_asr_handle_t *ah, const switch_dtmf_t *dtmf, switch_asr_flag_t *flags",not_verified,https://github.com/signalwire/freeswitch/blob/ef32e205295e29f034f1453ad245ba5efb07b94a/src/include/switch_core.h#L2197
switch_core_asr_check_results,switch_status_t,"switch_asr_handle_t *ah, switch_asr_flag_t *flags",not_verified,https://github.com/signalwire/freeswitch/blob/ef32e205295e29f034f1453ad245ba5efb07b94a/src/include/switch_core.h#L2205
switch_core_asr_get_results,switch_status_t,"switch_asr_handle_t *ah, char **xmlstr, switch_asr_flag_t *flags",not_verified,https://github.com/signalwire/freeswitch/blob/ef32e205295e29f034f1453ad245ba5efb07b94a/src/include/switch_core.h#L2214
switch_core_asr_get_result_headers,switch_status_t,"switch_asr_handle_t *ah, switch_event_t **headers, switch_asr_flag_t *flags",not_verified,https://github.com/signalwire/freeswitch/blob/ef32e205295e29f034f1453ad245ba5efb07b94a/src/include/switch_core.h#L2223
switch_core_asr_load_grammar,switch_status_t,"switch_asr_handle_t *ah, const char *grammar, const char *name",not_verified,https://github.com/signalwire/freeswitch/blob/ef32e205295e29f034f1453ad245ba5efb07b94a/src/include/switch_core.h#L2232
switch_core_asr_unload_grammar,switch_status_t,"switch_asr_handle_t *ah, const char *name",not_verified,https://github.com/signalwire/freeswitch/blob/ef32e205295e29f034f1453ad245ba5efb07b94a/src/include/switch_core.h#L2240
switch_core_asr_enable_grammar,switch_status_t,"switch_asr_handle_t *ah, const char *name",not_verified,https://github.com/signalwire/freeswitch/blob/ef32e205295e29f034f1453ad245ba5efb07b94a/src/include/switch_core.h#L2248
switch_core_asr_disable_grammar,switch_status_t,"switch_asr_handle_t *ah, const char *name",not_verified,https://github.com/signalwire/freeswitch/blob/ef32e205295e29f034f1453ad245ba5efb07b94a/src/include/switch_core.h#L2256
switch_core_asr_disable_all_grammars,switch_status_t,switch_asr_handle_t *ah,not_verified,https://github.com/signalwire/freeswitch/blob/ef32e205295e29f034f1453ad245ba5efb07b94a/src/include/switch_core.h#L2263
switch_core_asr_pause,switch_status_t,switch_asr_handle_t *ah,not_verified,https://github.com/signalwire/freeswitch/blob/ef32e205295e29f034f1453ad245ba5efb07b94a/src/include/switch_core.h#L2270
switch_core_asr_resume,switch_status_t,switch_asr_handle_t *ah,not_verified,https://github.com/signalwire/freeswitch/blob/ef32e205295e29f034f1453ad245ba5efb07b94a/src/include/switch_core.h#L2277
switch_core_asr_start_input_timers,switch_status_t,switch_asr_handle_t *ah,not_verified,https://github.com/signalwire/freeswitch/blob/ef32e205295e29f034f1453ad245ba5efb07b94a/src/include/switch_core.h#L2284
switch_core_asr_text_param,void,"switch_asr_handle_t *ah, char *param, const char *val",not_verified,https://github.com/signalwire/freeswitch/blob/ef32e205295e29f034f1453ad245ba5efb07b94a/src/include/switch_core.h#L2292
switch_core_asr_numeric_param,void,"switch_asr_handle_t *ah, char *param, int val",not_verified,https://github.com/signalwire/freeswitch/blob/ef32e205295e29f034f1453ad245ba5efb07b94a/src/include/switch_core.h#L2300
switch_core_asr_float_param,void,"switch_asr_handle_t *ah, char *param, double val",not_verified,https://github.com/signalwire/freeswitch/blob/ef32e205295e29f034f1453ad245ba5efb07b94a/src/include/switch_core.h#L2308
switch_core_directory_open,switch_status_t,"switch_directory_handle_t *dh, char *module_name, char *source, char *dsn, char *passwd, switch_memory_pool_t *pool",not_verified,https://github.com/signalwire/freeswitch/blob/ef32e205295e29f034f1453ad245ba5efb07b94a/src/include/switch_core.h#L2326
switch_core_directory_query,switch_status_t,"switch_directory_handle_t *dh, char *base, char *query",not_verified,https://github.com/signalwire/freeswitch/blob/ef32e205295e29f034f1453ad245ba5efb07b94a/src/include/switch_core.h#L2336
switch_core_directory_next,switch_status_t,switch_directory_handle_t *dh,not_verified,https://github.com/signalwire/freeswitch/blob/ef32e205295e29f034f1453ad245ba5efb07b94a/src/include/switch_core.h#L2343
switch_core_directory_next_pair,switch_status_t,"switch_directory_handle_t *dh, char **var, char **val",not_verified,https://github.com/signalwire/freeswitch/blob/ef32e205295e29f034f1453ad245ba5efb07b94a/src/include/switch_core.h#L2352
switch_core_directory_close,switch_status_t,switch_directory_handle_t *dh,not_verified,https://github.com/signalwire/freeswitch/blob/ef32e205295e29f034f1453ad245ba5efb07b94a/src/include/switch_core.h#L2359
switch_core_data_channel,FILE *,switch_text_channel_t channel,not_verified,https://github.com/signalwire/freeswitch/blob/ef32e205295e29f034f1453ad245ba5efb07b94a/src/include/switch_core.h#L2371
switch_core_ready,switch_bool_t,void,not_verified,https://github.com/signalwire/freeswitch/blob/ef32e205295e29f034f1453ad245ba5efb07b94a/src/include/switch_core.h#L2377
switch_core_running,switch_bool_t,void,not_verified,https://github.com/signalwire/freeswitch/blob/ef32e205295e29f034f1453ad245ba5efb07b94a/src/include/switch_core.h#L2379
switch_core_ready_inbound,switch_bool_t,void,not_verified,https://github.com/signalwire/freeswitch/blob/ef32e205295e29f034f1453ad245ba5efb07b94a/src/include/switch_core.h#L2385
switch_core_ready_outbound,switch_bool_t,void,not_verified,https://github.com/signalwire/freeswitch/blob/ef32e205295e29f034f1453ad245ba5efb07b94a/src/include/switch_core.h#L2391
switch_core_flags,switch_core_flag_t,void,not_verified,https://github.com/signalwire/freeswitch/blob/ef32e205295e29f034f1453ad245ba5efb07b94a/src/include/switch_core.h#L2397
switch_core_management_exec,switch_status_t,"char *relative_oid, switch_management_action_t action, char *data, switch_size_t datalen",not_verified,https://github.com/signalwire/freeswitch/blob/ef32e205295e29f034f1453ad245ba5efb07b94a/src/include/switch_core.h#L2407
switch_core_set_process_privileges,int32_t,void,not_verified,https://github.com/signalwire/freeswitch/blob/ef32e205295e29f034f1453ad245ba5efb07b94a/src/include/switch_core.h#L2414
set_normal_priority,int32_t,void,not_verified,https://github.com/signalwire/freeswitch/blob/ef32e205295e29f034f1453ad245ba5efb07b94a/src/include/switch_core.h#L2421
set_auto_priority,int32_t,void,not_verified,https://github.com/signalwire/freeswitch/blob/ef32e205295e29f034f1453ad245ba5efb07b94a/src/include/switch_core.h#L2422
set_realtime_priority,int32_t,void,not_verified,https://github.com/signalwire/freeswitch/blob/ef32e205295e29f034f1453ad245ba5efb07b94a/src/include/switch_core.h#L2423
set_low_priority,int32_t,void,not_verified,https://github.com/signalwire/freeswitch/blob/ef32e205295e29f034f1453ad245ba5efb07b94a/src/include/switch_core.h#L2424
change_user_group,int32_t,"const char *user, const char *group",not_verified,https://github.com/signalwire/freeswitch/blob/ef32e205295e29f034f1453ad245ba5efb07b94a/src/include/switch_core.h#L2437
switch_core_runtime_loop,void,int bg,not_verified,https://github.com/signalwire/freeswitch/blob/ef32e205295e29f034f1453ad245ba5efb07b94a/src/include/switch_core.h#L2443
switch_core_set_console,switch_status_t,const char *console,not_verified,https://github.com/signalwire/freeswitch/blob/ef32e205295e29f034f1453ad245ba5efb07b94a/src/include/switch_core.h#L2449
switch_core_measure_time,void,"switch_time_t total_ms, switch_core_time_duration_t *duration",not_verified,https://github.com/signalwire/freeswitch/blob/ef32e205295e29f034f1453ad245ba5efb07b94a/src/include/switch_core.h#L2456
switch_core_uptime,switch_time_t,void,not_verified,https://github.com/signalwire/freeswitch/blob/ef32e205295e29f034f1453ad245ba5efb07b94a/src/include/switch_core.h#L2462
switch_core_session_ctl,int32_t,"switch_session_ctl_t cmd, void *val",not_verified,https://github.com/signalwire/freeswitch/blob/ef32e205295e29f034f1453ad245ba5efb07b94a/src/include/switch_core.h#L2470
switch_core_get_console,FILE *,void,not_verified,https://github.com/signalwire/freeswitch/blob/ef32e205295e29f034f1453ad245ba5efb07b94a/src/include/switch_core.h#L2476
switch_core_launch_thread,switch_thread_t *,"void *(SWITCH_THREAD_FUNC * func) (switch_thread_t *, void *), void *obj, switch_memory_pool_t *pool",not_verified,https://github.com/signalwire/freeswitch/blob/ef32e205295e29f034f1453ad245ba5efb07b94a/src/include/switch_core.h#L2482
switch_core_set_globals,void,void,not_verified,https://github.com/signalwire/freeswitch/blob/ef32e205295e29f034f1453ad245ba5efb07b94a/src/include/switch_core.h#L2489
switch_core_session_compare,uint8_t,"switch_core_session_t *a, switch_core_session_t *b",not_verified,https://github.com/signalwire/freeswitch/blob/ef32e205295e29f034f1453ad245ba5efb07b94a/src/include/switch_core.h#L2497
switch_core_session_check_interface,uint8_t,"switch_core_session_t *session, const switch_endpoint_interface_t *endpoint_interface",not_verified,https://github.com/signalwire/freeswitch/blob/ef32e205295e29f034f1453ad245ba5efb07b94a/src/include/switch_core.h#L2504
switch_core_session_set_video_read_callback,switch_status_t,"switch_core_session_t *session, switch_core_video_thread_callback_func_t func, void *user_data",not_verified,https://github.com/signalwire/freeswitch/blob/ef32e205295e29f034f1453ad245ba5efb07b94a/src/include/switch_core.h#L2506
switch_core_session_video_read_callback,switch_status_t,"switch_core_session_t *session, switch_frame_t *frame",not_verified,https://github.com/signalwire/freeswitch/blob/ef32e205295e29f034f1453ad245ba5efb07b94a/src/include/switch_core.h#L2509
switch_core_mime_index,switch_hash_index_t *,void,not_verified,https://github.com/signalwire/freeswitch/blob/ef32e205295e29f034f1453ad245ba5efb07b94a/src/include/switch_core.h#L2511
switch_core_mime_ext2type,const char *,const char *ext,not_verified,https://github.com/signalwire/freeswitch/blob/ef32e205295e29f034f1453ad245ba5efb07b94a/src/include/switch_core.h#L2512
switch_core_mime_type2ext,const char *,const char *type,not_verified,https://github.com/signalwire/freeswitch/blob/ef32e205295e29f034f1453ad245ba5efb07b94a/src/include/switch_core.h#L2513
switch_core_mime_add_type,switch_status_t,"const char *type, const char *ext",not_verified,https://github.com/signalwire/freeswitch/blob/ef32e205295e29f034f1453ad245ba5efb07b94a/src/include/switch_core.h#L2514
switch_loadable_module_create_module_interface,switch_loadable_module_interface_t *,"switch_memory_pool_t *pool, const char *name",not_verified,https://github.com/signalwire/freeswitch/blob/ef32e205295e29f034f1453ad245ba5efb07b94a/src/include/switch_core.h#L2516
switch_loadable_module_create_interface,void *,"switch_loadable_module_interface_t *mod, switch_module_interface_name_t iname",not_verified,https://github.com/signalwire/freeswitch/blob/ef32e205295e29f034f1453ad245ba5efb07b94a/src/include/switch_core.h#L2517
switch_micro_time_now,switch_time_t,void,not_verified,https://github.com/signalwire/freeswitch/blob/ef32e205295e29f034f1453ad245ba5efb07b94a/src/include/switch_core.h#L2522
switch_mono_micro_time_now,switch_time_t,void,not_verified,https://github.com/signalwire/freeswitch/blob/ef32e205295e29f034f1453ad245ba5efb07b94a/src/include/switch_core.h#L2523
switch_core_memory_reclaim,void,void,not_verified,https://github.com/signalwire/freeswitch/blob/ef32e205295e29f034f1453ad245ba5efb07b94a/src/include/switch_core.h#L2524
switch_core_memory_reclaim_events,void,void,not_verified,https://github.com/signalwire/freeswitch/blob/ef32e205295e29f034f1453ad245ba5efb07b94a/src/include/switch_core.h#L2525
switch_core_memory_reclaim_logger,void,void,not_verified,https://github.com/signalwire/freeswitch/blob/ef32e205295e29f034f1453ad245ba5efb07b94a/src/include/switch_core.h#L2526
switch_core_memory_reclaim_all,void,void,not_verified,https://github.com/signalwire/freeswitch/blob/ef32e205295e29f034f1453ad245ba5efb07b94a/src/include/switch_core.h#L2527
switch_core_setrlimits,void,void,not_verified,https://github.com/signalwire/freeswitch/blob/ef32e205295e29f034f1453ad245ba5efb07b94a/src/include/switch_core.h#L2528
switch_time_ref,switch_time_t,void,not_verified,https://github.com/signalwire/freeswitch/blob/ef32e205295e29f034f1453ad245ba5efb07b94a/src/include/switch_core.h#L2529
switch_time_sync,void,void,not_verified,https://github.com/signalwire/freeswitch/blob/ef32e205295e29f034f1453ad245ba5efb07b94a/src/include/switch_core.h#L2530
switch_epoch_time_now,time_t,time_t *t,not_verified,https://github.com/signalwire/freeswitch/blob/ef32e205295e29f034f1453ad245ba5efb07b94a/src/include/switch_core.h#L2536
switch_lookup_timezone,const char *,const char *tz_name,not_verified,https://github.com/signalwire/freeswitch/blob/ef32e205295e29f034f1453ad245ba5efb07b94a/src/include/switch_core.h#L2537
switch_strftime_tz,switch_status_t,"const char *tz, const char *format, char *date, size_t len, switch_time_t thetime",not_verified,https://github.com/signalwire/freeswitch/blob/ef32e205295e29f034f1453ad245ba5efb07b94a/src/include/switch_core.h#L2538
switch_time_exp_tz_name,switch_status_t,"const char *tz, switch_time_exp_t *tm, switch_time_t thetime",not_verified,https://github.com/signalwire/freeswitch/blob/ef32e205295e29f034f1453ad245ba5efb07b94a/src/include/switch_core.h#L2539
switch_load_network_lists,void,switch_bool_t reload,not_verified,https://github.com/signalwire/freeswitch/blob/ef32e205295e29f034f1453ad245ba5efb07b94a/src/include/switch_core.h#L2540
switch_check_network_list_ip_port_token,switch_bool_t,"const char *ip_str, int port, const char *list_name, const char **token",not_verified,https://github.com/signalwire/freeswitch/blob/ef32e205295e29f034f1453ad245ba5efb07b94a/src/include/switch_core.h#L2541
switch_check_network_list_ip_token,switch_bool_t,"const char *ip_str, const char *list_name, const char **token",not_verified,https://github.com/signalwire/freeswitch/blob/ef32e205295e29f034f1453ad245ba5efb07b94a/src/include/switch_core.h#L2542
switch_time_set_monotonic,void,switch_bool_t enable,not_verified,https://github.com/signalwire/freeswitch/blob/ef32e205295e29f034f1453ad245ba5efb07b94a/src/include/switch_core.h#L2544
switch_time_set_timerfd,void,int enable,not_verified,https://github.com/signalwire/freeswitch/blob/ef32e205295e29f034f1453ad245ba5efb07b94a/src/include/switch_core.h#L2545
switch_time_set_nanosleep,void,switch_bool_t enable,not_verified,https://github.com/signalwire/freeswitch/blob/ef32e205295e29f034f1453ad245ba5efb07b94a/src/include/switch_core.h#L2546
switch_time_set_matrix,void,switch_bool_t enable,not_verified,https://github.com/signalwire/freeswitch/blob/ef32e205295e29f034f1453ad245ba5efb07b94a/src/include/switch_core.h#L2547
switch_time_set_cond_yield,void,switch_bool_t enable,not_verified,https://github.com/signalwire/freeswitch/blob/ef32e205295e29f034f1453ad245ba5efb07b94a/src/include/switch_core.h#L2548
switch_time_set_use_system_time,void,switch_bool_t enable,not_verified,https://github.com/signalwire/freeswitch/blob/ef32e205295e29f034f1453ad245ba5efb07b94a/src/include/switch_core.h#L2549
switch_core_min_dtmf_duration,uint32_t,uint32_t duration,not_verified,https://github.com/signalwire/freeswitch/blob/ef32e205295e29f034f1453ad245ba5efb07b94a/src/include/switch_core.h#L2550
switch_core_max_dtmf_duration,uint32_t,uint32_t duration,not_verified,https://github.com/signalwire/freeswitch/blob/ef32e205295e29f034f1453ad245ba5efb07b94a/src/include/switch_core.h#L2551
switch_core_min_idle_cpu,double,double new_limit,not_verified,https://github.com/signalwire/freeswitch/blob/ef32e205295e29f034f1453ad245ba5efb07b94a/src/include/switch_core.h#L2552
switch_core_idle_cpu,double,void,not_verified,https://github.com/signalwire/freeswitch/blob/ef32e205295e29f034f1453ad245ba5efb07b94a/src/include/switch_core.h#L2553
switch_core_default_dtmf_duration,uint32_t,uint32_t duration,not_verified,https://github.com/signalwire/freeswitch/blob/ef32e205295e29f034f1453ad245ba5efb07b94a/src/include/switch_core.h#L2554
switch_console_set_complete,switch_status_t,const char *string,not_verified,https://github.com/signalwire/freeswitch/blob/ef32e205295e29f034f1453ad245ba5efb07b94a/src/include/switch_core.h#L2555
switch_console_set_alias,switch_status_t,const char *string,not_verified,https://github.com/signalwire/freeswitch/blob/ef32e205295e29f034f1453ad245ba5efb07b94a/src/include/switch_core.h#L2556
switch_system,int,"const char *cmd, switch_bool_t wait",not_verified,https://github.com/signalwire/freeswitch/blob/ef32e205295e29f034f1453ad245ba5efb07b94a/src/include/switch_core.h#L2557
switch_stream_system,int,"const char *cmd, switch_stream_handle_t *stream",not_verified,https://github.com/signalwire/freeswitch/blob/ef32e205295e29f034f1453ad245ba5efb07b94a/src/include/switch_core.h#L2558
switch_cond_yield,void,switch_interval_time_t t,not_verified,https://github.com/signalwire/freeswitch/blob/ef32e205295e29f034f1453ad245ba5efb07b94a/src/include/switch_core.h#L2559
switch_cond_next,void,void,not_verified,https://github.com/signalwire/freeswitch/blob/ef32e205295e29f034f1453ad245ba5efb07b94a/src/include/switch_core.h#L2560
switch_core_chat_send_args,switch_status_t,"const char *dest_proto, const char *proto, const char *from, const char *to, const char *subject, const char *body, const char *type, const char *hint, switch_bool_t blocking",not_verified,https://github.com/signalwire/freeswitch/blob/ef32e205295e29f034f1453ad245ba5efb07b94a/src/include/switch_core.h#L2561
switch_core_chat_send,switch_status_t,"const char *dest_proto, switch_event_t *message_event",not_verified,https://github.com/signalwire/freeswitch/blob/ef32e205295e29f034f1453ad245ba5efb07b94a/src/include/switch_core.h#L2563
switch_core_chat_deliver,switch_status_t,"const char *dest_proto, switch_event_t **message_event",not_verified,https://github.com/signalwire/freeswitch/blob/ef32e205295e29f034f1453ad245ba5efb07b94a/src/include/switch_core.h#L2564
switch_ivr_preprocess_session,switch_status_t,"switch_core_session_t *session, const char *cmds",not_verified,https://github.com/signalwire/freeswitch/blob/ef32e205295e29f034f1453ad245ba5efb07b94a/src/include/switch_core.h#L2566
switch_core_sqldb_pause,void,void,not_verified,https://github.com/signalwire/freeswitch/blob/ef32e205295e29f034f1453ad245ba5efb07b94a/src/include/switch_core.h#L2567
switch_core_sqldb_resume,void,void,not_verified,https://github.com/signalwire/freeswitch/blob/ef32e205295e29f034f1453ad245ba5efb07b94a/src/include/switch_core.h#L2568
switch_cache_db_get_type,switch_cache_db_handle_type_t,switch_cache_db_handle_t *dbh,not_verified,https://github.com/signalwire/freeswitch/blob/ef32e205295e29f034f1453ad245ba5efb07b94a/src/include/switch_core.h#L2651
switch_cache_db_dismiss_db_handle,void,switch_cache_db_handle_t ** dbh,not_verified,https://github.com/signalwire/freeswitch/blob/ef32e205295e29f034f1453ad245ba5efb07b94a/src/include/switch_core.h#L2658
switch_cache_db_release_db_handle,void,switch_cache_db_handle_t ** dbh,not_verified,https://github.com/signalwire/freeswitch/blob/ef32e205295e29f034f1453ad245ba5efb07b94a/src/include/switch_core.h#L2664
_switch_cache_db_get_db_handle,switch_status_t,"switch_cache_db_handle_t ** dbh, switch_cache_db_handle_type_t type, switch_cache_db_connection_options_t *connection_options, const char *file, const char *func, int line",not_verified,https://github.com/signalwire/freeswitch/blob/ef32e205295e29f034f1453ad245ba5efb07b94a/src/include/switch_core.h#L2673
_switch_cache_db_get_db_handle_dsn_ex,switch_status_t,"switch_cache_db_handle_t **dbh, const char *dsn, switch_bool_t make_module_no_unloadable, const char *file, const char *func, int line",not_verified,https://github.com/signalwire/freeswitch/blob/ef32e205295e29f034f1453ad245ba5efb07b94a/src/include/switch_core.h#L2679
_switch_cache_db_get_db_handle_dsn,switch_status_t,"switch_cache_db_handle_t **dbh, const char *dsn, const char *file, const char *func, int line",not_verified,https://github.com/signalwire/freeswitch/blob/ef32e205295e29f034f1453ad245ba5efb07b94a/src/include/switch_core.h#L2681
switch_cache_db_create_schema,switch_status_t,"switch_cache_db_handle_t *dbh, char *sql, char **err",not_verified,https://github.com/signalwire/freeswitch/blob/ef32e205295e29f034f1453ad245ba5efb07b94a/src/include/switch_core.h#L2691
switch_cache_db_execute_sql2str,char *,"switch_cache_db_handle_t *dbh, char *sql, char *str, size_t len, char **err",not_verified,https://github.com/signalwire/freeswitch/blob/ef32e205295e29f034f1453ad245ba5efb07b94a/src/include/switch_core.h#L2700
switch_cache_db_execute_sql,switch_status_t,"switch_cache_db_handle_t *dbh, char *sql, char **err",not_verified,https://github.com/signalwire/freeswitch/blob/ef32e205295e29f034f1453ad245ba5efb07b94a/src/include/switch_core.h#L2707
switch_cache_db_execute_sql_callback,switch_status_t,"switch_cache_db_handle_t *dbh, const char *sql, switch_core_db_callback_func_t callback, void *pdata, char **err",not_verified,https://github.com/signalwire/freeswitch/blob/ef32e205295e29f034f1453ad245ba5efb07b94a/src/include/switch_core.h#L2716
switch_cache_db_execute_sql_callback_err,switch_status_t,"switch_cache_db_handle_t *dbh, const char *sql, switch_core_db_callback_func_t callback, switch_core_db_err_callback_func_t err_callback, void *pdata, char **err",not_verified,https://github.com/signalwire/freeswitch/blob/ef32e205295e29f034f1453ad245ba5efb07b94a/src/include/switch_core.h#L2728
switch_cache_db_affected_rows,int,switch_cache_db_handle_t *dbh,not_verified,https://github.com/signalwire/freeswitch/blob/ef32e205295e29f034f1453ad245ba5efb07b94a/src/include/switch_core.h#L2738
switch_cache_db_load_extension,int,"switch_cache_db_handle_t *dbh, const char *extension",not_verified,https://github.com/signalwire/freeswitch/blob/ef32e205295e29f034f1453ad245ba5efb07b94a/src/include/switch_core.h#L2745
switch_cache_db_status,void,switch_stream_handle_t *stream,not_verified,https://github.com/signalwire/freeswitch/blob/ef32e205295e29f034f1453ad245ba5efb07b94a/src/include/switch_core.h#L2751
_switch_core_db_handle,switch_status_t,"switch_cache_db_handle_t ** dbh, const char *file, const char *func, int line",not_verified,https://github.com/signalwire/freeswitch/blob/ef32e205295e29f034f1453ad245ba5efb07b94a/src/include/switch_core.h#L2752
switch_cache_db_test_reactive,switch_bool_t,"switch_cache_db_handle_t *db, const char *test_sql, const char *drop_sql, const char *reactive_sql",not_verified,https://github.com/signalwire/freeswitch/blob/ef32e205295e29f034f1453ad245ba5efb07b94a/src/include/switch_core.h#L2755
switch_cache_db_test_reactive_ex,switch_bool_t,"switch_cache_db_handle_t *db, const char *test_sql, const char *drop_sql, const char *reactive_sql, const char *row_size_limited_reactive_sql",not_verified,https://github.com/signalwire/freeswitch/blob/ef32e205295e29f034f1453ad245ba5efb07b94a/src/include/switch_core.h#L2757
switch_cache_db_persistant_execute,switch_status_t,"switch_cache_db_handle_t *dbh, const char *sql, uint32_t retries",not_verified,https://github.com/signalwire/freeswitch/blob/ef32e205295e29f034f1453ad245ba5efb07b94a/src/include/switch_core.h#L2759
switch_cache_db_persistant_execute_trans_full,switch_status_t,"switch_cache_db_handle_t *dbh, char *sql, uint32_t retries, const char *pre_trans_execute, const char *post_trans_execute, const char *inner_pre_trans_execute, const char *inner_post_trans_execute",not_verified,https://github.com/signalwire/freeswitch/blob/ef32e205295e29f034f1453ad245ba5efb07b94a/src/include/switch_core.h#L2760
switch_cache_db_database_interface_flush_handles,void,switch_database_interface_t *database_interface,not_verified,https://github.com/signalwire/freeswitch/blob/ef32e205295e29f034f1453ad245ba5efb07b94a/src/include/switch_core.h#L2767
switch_core_check_core_db_dsn,switch_status_t,void,not_verified,https://github.com/signalwire/freeswitch/blob/ef32e205295e29f034f1453ad245ba5efb07b94a/src/include/switch_core.h#L2772
switch_database_available,switch_status_t,char* dsn,not_verified,https://github.com/signalwire/freeswitch/blob/ef32e205295e29f034f1453ad245ba5efb07b94a/src/include/switch_core.h#L2777
switch_core_set_signal_handlers,void,void,not_verified,https://github.com/signalwire/freeswitch/blob/ef32e205295e29f034f1453ad245ba5efb07b94a/src/include/switch_core.h#L2779
switch_core_debug_level,uint32_t,void,not_verified,https://github.com/signalwire/freeswitch/blob/ef32e205295e29f034f1453ad245ba5efb07b94a/src/include/switch_core.h#L2780
switch_core_sps,int32_t,void,not_verified,https://github.com/signalwire/freeswitch/blob/ef32e205295e29f034f1453ad245ba5efb07b94a/src/include/switch_core.h#L2781
switch_core_sps_last,int32_t,void,not_verified,https://github.com/signalwire/freeswitch/blob/ef32e205295e29f034f1453ad245ba5efb07b94a/src/include/switch_core.h#L2782
switch_core_sps_peak,int32_t,void,not_verified,https://github.com/signalwire/freeswitch/blob/ef32e205295e29f034f1453ad245ba5efb07b94a/src/include/switch_core.h#L2783
switch_core_sps_peak_fivemin,int32_t,void,not_verified,https://github.com/signalwire/freeswitch/blob/ef32e205295e29f034f1453ad245ba5efb07b94a/src/include/switch_core.h#L2784
switch_core_sessions_peak,int32_t,void,not_verified,https://github.com/signalwire/freeswitch/blob/ef32e205295e29f034f1453ad245ba5efb07b94a/src/include/switch_core.h#L2785
switch_core_sessions_peak_fivemin,int32_t,void,not_verified,https://github.com/signalwire/freeswitch/blob/ef32e205295e29f034f1453ad245ba5efb07b94a/src/include/switch_core.h#L2786
switch_cache_db_flush_handles,void,void,not_verified,https://github.com/signalwire/freeswitch/blob/ef32e205295e29f034f1453ad245ba5efb07b94a/src/include/switch_core.h#L2787
switch_core_banner,const char *,void,not_verified,https://github.com/signalwire/freeswitch/blob/ef32e205295e29f034f1453ad245ba5efb07b94a/src/include/switch_core.h#L2788
switch_core_session_in_thread,switch_bool_t,switch_core_session_t *session,not_verified,https://github.com/signalwire/freeswitch/blob/ef32e205295e29f034f1453ad245ba5efb07b94a/src/include/switch_core.h#L2789
switch_default_ptime,uint32_t,"const char *name, uint32_t number",not_verified,https://github.com/signalwire/freeswitch/blob/ef32e205295e29f034f1453ad245ba5efb07b94a/src/include/switch_core.h#L2790
switch_default_rate,uint32_t,"const char *name, uint32_t number",not_verified,https://github.com/signalwire/freeswitch/blob/ef32e205295e29f034f1453ad245ba5efb07b94a/src/include/switch_core.h#L2791
switch_core_max_audio_channels,uint32_t,uint32_t limit,not_verified,https://github.com/signalwire/freeswitch/blob/ef32e205295e29f034f1453ad245ba5efb07b94a/src/include/switch_core.h#L2792
switch_core_add_registration,switch_status_t,"const char *user, const char *realm, const char *token, const char *url, uint32_t expires, const char *network_ip, const char *network_port, const char *network_proto, const char *metadata",not_verified,https://github.com/signalwire/freeswitch/blob/ef32e205295e29f034f1453ad245ba5efb07b94a/src/include/switch_core.h#L2807
switch_core_del_registration,switch_status_t,"const char *user, const char *realm, const char *token",not_verified,https://github.com/signalwire/freeswitch/blob/ef32e205295e29f034f1453ad245ba5efb07b94a/src/include/switch_core.h#L2817
switch_core_expire_registration,switch_status_t,int force,not_verified,https://github.com/signalwire/freeswitch/blob/ef32e205295e29f034f1453ad245ba5efb07b94a/src/include/switch_core.h#L2823
switch_core_get_rtp_port_range_start_port,uint16_t,void,not_verified,https://github.com/signalwire/freeswitch/blob/ef32e205295e29f034f1453ad245ba5efb07b94a/src/include/switch_core.h#L2830
switch_core_get_rtp_port_range_end_port,uint16_t,void,not_verified,https://github.com/signalwire/freeswitch/blob/ef32e205295e29f034f1453ad245ba5efb07b94a/src/include/switch_core.h#L2837
switch_say_file_handle_get_variable,char *,"switch_say_file_handle_t *sh, const char *var",not_verified,https://github.com/signalwire/freeswitch/blob/ef32e205295e29f034f1453ad245ba5efb07b94a/src/include/switch_core.h#L2839
switch_say_file_handle_get_path,char *,switch_say_file_handle_t *sh,not_verified,https://github.com/signalwire/freeswitch/blob/ef32e205295e29f034f1453ad245ba5efb07b94a/src/include/switch_core.h#L2840
switch_say_file_handle_detach_path,char *,switch_say_file_handle_t *sh,not_verified,https://github.com/signalwire/freeswitch/blob/ef32e205295e29f034f1453ad245ba5efb07b94a/src/include/switch_core.h#L2841
switch_say_file_handle_destroy,void,switch_say_file_handle_t **sh,not_verified,https://github.com/signalwire/freeswitch/blob/ef32e205295e29f034f1453ad245ba5efb07b94a/src/include/switch_core.h#L2842
switch_say_file_handle_create,switch_status_t,"switch_say_file_handle_t **sh, const char *ext, switch_event_t **var_event",not_verified,https://github.com/signalwire/freeswitch/blob/ef32e205295e29f034f1453ad245ba5efb07b94a/src/include/switch_core.h#L2843
switch_say_file,void,"switch_say_file_handle_t *sh, const char *fmt, ...",not_verified,https://github.com/signalwire/freeswitch/blob/ef32e205295e29f034f1453ad245ba5efb07b94a/src/include/switch_core.h#L2844
switch_max_file_desc,int,void,not_verified,https://github.com/signalwire/freeswitch/blob/ef32e205295e29f034f1453ad245ba5efb07b94a/src/include/switch_core.h#L2845
switch_close_extra_files,void,"int *keep, int keep_ttl",not_verified,https://github.com/signalwire/freeswitch/blob/ef32e205295e29f034f1453ad245ba5efb07b94a/src/include/switch_core.h#L2846
switch_core_thread_set_cpu_affinity,switch_status_t,int cpu,not_verified,https://github.com/signalwire/freeswitch/blob/ef32e205295e29f034f1453ad245ba5efb07b94a/src/include/switch_core.h#L2847
switch_os_yield,void,void,not_verified,https://github.com/signalwire/freeswitch/blob/ef32e205295e29f034f1453ad245ba5efb07b94a/src/include/switch_core.h#L2848
switch_core_get_stacksizes,switch_status_t,"switch_size_t *cur, switch_size_t *max",not_verified,https://github.com/signalwire/freeswitch/blob/ef32e205295e29f034f1453ad245ba5efb07b94a/src/include/switch_core.h#L2849
switch_core_gen_encoded_silence,void,"unsigned char *data, const switch_codec_implementation_t *read_impl, switch_size_t len",not_verified,https://github.com/signalwire/freeswitch/blob/ef32e205295e29f034f1453ad245ba5efb07b94a/src/include/switch_core.h#L2850
switch_core_dbtype,switch_cache_db_handle_type_t,void,not_verified,https://github.com/signalwire/freeswitch/blob/ef32e205295e29f034f1453ad245ba5efb07b94a/src/include/switch_core.h#L2852
switch_core_sql_exec,void,const char *sql,not_verified,https://github.com/signalwire/freeswitch/blob/ef32e205295e29f034f1453ad245ba5efb07b94a/src/include/switch_core.h#L2853
switch_core_recovery_recover,int,"const char *technology, const char *profile_name",not_verified,https://github.com/signalwire/freeswitch/blob/ef32e205295e29f034f1453ad245ba5efb07b94a/src/include/switch_core.h#L2854
switch_core_recovery_untrack,void,"switch_core_session_t *session, switch_bool_t force",not_verified,https://github.com/signalwire/freeswitch/blob/ef32e205295e29f034f1453ad245ba5efb07b94a/src/include/switch_core.h#L2855
switch_core_recovery_track,void,switch_core_session_t *session,not_verified,https://github.com/signalwire/freeswitch/blob/ef32e205295e29f034f1453ad245ba5efb07b94a/src/include/switch_core.h#L2856
switch_core_recovery_flush,void,"const char *technology, const char *profile_name",not_verified,https://github.com/signalwire/freeswitch/blob/ef32e205295e29f034f1453ad245ba5efb07b94a/src/include/switch_core.h#L2857
switch_sql_queue_manager_pause,void,"switch_sql_queue_manager_t *qm, switch_bool_t flush",not_verified,https://github.com/signalwire/freeswitch/blob/ef32e205295e29f034f1453ad245ba5efb07b94a/src/include/switch_core.h#L2859
switch_sql_queue_manager_resume,void,switch_sql_queue_manager_t *qm,not_verified,https://github.com/signalwire/freeswitch/blob/ef32e205295e29f034f1453ad245ba5efb07b94a/src/include/switch_core.h#L2860
switch_sql_queue_manager_size,int,"switch_sql_queue_manager_t *qm, uint32_t index",not_verified,https://github.com/signalwire/freeswitch/blob/ef32e205295e29f034f1453ad245ba5efb07b94a/src/include/switch_core.h#L2862
switch_sql_queue_manager_push_confirm,switch_status_t,"switch_sql_queue_manager_t *qm, const char *sql, uint32_t pos, switch_bool_t dup",not_verified,https://github.com/signalwire/freeswitch/blob/ef32e205295e29f034f1453ad245ba5efb07b94a/src/include/switch_core.h#L2863
switch_sql_queue_manager_push,switch_status_t,"switch_sql_queue_manager_t *qm, const char *sql, uint32_t pos, switch_bool_t dup",not_verified,https://github.com/signalwire/freeswitch/blob/ef32e205295e29f034f1453ad245ba5efb07b94a/src/include/switch_core.h#L2864
switch_sql_queue_manager_destroy,switch_status_t,switch_sql_queue_manager_t **qmp,not_verified,https://github.com/signalwire/freeswitch/blob/ef32e205295e29f034f1453ad245ba5efb07b94a/src/include/switch_core.h#L2865
switch_sql_queue_manager_init_name,switch_status_t,"const char *name, switch_sql_queue_manager_t **qmp, uint32_t numq, const char *dsn, uint32_t max_trans, const char *pre_trans_execute, const char *post_trans_execute, const char *inner_pre_trans_execute, const char *inner_post_trans_execute",not_verified,https://github.com/signalwire/freeswitch/blob/ef32e205295e29f034f1453ad245ba5efb07b94a/src/include/switch_core.h#L2866
switch_sql_queue_manager_start,switch_status_t,switch_sql_queue_manager_t *qm,not_verified,https://github.com/signalwire/freeswitch/blob/ef32e205295e29f034f1453ad245ba5efb07b94a/src/include/switch_core.h#L2876
switch_sql_queue_manager_stop,switch_status_t,switch_sql_queue_manager_t *qm,not_verified,https://github.com/signalwire/freeswitch/blob/ef32e205295e29f034f1453ad245ba5efb07b94a/src/include/switch_core.h#L2877
switch_cache_db_execute_sql_event_callback,switch_status_t,"switch_cache_db_handle_t *dbh, const char *sql, switch_core_db_event_callback_func_t callback, void *pdata, char **err",not_verified,https://github.com/signalwire/freeswitch/blob/ef32e205295e29f034f1453ad245ba5efb07b94a/src/include/switch_core.h#L2878
switch_sql_queue_manager_execute_sql_callback,void,"switch_sql_queue_manager_t *qm, const char *sql, switch_core_db_callback_func_t callback, void *pdata",not_verified,https://github.com/signalwire/freeswitch/blob/ef32e205295e29f034f1453ad245ba5efb07b94a/src/include/switch_core.h#L2881
switch_sql_queue_manager_execute_sql_callback_err,void,"switch_sql_queue_manager_t *qm, const char *sql, switch_core_db_callback_func_t callback, switch_core_db_err_callback_func_t err_callback, void *pdata",not_verified,https://github.com/signalwire/freeswitch/blob/ef32e205295e29f034f1453ad245ba5efb07b94a/src/include/switch_core.h#L2884
switch_sql_queue_manager_execute_sql_event_callback,void,"switch_sql_queue_manager_t *qm, const char *sql, switch_core_db_event_callback_func_t callback, void *pdata",not_verified,https://github.com/signalwire/freeswitch/blob/ef32e205295e29f034f1453ad245ba5efb07b94a/src/include/switch_core.h#L2889
switch_sql_queue_manager_execute_sql_event_callback_err,void,"switch_sql_queue_manager_t *qm, const char *sql, switch_core_db_event_callback_func_t callback, switch_core_db_err_callback_func_t err_callback, void *pdata",not_verified,https://github.com/signalwire/freeswitch/blob/ef32e205295e29f034f1453ad245ba5efb07b94a/src/include/switch_core.h#L2892
switch_fork,pid_t,void,not_verified,https://github.com/signalwire/freeswitch/blob/ef32e205295e29f034f1453ad245ba5efb07b94a/src/include/switch_core.h#L2897
switch_core_gen_certs,int,const char *prefix,not_verified,https://github.com/signalwire/freeswitch/blob/ef32e205295e29f034f1453ad245ba5efb07b94a/src/include/switch_core.h#L2899
switch_core_check_dtls_pem,switch_bool_t,const char *file,not_verified,https://github.com/signalwire/freeswitch/blob/ef32e205295e29f034f1453ad245ba5efb07b94a/src/include/switch_core.h#L2900
switch_core_cert_gen_fingerprint,int,"const char *prefix, dtls_fingerprint_t *fp",not_verified,https://github.com/signalwire/freeswitch/blob/ef32e205295e29f034f1453ad245ba5efb07b94a/src/include/switch_core.h#L2901
switch_core_cert_expand_fingerprint,int,"dtls_fingerprint_t *fp, const char *str",not_verified,https://github.com/signalwire/freeswitch/blob/ef32e205295e29f034f1453ad245ba5efb07b94a/src/include/switch_core.h#L2902
switch_core_cert_verify,int,dtls_fingerprint_t *fp,not_verified,https://github.com/signalwire/freeswitch/blob/ef32e205295e29f034f1453ad245ba5efb07b94a/src/include/switch_core.h#L2903
_switch_core_session_request_video_refresh,switch_status_t,"switch_core_session_t *session, int force, const char *file, const char *func, int line",not_verified,https://github.com/signalwire/freeswitch/blob/ef32e205295e29f034f1453ad245ba5efb07b94a/src/include/switch_core.h#L2904
switch_core_session_send_and_request_video_refresh,switch_status_t,switch_core_session_t *session,not_verified,https://github.com/signalwire/freeswitch/blob/ef32e205295e29f034f1453ad245ba5efb07b94a/src/include/switch_core.h#L2907
switch_system,int,"const char *cmd, switch_bool_t wait",not_verified,https://github.com/signalwire/freeswitch/blob/ef32e205295e29f034f1453ad245ba5efb07b94a/src/include/switch_core.h#L2908
switch_stream_system_fork,int,"const char *cmd, switch_stream_handle_t *stream",not_verified,https://github.com/signalwire/freeswitch/blob/ef32e205295e29f034f1453ad245ba5efb07b94a/src/include/switch_core.h#L2909
switch_stream_system,int,"const char *cmd, switch_stream_handle_t *stream",not_verified,https://github.com/signalwire/freeswitch/blob/ef32e205295e29f034f1453ad245ba5efb07b94a/src/include/switch_core.h#L2910
switch_spawn,int,"const char *cmd, switch_bool_t wait",not_verified,https://github.com/signalwire/freeswitch/blob/ef32e205295e29f034f1453ad245ba5efb07b94a/src/include/switch_core.h#L2912
switch_stream_spawn,int,"const char *cmd, switch_bool_t shell, switch_bool_t wait, switch_stream_handle_t *stream",not_verified,https://github.com/signalwire/freeswitch/blob/ef32e205295e29f034f1453ad245ba5efb07b94a/src/include/switch_core.h#L2913
switch_core_session_debug_pool,void,switch_stream_handle_t *stream,not_verified,https://github.com/signalwire/freeswitch/blob/ef32e205295e29f034f1453ad245ba5efb07b94a/src/include/switch_core.h#L2915
switch_core_session_override_io_routines,switch_status_t,"switch_core_session_t *session, switch_io_routines_t *ior",not_verified,https://github.com/signalwire/freeswitch/blob/ef32e205295e29f034f1453ad245ba5efb07b94a/src/include/switch_core.h#L2917
switch_version_major,const char *,void,not_verified,https://github.com/signalwire/freeswitch/blob/ef32e205295e29f034f1453ad245ba5efb07b94a/src/include/switch_core.h#L2919
switch_version_minor,const char *,void,not_verified,https://github.com/signalwire/freeswitch/blob/ef32e205295e29f034f1453ad245ba5efb07b94a/src/include/switch_core.h#L2920
switch_version_micro,const char *,void,not_verified,https://github.com/signalwire/freeswitch/blob/ef32e205295e29f034f1453ad245ba5efb07b94a/src/include/switch_core.h#L2921
switch_version_revision,const char *,void,not_verified,https://github.com/signalwire/freeswitch/blob/ef32e205295e29f034f1453ad245ba5efb07b94a/src/include/switch_core.h#L2923
switch_version_revision_human,const char *,void,not_verified,https://github.com/signalwire/freeswitch/blob/ef32e205295e29f034f1453ad245ba5efb07b94a/src/include/switch_core.h#L2924
switch_version_full,const char *,void,not_verified,https://github.com/signalwire/freeswitch/blob/ef32e205295e29f034f1453ad245ba5efb07b94a/src/include/switch_core.h#L2925
switch_version_full_human,const char *,void,not_verified,https://github.com/signalwire/freeswitch/blob/ef32e205295e29f034f1453ad245ba5efb07b94a/src/include/switch_core.h#L2926
switch_core_autobind_cpu,void,void,not_verified,https://github.com/signalwire/freeswitch/blob/ef32e205295e29f034f1453ad245ba5efb07b94a/src/include/switch_core.h#L2928
switch_core_session_start_text_thread,switch_status_t,switch_core_session_t *session,not_verified,https://github.com/signalwire/freeswitch/blob/ef32e205295e29f034f1453ad245ba5efb07b94a/src/include/switch_core.h#L2930
switch_core_get_event_channel_key_separator,const char *,void,not_verified,https://github.com/signalwire/freeswitch/blob/ef32e205295e29f034f1453ad245ba5efb07b94a/src/include/switch_core.h#L2932
switch_core_db_close,int,switch_core_db_t *db,not_verified,https://github.com/signalwire/freeswitch/blob/ef32e205295e29f034f1453ad245ba5efb07b94a/src/include/switch_core_db.h#L92
switch_core_db_open,int,"const char *filename, switch_core_db_t **ppDb",not_verified,https://github.com/signalwire/freeswitch/blob/ef32e205295e29f034f1453ad245ba5efb07b94a/src/include/switch_core_db.h#L109
switch_core_db_open_v2,int,"const char *filename, switch_core_db_t **ppDb",not_verified,https://github.com/signalwire/freeswitch/blob/ef32e205295e29f034f1453ad245ba5efb07b94a/src/include/switch_core_db.h#L114
switch_core_db_column_text,const unsigned char *,"switch_core_db_stmt_t *stmt, int iCol",not_verified,https://github.com/signalwire/freeswitch/blob/ef32e205295e29f034f1453ad245ba5efb07b94a/src/include/switch_core_db.h#L156
switch_core_db_column_name,const char *,"switch_core_db_stmt_t *stmt, int N",not_verified,https://github.com/signalwire/freeswitch/blob/ef32e205295e29f034f1453ad245ba5efb07b94a/src/include/switch_core_db.h#L163
switch_core_db_column_count,int,switch_core_db_stmt_t *pStmt,not_verified,https://github.com/signalwire/freeswitch/blob/ef32e205295e29f034f1453ad245ba5efb07b94a/src/include/switch_core_db.h#L170
switch_core_db_errmsg,const char *,switch_core_db_t *db,not_verified,https://github.com/signalwire/freeswitch/blob/ef32e205295e29f034f1453ad245ba5efb07b94a/src/include/switch_core_db.h#L180
switch_core_db_exec,int,"switch_core_db_t *db, const char *sql, switch_core_db_callback_func_t callback, void *data, char **errmsg",not_verified,https://github.com/signalwire/freeswitch/blob/ef32e205295e29f034f1453ad245ba5efb07b94a/src/include/switch_core_db.h#L222
switch_core_db_finalize,int,switch_core_db_stmt_t *pStmt,not_verified,https://github.com/signalwire/freeswitch/blob/ef32e205295e29f034f1453ad245ba5efb07b94a/src/include/switch_core_db.h#L238
switch_core_db_prepare,int,"switch_core_db_t *db, const char *zSql, int nBytes, switch_core_db_stmt_t **ppStmt, const char **pzTail",not_verified,https://github.com/signalwire/freeswitch/blob/ef32e205295e29f034f1453ad245ba5efb07b94a/src/include/switch_core_db.h#L262
switch_core_db_step,int,switch_core_db_stmt_t *stmt,not_verified,https://github.com/signalwire/freeswitch/blob/ef32e205295e29f034f1453ad245ba5efb07b94a/src/include/switch_core_db.h#L296
switch_core_db_reset,int,switch_core_db_stmt_t *pStmt,not_verified,https://github.com/signalwire/freeswitch/blob/ef32e205295e29f034f1453ad245ba5efb07b94a/src/include/switch_core_db.h#L305
switch_core_db_bind_int,int,"switch_core_db_stmt_t *pStmt, int i, int iValue",not_verified,https://github.com/signalwire/freeswitch/blob/ef32e205295e29f034f1453ad245ba5efb07b94a/src/include/switch_core_db.h#L327
switch_core_db_bind_int64,int,"switch_core_db_stmt_t *pStmt, int i, int64_t iValue",not_verified,https://github.com/signalwire/freeswitch/blob/ef32e205295e29f034f1453ad245ba5efb07b94a/src/include/switch_core_db.h#L349
switch_core_db_bind_text,int,"switch_core_db_stmt_t *pStmt, int i, const char *zData, int nData, switch_core_db_destructor_type_t xDel",not_verified,https://github.com/signalwire/freeswitch/blob/ef32e205295e29f034f1453ad245ba5efb07b94a/src/include/switch_core_db.h#L379
switch_core_db_bind_double,int,"switch_core_db_stmt_t *pStmt, int i, double dValue",not_verified,https://github.com/signalwire/freeswitch/blob/ef32e205295e29f034f1453ad245ba5efb07b94a/src/include/switch_core_db.h#L401
switch_core_db_last_insert_rowid,int64_t,switch_core_db_t *db,not_verified,https://github.com/signalwire/freeswitch/blob/ef32e205295e29f034f1453ad245ba5efb07b94a/src/include/switch_core_db.h#L412
switch_core_db_get_table,int,"switch_core_db_t *db, const char *sql, char ***resultp, int *nrow, int *ncolumn, char **errmsg",not_verified,https://github.com/signalwire/freeswitch/blob/ef32e205295e29f034f1453ad245ba5efb07b94a/src/include/switch_core_db.h#L455
switch_core_db_free_table,void,char **result,not_verified,https://github.com/signalwire/freeswitch/blob/ef32e205295e29f034f1453ad245ba5efb07b94a/src/include/switch_core_db.h#L466
switch_core_db_free,void,char *z,not_verified,https://github.com/signalwire/freeswitch/blob/ef32e205295e29f034f1453ad245ba5efb07b94a/src/include/switch_core_db.h#L471
switch_core_db_changes,int,switch_core_db_t *db,not_verified,https://github.com/signalwire/freeswitch/blob/ef32e205295e29f034f1453ad245ba5efb07b94a/src/include/switch_core_db.h#L476
switch_core_db_load_extension,int,"switch_core_db_t *db, const char *extension",not_verified,https://github.com/signalwire/freeswitch/blob/ef32e205295e29f034f1453ad245ba5efb07b94a/src/include/switch_core_db.h#L481
switch_sql_concat,char*,void,not_verified,https://github.com/signalwire/freeswitch/blob/ef32e205295e29f034f1453ad245ba5efb07b94a/src/include/switch_core_db.h#L561
switch_media_handle_create,switch_status_t,"switch_media_handle_t **smhp, switch_core_session_t *session, switch_core_media_params_t *params",not_verified,https://github.com/signalwire/freeswitch/blob/ef32e205295e29f034f1453ad245ba5efb07b94a/src/include/switch_core_media.h#L198
switch_media_handle_destroy,void,switch_core_session_t *session,not_verified,https://github.com/signalwire/freeswitch/blob/ef32e205295e29f034f1453ad245ba5efb07b94a/src/include/switch_core_media.h#L199
switch_core_session_get_media_handle,switch_media_handle_t *,switch_core_session_t *session,not_verified,https://github.com/signalwire/freeswitch/blob/ef32e205295e29f034f1453ad245ba5efb07b94a/src/include/switch_core_media.h#L200
switch_core_session_clear_media_handle,switch_status_t,switch_core_session_t *session,not_verified,https://github.com/signalwire/freeswitch/blob/ef32e205295e29f034f1453ad245ba5efb07b94a/src/include/switch_core_media.h#L201
switch_core_session_media_handle_ready,switch_status_t,switch_core_session_t *session,not_verified,https://github.com/signalwire/freeswitch/blob/ef32e205295e29f034f1453ad245ba5efb07b94a/src/include/switch_core_media.h#L202
switch_media_handle_set_media_flag,void,"switch_media_handle_t *smh, switch_core_media_flag_t flag",not_verified,https://github.com/signalwire/freeswitch/blob/ef32e205295e29f034f1453ad245ba5efb07b94a/src/include/switch_core_media.h#L203
switch_media_handle_clear_media_flag,void,"switch_media_handle_t *smh, switch_core_media_flag_t flag",not_verified,https://github.com/signalwire/freeswitch/blob/ef32e205295e29f034f1453ad245ba5efb07b94a/src/include/switch_core_media.h#L204
switch_media_handle_test_media_flag,int32_t,"switch_media_handle_t *smh, switch_core_media_flag_t flag",not_verified,https://github.com/signalwire/freeswitch/blob/ef32e205295e29f034f1453ad245ba5efb07b94a/src/include/switch_core_media.h#L205
switch_media_handle_set_media_flags,void,"switch_media_handle_t *smh, switch_core_media_flag_t flags[SCMF_MAX]",not_verified,https://github.com/signalwire/freeswitch/blob/ef32e205295e29f034f1453ad245ba5efb07b94a/src/include/switch_core_media.h#L206
switch_core_session_check_outgoing_crypto,void,switch_core_session_t *session,not_verified,https://github.com/signalwire/freeswitch/blob/ef32e205295e29f034f1453ad245ba5efb07b94a/src/include/switch_core_media.h#L207
switch_core_session_local_crypto_key,const char *,"switch_core_session_t *session, switch_media_type_t type",not_verified,https://github.com/signalwire/freeswitch/blob/ef32e205295e29f034f1453ad245ba5efb07b94a/src/include/switch_core_media.h#L208
switch_core_session_check_incoming_crypto,int,"switch_core_session_t *session, const char *varname, switch_media_type_t type, const char *crypto, int crypto_tag, switch_sdp_type_t sdp_type",not_verified,https://github.com/signalwire/freeswitch/blob/ef32e205295e29f034f1453ad245ba5efb07b94a/src/include/switch_core_media.h#L209
switch_core_media_get_video_fps,uint32_t,switch_core_session_t *session,not_verified,https://github.com/signalwire/freeswitch/blob/ef32e205295e29f034f1453ad245ba5efb07b94a/src/include/switch_core_media.h#L214
switch_core_media_set_rtp_session,void,"switch_core_session_t *session, switch_media_type_t type, switch_rtp_t *rtp_session",not_verified,https://github.com/signalwire/freeswitch/blob/ef32e205295e29f034f1453ad245ba5efb07b94a/src/include/switch_core_media.h#L215
switch_core_media_get_rtp_session,switch_rtp_t *,"switch_core_session_t *session, switch_media_type_t type",not_verified,https://github.com/signalwire/freeswitch/blob/ef32e205295e29f034f1453ad245ba5efb07b94a/src/include/switch_core_media.h#L216
switch_core_media_get_codec_string,const char *,switch_core_session_t *session,not_verified,https://github.com/signalwire/freeswitch/blob/ef32e205295e29f034f1453ad245ba5efb07b94a/src/include/switch_core_media.h#L218
switch_core_media_parse_rtp_bugs,void,"switch_rtp_bug_flag_t *flag_pole, const char *str",not_verified,https://github.com/signalwire/freeswitch/blob/ef32e205295e29f034f1453ad245ba5efb07b94a/src/include/switch_core_media.h#L219
switch_core_media_add_crypto,switch_status_t,"switch_core_session_t *session, switch_secure_settings_t *ssec, switch_rtp_crypto_direction_t direction",not_verified,https://github.com/signalwire/freeswitch/blob/ef32e205295e29f034f1453ad245ba5efb07b94a/src/include/switch_core_media.h#L220
switch_core_media_extract_t38_options,switch_t38_options_t *,"switch_core_session_t *session, const char *r_sdp",not_verified,https://github.com/signalwire/freeswitch/blob/ef32e205295e29f034f1453ad245ba5efb07b94a/src/include/switch_core_media.h#L221
switch_core_media_toggle_hold,int,"switch_core_session_t *session, int sendonly",not_verified,https://github.com/signalwire/freeswitch/blob/ef32e205295e29f034f1453ad245ba5efb07b94a/src/include/switch_core_media.h#L222
switch_core_media_reset_t38,void,switch_core_session_t *session,not_verified,https://github.com/signalwire/freeswitch/blob/ef32e205295e29f034f1453ad245ba5efb07b94a/src/include/switch_core_media.h#L223
switch_core_media_copy_t38_options,void,"switch_t38_options_t *t38_options, switch_core_session_t *session",not_verified,https://github.com/signalwire/freeswitch/blob/ef32e205295e29f034f1453ad245ba5efb07b94a/src/include/switch_core_media.h#L224
switch_core_media_negotiate_sdp,uint8_t,"switch_core_session_t *session, const char *r_sdp, uint8_t *proceed, switch_sdp_type_t sdp_type",not_verified,https://github.com/signalwire/freeswitch/blob/ef32e205295e29f034f1453ad245ba5efb07b94a/src/include/switch_core_media.h#L225
switch_core_media_set_video_codec,switch_status_t,"switch_core_session_t *session, int force",not_verified,https://github.com/signalwire/freeswitch/blob/ef32e205295e29f034f1453ad245ba5efb07b94a/src/include/switch_core_media.h#L226
switch_core_media_set_codec,switch_status_t,"switch_core_session_t *session, int force, uint32_t codec_flags",not_verified,https://github.com/signalwire/freeswitch/blob/ef32e205295e29f034f1453ad245ba5efb07b94a/src/include/switch_core_media.h#L227
switch_core_media_check_video_codecs,void,switch_core_session_t *session,not_verified,https://github.com/signalwire/freeswitch/blob/ef32e205295e29f034f1453ad245ba5efb07b94a/src/include/switch_core_media.h#L228
switch_core_media_read_frame,switch_status_t,"switch_core_session_t *session, switch_frame_t **frame, switch_io_flag_t flags, int stream_id, switch_media_type_t type",not_verified,https://github.com/signalwire/freeswitch/blob/ef32e205295e29f034f1453ad245ba5efb07b94a/src/include/switch_core_media.h#L229
switch_core_media_write_frame,switch_status_t,"switch_core_session_t *session, switch_frame_t *frame, switch_io_flag_t flags, int stream_id, switch_media_type_t type",not_verified,https://github.com/signalwire/freeswitch/blob/ef32e205295e29f034f1453ad245ba5efb07b94a/src/include/switch_core_media.h#L231
switch_core_media_check_nat,int,"switch_media_handle_t *smh, const char *network_ip",not_verified,https://github.com/signalwire/freeswitch/blob/ef32e205295e29f034f1453ad245ba5efb07b94a/src/include/switch_core_media.h#L233
switch_core_media_choose_port,switch_status_t,"switch_core_session_t *session, switch_media_type_t type, int force",not_verified,https://github.com/signalwire/freeswitch/blob/ef32e205295e29f034f1453ad245ba5efb07b94a/src/include/switch_core_media.h#L235
switch_core_media_choose_ports,switch_status_t,"switch_core_session_t *session, switch_bool_t audio, switch_bool_t video",not_verified,https://github.com/signalwire/freeswitch/blob/ef32e205295e29f034f1453ad245ba5efb07b94a/src/include/switch_core_media.h#L236
switch_core_media_check_dtmf_type,void,switch_core_session_t *session,not_verified,https://github.com/signalwire/freeswitch/blob/ef32e205295e29f034f1453ad245ba5efb07b94a/src/include/switch_core_media.h#L237
switch_core_media_absorb_sdp,void,switch_core_session_t *session,not_verified,https://github.com/signalwire/freeswitch/blob/ef32e205295e29f034f1453ad245ba5efb07b94a/src/include/switch_core_media.h#L238
switch_core_media_proxy_remote_addr,switch_status_t,"switch_core_session_t *session, const char *sdp_str",not_verified,https://github.com/signalwire/freeswitch/blob/ef32e205295e29f034f1453ad245ba5efb07b94a/src/include/switch_core_media.h#L239
switch_core_media_parse_media_flags,void,switch_core_session_t *session,not_verified,https://github.com/signalwire/freeswitch/blob/ef32e205295e29f034f1453ad245ba5efb07b94a/src/include/switch_core_media.h#L240
switch_core_media_deactivate_rtp,void,switch_core_session_t *session,not_verified,https://github.com/signalwire/freeswitch/blob/ef32e205295e29f034f1453ad245ba5efb07b94a/src/include/switch_core_media.h#L241
switch_core_media_activate_rtp,switch_status_t,switch_core_session_t *session,not_verified,https://github.com/signalwire/freeswitch/blob/ef32e205295e29f034f1453ad245ba5efb07b94a/src/include/switch_core_media.h#L242
switch_core_media_ext_address_lookup,switch_status_t,"switch_core_session_t *session, char **ip, switch_port_t *port, const char *sourceip",not_verified,https://github.com/signalwire/freeswitch/blob/ef32e205295e29f034f1453ad245ba5efb07b94a/src/include/switch_core_media.h#L243
switch_core_media_process_t38_passthru,switch_status_t,"switch_core_session_t *session, switch_core_session_t *other_session, switch_t38_options_t *t38_options",not_verified,https://github.com/signalwire/freeswitch/blob/ef32e205295e29f034f1453ad245ba5efb07b94a/src/include/switch_core_media.h#L244
switch_core_media_gen_local_sdp,void,"switch_core_session_t *session, switch_sdp_type_t sdp_type, const char *ip, switch_port_t port, const char *sr, int force",not_verified,https://github.com/signalwire/freeswitch/blob/ef32e205295e29f034f1453ad245ba5efb07b94a/src/include/switch_core_media.h#L246
switch_core_media_set_local_sdp,void,"switch_core_session_t *session, const char *sdp_str, switch_bool_t dup",not_verified,https://github.com/signalwire/freeswitch/blob/ef32e205295e29f034f1453ad245ba5efb07b94a/src/include/switch_core_media.h#L248
switch_core_media_patch_sdp,void,switch_core_session_t *session,not_verified,https://github.com/signalwire/freeswitch/blob/ef32e205295e29f034f1453ad245ba5efb07b94a/src/include/switch_core_media.h#L249
switch_core_media_set_udptl_image_sdp,void,"switch_core_session_t *session, switch_t38_options_t *t38_options, int insist",not_verified,https://github.com/signalwire/freeswitch/blob/ef32e205295e29f034f1453ad245ba5efb07b94a/src/include/switch_core_media.h#L250
switch_core_media_get_mparams,switch_core_media_params_t *,switch_media_handle_t *smh,not_verified,https://github.com/signalwire/freeswitch/blob/ef32e205295e29f034f1453ad245ba5efb07b94a/src/include/switch_core_media.h#L251
switch_core_media_prepare_codecs,switch_status_t,"switch_core_session_t *session, switch_bool_t force",not_verified,https://github.com/signalwire/freeswitch/blob/ef32e205295e29f034f1453ad245ba5efb07b94a/src/include/switch_core_media.h#L252
switch_core_media_start_udptl,void,"switch_core_session_t *session, switch_t38_options_t *t38_options",not_verified,https://github.com/signalwire/freeswitch/blob/ef32e205295e29f034f1453ad245ba5efb07b94a/src/include/switch_core_media.h#L253
switch_core_media_hard_mute,void,"switch_core_session_t *session, switch_bool_t on",not_verified,https://github.com/signalwire/freeswitch/blob/ef32e205295e29f034f1453ad245ba5efb07b94a/src/include/switch_core_media.h#L254
switch_core_media_gen_json_constraint,cJSON *,"float min, float ideal, float max",not_verified,https://github.com/signalwire/freeswitch/blob/ef32e205295e29f034f1453ad245ba5efb07b94a/src/include/switch_core_media.h#L255
switch_core_media_media_params,switch_status_t,"switch_core_session_t *session, const char *json",not_verified,https://github.com/signalwire/freeswitch/blob/ef32e205295e29f034f1453ad245ba5efb07b94a/src/include/switch_core_media.h#L256
switch_core_media_receive_message,switch_status_t,"switch_core_session_t *session, switch_core_session_message_t *msg",not_verified,https://github.com/signalwire/freeswitch/blob/ef32e205295e29f034f1453ad245ba5efb07b94a/src/include/switch_core_media.h#L257
switch_core_media_break,void,"switch_core_session_t *session, switch_media_type_t type",not_verified,https://github.com/signalwire/freeswitch/blob/ef32e205295e29f034f1453ad245ba5efb07b94a/src/include/switch_core_media.h#L261
switch_core_media_kill_socket,void,"switch_core_session_t *session, switch_media_type_t type",not_verified,https://github.com/signalwire/freeswitch/blob/ef32e205295e29f034f1453ad245ba5efb07b94a/src/include/switch_core_media.h#L262
switch_core_media_queue_rfc2833,switch_status_t,"switch_core_session_t *session, switch_media_type_t type, const switch_dtmf_t *dtmf",not_verified,https://github.com/signalwire/freeswitch/blob/ef32e205295e29f034f1453ad245ba5efb07b94a/src/include/switch_core_media.h#L263
switch_core_media_queue_rfc2833_in,switch_status_t,"switch_core_session_t *session, switch_media_type_t type, const switch_dtmf_t *dtmf",not_verified,https://github.com/signalwire/freeswitch/blob/ef32e205295e29f034f1453ad245ba5efb07b94a/src/include/switch_core_media.h#L264
switch_core_media_ready,uint8_t,"switch_core_session_t *session, switch_media_type_t type",not_verified,https://github.com/signalwire/freeswitch/blob/ef32e205295e29f034f1453ad245ba5efb07b94a/src/include/switch_core_media.h#L265
switch_core_media_set_telephony_event,void,"switch_core_session_t *session, switch_media_type_t type, switch_payload_t te",not_verified,https://github.com/signalwire/freeswitch/blob/ef32e205295e29f034f1453ad245ba5efb07b94a/src/include/switch_core_media.h#L266
switch_core_media_set_telephony_recv_event,void,"switch_core_session_t *session, switch_media_type_t type, switch_payload_t te",not_verified,https://github.com/signalwire/freeswitch/blob/ef32e205295e29f034f1453ad245ba5efb07b94a/src/include/switch_core_media.h#L267
switch_core_media_stats,switch_rtp_stats_t *,"switch_core_session_t *session, switch_media_type_t type, switch_memory_pool_t *pool",not_verified,https://github.com/signalwire/freeswitch/blob/ef32e205295e29f034f1453ad245ba5efb07b94a/src/include/switch_core_media.h#L268
switch_core_media_udptl_mode,switch_status_t,"switch_core_session_t *session, switch_media_type_t type",not_verified,https://github.com/signalwire/freeswitch/blob/ef32e205295e29f034f1453ad245ba5efb07b94a/src/include/switch_core_media.h#L269
switch_core_media_check_udptl_mode,switch_bool_t,"switch_core_session_t *session, switch_media_type_t type",not_verified,https://github.com/signalwire/freeswitch/blob/ef32e205295e29f034f1453ad245ba5efb07b94a/src/include/switch_core_media.h#L270
switch_core_media_set_rtp_flag,void,"switch_core_session_t *session, switch_media_type_t type, switch_rtp_flag_t flag",not_verified,https://github.com/signalwire/freeswitch/blob/ef32e205295e29f034f1453ad245ba5efb07b94a/src/include/switch_core_media.h#L272
switch_core_media_clear_rtp_flag,void,"switch_core_session_t *session, switch_media_type_t type, switch_rtp_flag_t flag",not_verified,https://github.com/signalwire/freeswitch/blob/ef32e205295e29f034f1453ad245ba5efb07b94a/src/include/switch_core_media.h#L273
switch_core_media_get_jb,switch_jb_t *,"switch_core_session_t *session, switch_media_type_t type",not_verified,https://github.com/signalwire/freeswitch/blob/ef32e205295e29f034f1453ad245ba5efb07b94a/src/include/switch_core_media.h#L274
switch_core_media_get_stats,switch_rtp_stats_t *,"switch_core_session_t *session, switch_media_type_t type, switch_memory_pool_t *pool",not_verified,https://github.com/signalwire/freeswitch/blob/ef32e205295e29f034f1453ad245ba5efb07b94a/src/include/switch_core_media.h#L275
switch_core_media_set_sdp_codec_string,void,"switch_core_session_t *session, const char *r_sdp, switch_sdp_type_t sdp_type",not_verified,https://github.com/signalwire/freeswitch/blob/ef32e205295e29f034f1453ad245ba5efb07b94a/src/include/switch_core_media.h#L278
switch_core_media_merge_sdp_codec_string,void,"switch_core_session_t *session, const char *r_sdp, switch_sdp_type_t sdp_type, const char *codec_string",not_verified,https://github.com/signalwire/freeswitch/blob/ef32e205295e29f034f1453ad245ba5efb07b94a/src/include/switch_core_media.h#L279
switch_core_media_reset_autofix,void,"switch_core_session_t *session, switch_media_type_t type",not_verified,https://github.com/signalwire/freeswitch/blob/ef32e205295e29f034f1453ad245ba5efb07b94a/src/include/switch_core_media.h#L283
switch_core_media_check_outgoing_proxy,void,"switch_core_session_t *session, switch_core_session_t *o_session",not_verified,https://github.com/signalwire/freeswitch/blob/ef32e205295e29f034f1453ad245ba5efb07b94a/src/include/switch_core_media.h#L284
switch_core_media_codec_chosen,switch_status_t,"switch_core_session_t *session, switch_media_type_t media",not_verified,https://github.com/signalwire/freeswitch/blob/ef32e205295e29f034f1453ad245ba5efb07b94a/src/include/switch_core_media.h#L285
switch_core_media_recover_session,void,switch_core_session_t *session,not_verified,https://github.com/signalwire/freeswitch/blob/ef32e205295e29f034f1453ad245ba5efb07b94a/src/include/switch_core_media.h#L286
switch_core_media_add_ice_acl,switch_status_t,"switch_core_session_t *session, switch_media_type_t type, const char *acl_name",not_verified,https://github.com/signalwire/freeswitch/blob/ef32e205295e29f034f1453ad245ba5efb07b94a/src/include/switch_core_media.h#L287
switch_core_session_set_ice,void,switch_core_session_t *session,not_verified,https://github.com/signalwire/freeswitch/blob/ef32e205295e29f034f1453ad245ba5efb07b94a/src/include/switch_core_media.h#L288
switch_core_media_clear_ice,void,switch_core_session_t *session,not_verified,https://github.com/signalwire/freeswitch/blob/ef32e205295e29f034f1453ad245ba5efb07b94a/src/include/switch_core_media.h#L289
switch_core_media_pause,void,switch_core_session_t *session,not_verified,https://github.com/signalwire/freeswitch/blob/ef32e205295e29f034f1453ad245ba5efb07b94a/src/include/switch_core_media.h#L290
switch_core_media_resume,void,switch_core_session_t *session,not_verified,https://github.com/signalwire/freeswitch/blob/ef32e205295e29f034f1453ad245ba5efb07b94a/src/include/switch_core_media.h#L291
switch_core_media_init,void,void,not_verified,https://github.com/signalwire/freeswitch/blob/ef32e205295e29f034f1453ad245ba5efb07b94a/src/include/switch_core_media.h#L292
switch_core_media_deinit,void,void,not_verified,https://github.com/signalwire/freeswitch/blob/ef32e205295e29f034f1453ad245ba5efb07b94a/src/include/switch_core_media.h#L293
switch_core_media_set_stats,void,switch_core_session_t *session,not_verified,https://github.com/signalwire/freeswitch/blob/ef32e205295e29f034f1453ad245ba5efb07b94a/src/include/switch_core_media.h#L294
switch_core_media_sync_stats,void,switch_core_session_t *session,not_verified,https://github.com/signalwire/freeswitch/blob/ef32e205295e29f034f1453ad245ba5efb07b94a/src/include/switch_core_media.h#L295
switch_core_session_wake_video_thread,void,switch_core_session_t *session,not_verified,https://github.com/signalwire/freeswitch/blob/ef32e205295e29f034f1453ad245ba5efb07b94a/src/include/switch_core_media.h#L296
switch_core_session_clear_crypto,void,switch_core_session_t *session,not_verified,https://github.com/signalwire/freeswitch/blob/ef32e205295e29f034f1453ad245ba5efb07b94a/src/include/switch_core_media.h#L297
switch_core_session_get_payload_code,switch_status_t,"switch_core_session_t *session, switch_media_type_t type, const char *iananame, uint32_t rate, const char *fmtp_in, switch_payload_t *ptP, switch_payload_t *recv_ptP, char **fmtpP",not_verified,https://github.com/signalwire/freeswitch/blob/ef32e205295e29f034f1453ad245ba5efb07b94a/src/include/switch_core_media.h#L299
switch_core_media_add_payload_map,payload_map_t *,"switch_core_session_t *session, switch_media_type_t type, const char *name, const char *modname, const char *fmtp, switch_sdp_type_t sdp_type, uint32_t pt, uint32_t rate, uint32_t ptime, uint32_t channels, uint8_t negotiated",not_verified,https://github.com/signalwire/freeswitch/blob/ef32e205295e29f034f1453ad245ba5efb07b94a/src/include/switch_core_media.h#L308
switch_core_media_check_autoadj,switch_status_t,switch_core_session_t *session,not_verified,https://github.com/signalwire/freeswitch/blob/ef32e205295e29f034f1453ad245ba5efb07b94a/src/include/switch_core_media.h#L320
switch_core_media_crypto_str2type,switch_rtp_crypto_key_type_t,const char *str,not_verified,https://github.com/signalwire/freeswitch/blob/ef32e205295e29f034f1453ad245ba5efb07b94a/src/include/switch_core_media.h#L321
switch_core_media_crypto_type2str,const char *,switch_rtp_crypto_key_type_t type,not_verified,https://github.com/signalwire/freeswitch/blob/ef32e205295e29f034f1453ad245ba5efb07b94a/src/include/switch_core_media.h#L322
switch_core_media_crypto_keysalt_len,int,switch_rtp_crypto_key_type_t type,not_verified,https://github.com/signalwire/freeswitch/blob/ef32e205295e29f034f1453ad245ba5efb07b94a/src/include/switch_core_media.h#L323
switch_core_media_crypto_salt_len,int,switch_rtp_crypto_key_type_t type,not_verified,https://github.com/signalwire/freeswitch/blob/ef32e205295e29f034f1453ad245ba5efb07b94a/src/include/switch_core_media.h#L324
switch_core_media_filter_sdp,char *,"const char *sdp, const char *cmd, const char *arg",not_verified,https://github.com/signalwire/freeswitch/blob/ef32e205295e29f034f1453ad245ba5efb07b94a/src/include/switch_core_media.h#L325
switch_core_media_process_sdp_filter,char *,"const char *sdp, const char *cmd_buf, switch_core_session_t *session",not_verified,https://github.com/signalwire/freeswitch/blob/ef32e205295e29f034f1453ad245ba5efb07b94a/src/include/switch_core_media.h#L326
switch_core_media_codec_control,switch_status_t,"switch_core_session_t *session, switch_media_type_t mtype, switch_io_type_t iotype, switch_codec_control_command_t cmd, switch_codec_control_type_t ctype, void *cmd_data, switch_codec_control_type_t atype, void *cmd_arg, switch_codec_control_type_t *rtype, void **ret_data",not_verified,https://github.com/signalwire/freeswitch/blob/ef32e205295e29f034f1453ad245ba5efb07b94a/src/include/switch_core_media.h#L329
switch_core_media_codec_get_cap,switch_bool_t,"switch_core_session_t *session, switch_media_type_t mtype, switch_codec_flag_t flag",not_verified,https://github.com/signalwire/freeswitch/blob/ef32e205295e29f034f1453ad245ba5efb07b94a/src/include/switch_core_media.h#L340
switch_core_media_get_timer,switch_timer_t *,"switch_core_session_t *session, switch_media_type_t mtype",not_verified,https://github.com/signalwire/freeswitch/blob/ef32e205295e29f034f1453ad245ba5efb07b94a/src/include/switch_core_media.h#L352
switch_core_media_start_engine_function,void,"switch_core_session_t *session, switch_media_type_t type, switch_engine_function_t engine_function, void *user_data",not_verified,https://github.com/signalwire/freeswitch/blob/ef32e205295e29f034f1453ad245ba5efb07b94a/src/include/switch_core_media.h#L353
switch_core_media_end_engine_function,void,"switch_core_session_t *session, switch_media_type_t type",not_verified,https://github.com/signalwire/freeswitch/blob/ef32e205295e29f034f1453ad245ba5efb07b94a/src/include/switch_core_media.h#L354
switch_core_session_start_video_thread,switch_status_t,switch_core_session_t *session,not_verified,https://github.com/signalwire/freeswitch/blob/ef32e205295e29f034f1453ad245ba5efb07b94a/src/include/switch_core_media.h#L355
switch_core_media_check_engine_function,int,"switch_core_session_t *session, switch_media_type_t type",not_verified,https://github.com/signalwire/freeswitch/blob/ef32e205295e29f034f1453ad245ba5efb07b94a/src/include/switch_core_media.h#L356
switch_core_session_video_reinit,void,switch_core_session_t *session,not_verified,https://github.com/signalwire/freeswitch/blob/ef32e205295e29f034f1453ad245ba5efb07b94a/src/include/switch_core_media.h#L357
switch_core_media_read_lock_unlock,switch_status_t,"switch_core_session_t *session, switch_media_type_t type, switch_bool_t lock",not_verified,https://github.com/signalwire/freeswitch/blob/ef32e205295e29f034f1453ad245ba5efb07b94a/src/include/switch_core_media.h#L358
switch_core_session_stop_media,void,switch_core_session_t *session,not_verified,https://github.com/signalwire/freeswitch/blob/ef32e205295e29f034f1453ad245ba5efb07b94a/src/include/switch_core_media.h#L363
switch_core_session_media_flow,switch_media_flow_t,"switch_core_session_t *session, switch_media_type_t type",not_verified,https://github.com/signalwire/freeswitch/blob/ef32e205295e29f034f1453ad245ba5efb07b94a/src/include/switch_core_media.h#L364
switch_core_media_get_vid_params,switch_status_t,"switch_core_session_t *session, switch_vid_params_t *vid_params",not_verified,https://github.com/signalwire/freeswitch/blob/ef32e205295e29f034f1453ad245ba5efb07b94a/src/include/switch_core_media.h#L365
switch_core_session_write_blank_video,void,"switch_core_session_t *session, uint32_t ms",not_verified,https://github.com/signalwire/freeswitch/blob/ef32e205295e29f034f1453ad245ba5efb07b94a/src/include/switch_core_media.h#L366
switch_core_media_lock_video_file,switch_status_t,"switch_core_session_t *session, switch_rw_t rw",not_verified,https://github.com/signalwire/freeswitch/blob/ef32e205295e29f034f1453ad245ba5efb07b94a/src/include/switch_core_media.h#L367
switch_core_media_unlock_video_file,switch_status_t,"switch_core_session_t *session, switch_rw_t rw",not_verified,https://github.com/signalwire/freeswitch/blob/ef32e205295e29f034f1453ad245ba5efb07b94a/src/include/switch_core_media.h#L368
switch_core_media_set_video_file,switch_status_t,"switch_core_session_t *session, switch_file_handle_t *fh, switch_rw_t rw",not_verified,https://github.com/signalwire/freeswitch/blob/ef32e205295e29f034f1453ad245ba5efb07b94a/src/include/switch_core_media.h#L369
switch_core_media_get_video_file,switch_file_handle_t *,"switch_core_session_t *session, switch_rw_t rw",not_verified,https://github.com/signalwire/freeswitch/blob/ef32e205295e29f034f1453ad245ba5efb07b94a/src/include/switch_core_media.h#L370
switch_core_session_in_video_thread,switch_bool_t,switch_core_session_t *session,not_verified,https://github.com/signalwire/freeswitch/blob/ef32e205295e29f034f1453ad245ba5efb07b94a/src/include/switch_core_media.h#L371
switch_core_media_check_dtls,switch_bool_t,"switch_core_session_t *session, switch_media_type_t type",not_verified,https://github.com/signalwire/freeswitch/blob/ef32e205295e29f034f1453ad245ba5efb07b94a/src/include/switch_core_media.h#L372
switch_core_media_set_outgoing_bitrate,switch_status_t,"switch_core_session_t *session, switch_media_type_t type, uint32_t bitrate",not_verified,https://github.com/signalwire/freeswitch/blob/ef32e205295e29f034f1453ad245ba5efb07b94a/src/include/switch_core_media.h#L373
switch_core_media_get_orig_bitrate,uint32_t,"switch_core_session_t *session, switch_media_type_t type",not_verified,https://github.com/signalwire/freeswitch/blob/ef32e205295e29f034f1453ad245ba5efb07b94a/src/include/switch_core_media.h#L374
switch_core_media_set_media_bw_mult,void,"switch_core_session_t *session, float mult",not_verified,https://github.com/signalwire/freeswitch/blob/ef32e205295e29f034f1453ad245ba5efb07b94a/src/include/switch_core_media.h#L375
switch_core_media_get_media_bw_mult,float,switch_core_session_t *session,not_verified,https://github.com/signalwire/freeswitch/blob/ef32e205295e29f034f1453ad245ba5efb07b94a/src/include/switch_core_media.h#L376
switch_core_media_reset_jb,switch_status_t,"switch_core_session_t *session, switch_media_type_t type",not_verified,https://github.com/signalwire/freeswitch/blob/ef32e205295e29f034f1453ad245ba5efb07b94a/src/include/switch_core_media.h#L377
switch_core_session_wait_for_video_input_params,switch_status_t,"switch_core_session_t *session, uint32_t timeout_ms",not_verified,https://github.com/signalwire/freeswitch/blob/ef32e205295e29f034f1453ad245ba5efb07b94a/src/include/switch_core_media.h#L378
switch_core_session_set_text_read_callback,switch_status_t,"switch_core_session_t *session, switch_core_text_thread_callback_func_t func, void *user_data",not_verified,https://github.com/signalwire/freeswitch/blob/ef32e205295e29f034f1453ad245ba5efb07b94a/src/include/switch_core_media.h#L381
switch_core_session_text_read_callback,switch_status_t,"switch_core_session_t *session, switch_frame_t *frame",not_verified,https://github.com/signalwire/freeswitch/blob/ef32e205295e29f034f1453ad245ba5efb07b94a/src/include/switch_core_media.h#L383
switch_core_session_read_text_frame,switch_status_t,"switch_core_session_t *session, switch_frame_t **frame, switch_io_flag_t flags, int stream_id",not_verified,https://github.com/signalwire/freeswitch/blob/ef32e205295e29f034f1453ad245ba5efb07b94a/src/include/switch_core_media.h#L384
switch_core_session_write_text_frame,switch_status_t,"switch_core_session_t *session, switch_frame_t *frame, switch_io_flag_t flags, int stream_id",not_verified,https://github.com/signalwire/freeswitch/blob/ef32e205295e29f034f1453ad245ba5efb07b94a/src/include/switch_core_media.h#L387
switch_rtp_text_factory_create,switch_status_t,"switch_rtp_text_factory_t **tfP, switch_memory_pool_t *pool",not_verified,https://github.com/signalwire/freeswitch/blob/ef32e205295e29f034f1453ad245ba5efb07b94a/src/include/switch_core_media.h#L390
switch_rtp_text_factory_destroy,switch_status_t,switch_rtp_text_factory_t **tfP,not_verified,https://github.com/signalwire/freeswitch/blob/ef32e205295e29f034f1453ad245ba5efb07b94a/src/include/switch_core_media.h#L391
switch_core_session_print,switch_status_t,"switch_core_session_t *session, const char *data",not_verified,https://github.com/signalwire/freeswitch/blob/ef32e205295e29f034f1453ad245ba5efb07b94a/src/include/switch_core_media.h#L393
switch_core_session_printf,switch_status_t,"switch_core_session_t *session, const char *fmt, ...",not_verified,https://github.com/signalwire/freeswitch/blob/ef32e205295e29f034f1453ad245ba5efb07b94a/src/include/switch_core_media.h#L394
switch_core_media_get_msrp_session,switch_msrp_session_t *,switch_core_session_t *session,not_verified,https://github.com/signalwire/freeswitch/blob/ef32e205295e29f034f1453ad245ba5efb07b94a/src/include/switch_core_media.h#L396
switch_core_media_set_smode,void,"switch_core_session_t *session, switch_media_type_t type, switch_media_flow_t smode, switch_sdp_type_t sdp_type",not_verified,https://github.com/signalwire/freeswitch/blob/ef32e205295e29f034f1453ad245ba5efb07b94a/src/include/switch_core_media.h#L397
switch_core_media_set_resolveice,void,switch_bool_t resolve_ice,not_verified,https://github.com/signalwire/freeswitch/blob/ef32e205295e29f034f1453ad245ba5efb07b94a/src/include/switch_core_media.h#L399
switch_core_media_has_resolveice,switch_bool_t,void,not_verified,https://github.com/signalwire/freeswitch/blob/ef32e205295e29f034f1453ad245ba5efb07b94a/src/include/switch_core_media.h#L400
switch_core_media_get_engine,switch_rtp_engine_t *,"switch_core_session_t *session, int media_type",not_verified,https://github.com/signalwire/freeswitch/blob/ef32e205295e29f034f1453ad245ba5efb07b94a/src/include/switch_core_media.h#L403
switch_core_media_get_codec,switch_codec_t*,"switch_core_session_t *session, switch_media_type_t type",not_verified,https://github.com/signalwire/freeswitch/blob/ef32e205295e29f034f1453ad245ba5efb07b94a/src/include/switch_core_media.h#L404
switch_img_alloc,switch_image_t *,"switch_image_t  *img, switch_img_fmt_t fmt, unsigned int d_w, unsigned int d_h, unsigned int align",not_verified,https://github.com/signalwire/freeswitch/blob/ef32e205295e29f034f1453ad245ba5efb07b94a/src/include/switch_core_video.h#L165
switch_img_wrap,switch_image_t *,"switch_image_t  *img, switch_img_fmt_t fmt, unsigned int d_w, unsigned int d_h, unsigned int align, unsigned char *img_data",not_verified,https://github.com/signalwire/freeswitch/blob/ef32e205295e29f034f1453ad245ba5efb07b94a/src/include/switch_core_video.h#L190
switch_img_patch,void,"switch_image_t *IMG, switch_image_t *img, int x, int y",not_verified,https://github.com/signalwire/freeswitch/blob/ef32e205295e29f034f1453ad245ba5efb07b94a/src/include/switch_core_video.h#L206
switch_img_attenuate,void,switch_image_t *img,not_verified,https://github.com/signalwire/freeswitch/blob/ef32e205295e29f034f1453ad245ba5efb07b94a/src/include/switch_core_video.h#L208
switch_img_patch_rgb,void,"switch_image_t *IMG, switch_image_t *img, int x, int y, switch_bool_t noalpha",not_verified,https://github.com/signalwire/freeswitch/blob/ef32e205295e29f034f1453ad245ba5efb07b94a/src/include/switch_core_video.h#L220
switch_img_patch_rect,void,"switch_image_t *IMG, int X, int Y, switch_image_t *img, uint32_t x, uint32_t y, uint32_t w, uint32_t h",not_verified,https://github.com/signalwire/freeswitch/blob/ef32e205295e29f034f1453ad245ba5efb07b94a/src/include/switch_core_video.h#L236
switch_img_copy,void,"switch_image_t *img, switch_image_t **new_img",not_verified,https://github.com/signalwire/freeswitch/blob/ef32e205295e29f034f1453ad245ba5efb07b94a/src/include/switch_core_video.h#L249
switch_img_rotate_copy,void,"switch_image_t *img, switch_image_t **new_img, switch_image_rotation_mode_t mode",not_verified,https://github.com/signalwire/freeswitch/blob/ef32e205295e29f034f1453ad245ba5efb07b94a/src/include/switch_core_video.h#L250
switch_img_rotate,void,"switch_image_t **img, switch_image_rotation_mode_t mode",not_verified,https://github.com/signalwire/freeswitch/blob/ef32e205295e29f034f1453ad245ba5efb07b94a/src/include/switch_core_video.h#L261
switch_img_free,void,switch_image_t **img,not_verified,https://github.com/signalwire/freeswitch/blob/ef32e205295e29f034f1453ad245ba5efb07b94a/src/include/switch_core_video.h#L269
switch_img_draw_text,void,"switch_image_t *IMG, int x, int y, switch_rgb_color_t color, uint16_t font_size, char *text",not_verified,https://github.com/signalwire/freeswitch/blob/ef32e205295e29f034f1453ad245ba5efb07b94a/src/include/switch_core_video.h#L271
switch_img_add_text,void,"void *buffer, int w, int x, int y, char *s",not_verified,https://github.com/signalwire/freeswitch/blob/ef32e205295e29f034f1453ad245ba5efb07b94a/src/include/switch_core_video.h#L273
switch_img_copy_rect,switch_image_t *,"switch_image_t *img, uint32_t x, uint32_t y, uint32_t w, uint32_t h",not_verified,https://github.com/signalwire/freeswitch/blob/ef32e205295e29f034f1453ad245ba5efb07b94a/src/include/switch_core_video.h#L286
switch_img_fill,void,"switch_image_t *img, int x, int y, int w, int h, switch_rgb_color_t *color",not_verified,https://github.com/signalwire/freeswitch/blob/ef32e205295e29f034f1453ad245ba5efb07b94a/src/include/switch_core_video.h#L297
switch_img_8bit,void,switch_image_t *img,not_verified,https://github.com/signalwire/freeswitch/blob/ef32e205295e29f034f1453ad245ba5efb07b94a/src/include/switch_core_video.h#L298
switch_img_gray,void,"switch_image_t *img, int x, int y, int w, int h",not_verified,https://github.com/signalwire/freeswitch/blob/ef32e205295e29f034f1453ad245ba5efb07b94a/src/include/switch_core_video.h#L300
switch_img_sepia,void,"switch_image_t *img, int x, int y, int w, int h",not_verified,https://github.com/signalwire/freeswitch/blob/ef32e205295e29f034f1453ad245ba5efb07b94a/src/include/switch_core_video.h#L301
switch_img_fill_noalpha,void,"switch_image_t *img, int x, int y, int w, int h, switch_rgb_color_t *color",not_verified,https://github.com/signalwire/freeswitch/blob/ef32e205295e29f034f1453ad245ba5efb07b94a/src/include/switch_core_video.h#L303
switch_color_set_rgb,void,"switch_rgb_color_t *color, const char *color_str",not_verified,https://github.com/signalwire/freeswitch/blob/ef32e205295e29f034f1453ad245ba5efb07b94a/src/include/switch_core_video.h#L312
switch_color_set_yuv,void,"switch_yuv_color_t *color, const char *color_str",not_verified,https://github.com/signalwire/freeswitch/blob/ef32e205295e29f034f1453ad245ba5efb07b94a/src/include/switch_core_video.h#L321
switch_img_txt_handle_create,switch_status_t,"switch_img_txt_handle_t **handleP, const char *font_family, const char *font_color, const char *bgcolor, uint16_t font_size, double angle, switch_memory_pool_t *pool",not_verified,https://github.com/signalwire/freeswitch/blob/ef32e205295e29f034f1453ad245ba5efb07b94a/src/include/switch_core_video.h#L333
switch_img_txt_handle_destroy,void,switch_img_txt_handle_t **handleP,not_verified,https://github.com/signalwire/freeswitch/blob/ef32e205295e29f034f1453ad245ba5efb07b94a/src/include/switch_core_video.h#L340
switch_img_txt_handle_render,uint32_t,"switch_img_txt_handle_t *handle, switch_image_t *img, int x, int y, const char *text, const char *font_family, const char *font_color, const char *bgcolor, uint16_t font_size, double angle",not_verified,https://github.com/signalwire/freeswitch/blob/ef32e205295e29f034f1453ad245ba5efb07b94a/src/include/switch_core_video.h#L356
switch_img_patch_hole,void,"switch_image_t *IMG, switch_image_t *img, int x, int y, switch_image_rect_t *rect",not_verified,https://github.com/signalwire/freeswitch/blob/ef32e205295e29f034f1453ad245ba5efb07b94a/src/include/switch_core_video.h#L361
switch_png_patch_img,switch_status_t,"switch_png_t *use_png, switch_image_t *img, int x, int y",not_verified,https://github.com/signalwire/freeswitch/blob/ef32e205295e29f034f1453ad245ba5efb07b94a/src/include/switch_core_video.h#L363
switch_img_read_png,switch_image_t *,"const char *file_name, switch_img_fmt_t img_fmt",not_verified,https://github.com/signalwire/freeswitch/blob/ef32e205295e29f034f1453ad245ba5efb07b94a/src/include/switch_core_video.h#L364
switch_img_read_png_from_memory,switch_image_t *,"void *mem, size_t size, switch_img_fmt_t img_fmt",not_verified,https://github.com/signalwire/freeswitch/blob/ef32e205295e29f034f1453ad245ba5efb07b94a/src/include/switch_core_video.h#L365
switch_img_write_png,switch_status_t,"switch_image_t *img, char *file_name",not_verified,https://github.com/signalwire/freeswitch/blob/ef32e205295e29f034f1453ad245ba5efb07b94a/src/include/switch_core_video.h#L366
switch_png_open,switch_status_t,"switch_png_t **pngP, const char *file_name",not_verified,https://github.com/signalwire/freeswitch/blob/ef32e205295e29f034f1453ad245ba5efb07b94a/src/include/switch_core_video.h#L367
switch_png_free,void,switch_png_t **pngP,not_verified,https://github.com/signalwire/freeswitch/blob/ef32e205295e29f034f1453ad245ba5efb07b94a/src/include/switch_core_video.h#L368
switch_img_data_url_png,switch_status_t,"switch_image_t *img, char **urlP",not_verified,https://github.com/signalwire/freeswitch/blob/ef32e205295e29f034f1453ad245ba5efb07b94a/src/include/switch_core_video.h#L369
switch_img_data_url,switch_status_t,"switch_image_t *img, char **urlP, const char *type, int quality",not_verified,https://github.com/signalwire/freeswitch/blob/ef32e205295e29f034f1453ad245ba5efb07b94a/src/include/switch_core_video.h#L370
switch_img_read_from_file,switch_image_t *,"const char *file_name, switch_img_fmt_t img_fmt",not_verified,https://github.com/signalwire/freeswitch/blob/ef32e205295e29f034f1453ad245ba5efb07b94a/src/include/switch_core_video.h#L373
switch_img_write_to_file,switch_status_t,"switch_image_t *img, const char* file_name, int quality",not_verified,https://github.com/signalwire/freeswitch/blob/ef32e205295e29f034f1453ad245ba5efb07b94a/src/include/switch_core_video.h#L379
switch_img_overlay,void,"switch_image_t *IMG, switch_image_t *img, int x, int y, uint8_t percent",not_verified,https://github.com/signalwire/freeswitch/blob/ef32e205295e29f034f1453ad245ba5efb07b94a/src/include/switch_core_video.h#L391
switch_img_mirror,switch_status_t,"switch_image_t *src, switch_image_t **destP",not_verified,https://github.com/signalwire/freeswitch/blob/ef32e205295e29f034f1453ad245ba5efb07b94a/src/include/switch_core_video.h#L393
switch_img_scale,switch_status_t,"switch_image_t *src, switch_image_t **destP, int width, int height",not_verified,https://github.com/signalwire/freeswitch/blob/ef32e205295e29f034f1453ad245ba5efb07b94a/src/include/switch_core_video.h#L394
switch_img_fit,switch_status_t,"switch_image_t **srcP, int width, int height, switch_img_fit_t fit",not_verified,https://github.com/signalwire/freeswitch/blob/ef32e205295e29f034f1453ad245ba5efb07b94a/src/include/switch_core_video.h#L395
switch_img_calc_fit,void,"switch_image_t *src, int width, int height, int *new_wP, int *new_hP",not_verified,https://github.com/signalwire/freeswitch/blob/ef32e205295e29f034f1453ad245ba5efb07b94a/src/include/switch_core_video.h#L396
parse_img_position,switch_img_position_t,const char *name,not_verified,https://github.com/signalwire/freeswitch/blob/ef32e205295e29f034f1453ad245ba5efb07b94a/src/include/switch_core_video.h#L397
parse_img_fit,switch_img_fit_t,const char *name,not_verified,https://github.com/signalwire/freeswitch/blob/ef32e205295e29f034f1453ad245ba5efb07b94a/src/include/switch_core_video.h#L398
switch_img_find_position,void,"switch_img_position_t pos, int sw, int sh, int iw, int ih, int *xP, int *yP",not_verified,https://github.com/signalwire/freeswitch/blob/ef32e205295e29f034f1453ad245ba5efb07b94a/src/include/switch_core_video.h#L399
switch_img_to_raw,switch_status_t,"switch_image_t *src, void *dest, int stride, switch_img_fmt_t fmt",not_verified,https://github.com/signalwire/freeswitch/blob/ef32e205295e29f034f1453ad245ba5efb07b94a/src/include/switch_core_video.h#L410
switch_img_from_raw,switch_status_t,"switch_image_t** destP, void *src, switch_img_fmt_t fmt, int width, int height",not_verified,https://github.com/signalwire/freeswitch/blob/ef32e205295e29f034f1453ad245ba5efb07b94a/src/include/switch_core_video.h#L423
switch_img_write_text_img,switch_image_t *,"int w, int h, switch_bool_t full, const char *text",not_verified,https://github.com/signalwire/freeswitch/blob/ef32e205295e29f034f1453ad245ba5efb07b94a/src/include/switch_core_video.h#L424
switch_img_read_file,switch_image_t *,const char* file_name,not_verified,https://github.com/signalwire/freeswitch/blob/ef32e205295e29f034f1453ad245ba5efb07b94a/src/include/switch_core_video.h#L426
switch_img_letterbox,switch_status_t,"switch_image_t *img, switch_image_t **imgP, int width, int height, const char *color",not_verified,https://github.com/signalwire/freeswitch/blob/ef32e205295e29f034f1453ad245ba5efb07b94a/src/include/switch_core_video.h#L427
switch_core_has_video,switch_bool_t,void,not_verified,https://github.com/signalwire/freeswitch/blob/ef32e205295e29f034f1453ad245ba5efb07b94a/src/include/switch_core_video.h#L428
switch_I420_copy,switch_status_t,"const uint8_t* src_y, int src_stride_y, const uint8_t* src_u, int src_stride_u, const uint8_t* src_v, int src_stride_v, uint8_t* dst_y, int dst_stride_y, uint8_t* dst_u, int dst_stride_u, uint8_t* dst_v, int dst_stride_v, int width, int height",not_verified,https://github.com/signalwire/freeswitch/blob/ef32e205295e29f034f1453ad245ba5efb07b94a/src/include/switch_core_video.h#L432
switch_I420_copy2,switch_status_t,"uint8_t *src_planes[], int src_stride[], uint8_t *dst_planes[], int dst_stride[], int width, int height",not_verified,https://github.com/signalwire/freeswitch/blob/ef32e205295e29f034f1453ad245ba5efb07b94a/src/include/switch_core_video.h#L439
switch_I420ToARGB,switch_status_t,"const uint8_t *src_y, int src_stride_y, const uint8_t *src_u, int src_stride_u, const uint8_t *src_v, int src_stride_v, uint8_t *dst_argb, int dst_stride_argb, int width, int height",not_verified,https://github.com/signalwire/freeswitch/blob/ef32e205295e29f034f1453ad245ba5efb07b94a/src/include/switch_core_video.h#L445
switch_RGBAToARGB,switch_status_t,"const uint8_t* src_frame, int src_stride_frame, uint8_t* dst_argb, int dst_stride_argb, int width, int height",not_verified,https://github.com/signalwire/freeswitch/blob/ef32e205295e29f034f1453ad245ba5efb07b94a/src/include/switch_core_video.h#L451
switch_ABGRToARGB,switch_status_t,"const uint8_t* src_frame, int src_stride_frame, uint8_t* dst_argb, int dst_stride_argb, int width, int height",not_verified,https://github.com/signalwire/freeswitch/blob/ef32e205295e29f034f1453ad245ba5efb07b94a/src/include/switch_core_video.h#L454
switch_ARGBToARGB,switch_status_t,"const uint8_t* src_frame, int src_stride_frame, uint8_t* dst_argb, int dst_stride_argb, int width, int height",not_verified,https://github.com/signalwire/freeswitch/blob/ef32e205295e29f034f1453ad245ba5efb07b94a/src/include/switch_core_video.h#L457
switch_img_chromakey,void,"switch_image_t *img, switch_rgb_color_t *mask, int threshold",not_verified,https://github.com/signalwire/freeswitch/blob/ef32e205295e29f034f1453ad245ba5efb07b94a/src/include/switch_core_video.h#L463
switch_chromakey_clear_colors,switch_status_t,switch_chromakey_t *ck,not_verified,https://github.com/signalwire/freeswitch/blob/ef32e205295e29f034f1453ad245ba5efb07b94a/src/include/switch_core_video.h#L464
switch_chromakey_autocolor,switch_status_t,"switch_chromakey_t *ck, switch_shade_t autocolor, uint32_t threshold",not_verified,https://github.com/signalwire/freeswitch/blob/ef32e205295e29f034f1453ad245ba5efb07b94a/src/include/switch_core_video.h#L466
switch_chromakey_add_color,switch_status_t,"switch_chromakey_t *ck, switch_rgb_color_t *color, uint32_t threshold",not_verified,https://github.com/signalwire/freeswitch/blob/ef32e205295e29f034f1453ad245ba5efb07b94a/src/include/switch_core_video.h#L467
switch_chromakey_destroy,switch_status_t,switch_chromakey_t **ckP,not_verified,https://github.com/signalwire/freeswitch/blob/ef32e205295e29f034f1453ad245ba5efb07b94a/src/include/switch_core_video.h#L468
switch_chromakey_create,switch_status_t,switch_chromakey_t **ckP,not_verified,https://github.com/signalwire/freeswitch/blob/ef32e205295e29f034f1453ad245ba5efb07b94a/src/include/switch_core_video.h#L469
switch_chromakey_set_default_threshold,void,"switch_chromakey_t *ck, uint32_t threshold",not_verified,https://github.com/signalwire/freeswitch/blob/ef32e205295e29f034f1453ad245ba5efb07b94a/src/include/switch_core_video.h#L470
switch_chromakey_process,void,"switch_chromakey_t *ck, switch_image_t *img",not_verified,https://github.com/signalwire/freeswitch/blob/ef32e205295e29f034f1453ad245ba5efb07b94a/src/include/switch_core_video.h#L471
switch_chromakey_cache_image,switch_image_t *,switch_chromakey_t *ck,not_verified,https://github.com/signalwire/freeswitch/blob/ef32e205295e29f034f1453ad245ba5efb07b94a/src/include/switch_core_video.h#L472
switch_chromakey_str2shade,switch_shade_t,"switch_chromakey_t *ck, const char *shade_name",not_verified,https://github.com/signalwire/freeswitch/blob/ef32e205295e29f034f1453ad245ba5efb07b94a/src/include/switch_core_video.h#L473
switch_core_video_parse_filter_string,void,"switch_core_video_filter_t *filters, const char *filter_str",not_verified,https://github.com/signalwire/freeswitch/blob/ef32e205295e29f034f1453ad245ba5efb07b94a/src/include/switch_core_video.h#L475
switch_curl_easy_init,switch_CURL *,void,not_verified,https://github.com/signalwire/freeswitch/blob/ef32e205295e29f034f1453ad245ba5efb07b94a/src/include/switch_curl.h#L46
switch_curl_easy_perform,switch_CURLcode,switch_CURL *handle,not_verified,https://github.com/signalwire/freeswitch/blob/ef32e205295e29f034f1453ad245ba5efb07b94a/src/include/switch_curl.h#L47
switch_curl_easy_getinfo,switch_CURLcode,"switch_CURL *curl, switch_CURLINFO info, ...",not_verified,https://github.com/signalwire/freeswitch/blob/ef32e205295e29f034f1453ad245ba5efb07b94a/src/include/switch_curl.h#L48
switch_curl_easy_cleanup,void,switch_CURL *handle,not_verified,https://github.com/signalwire/freeswitch/blob/ef32e205295e29f034f1453ad245ba5efb07b94a/src/include/switch_curl.h#L49
switch_curl_slist_append,switch_curl_slist_t *,"switch_curl_slist_t * list, const char * string",not_verified,https://github.com/signalwire/freeswitch/blob/ef32e205295e29f034f1453ad245ba5efb07b94a/src/include/switch_curl.h#L50
switch_curl_slist_free_all,void,switch_curl_slist_t * list,not_verified,https://github.com/signalwire/freeswitch/blob/ef32e205295e29f034f1453ad245ba5efb07b94a/src/include/switch_curl.h#L51
switch_curl_easy_setopt,switch_CURLcode,"CURL *handle, switch_CURLoption option, ...",not_verified,https://github.com/signalwire/freeswitch/blob/ef32e205295e29f034f1453ad245ba5efb07b94a/src/include/switch_curl.h#L52
switch_curl_easy_strerror,const char *,switch_CURLcode errornum,not_verified,https://github.com/signalwire/freeswitch/blob/ef32e205295e29f034f1453ad245ba5efb07b94a/src/include/switch_curl.h#L53
switch_curl_init,void,void,not_verified,https://github.com/signalwire/freeswitch/blob/ef32e205295e29f034f1453ad245ba5efb07b94a/src/include/switch_curl.h#L54
switch_curl_destroy,void,void,not_verified,https://github.com/signalwire/freeswitch/blob/ef32e205295e29f034f1453ad245ba5efb07b94a/src/include/switch_curl.h#L55
switch_curl_process_mime,switch_status_t,"switch_event_t *event, switch_CURL *curl_handle, switch_curl_mime **mimep",not_verified,https://github.com/signalwire/freeswitch/blob/ef32e205295e29f034f1453ad245ba5efb07b94a/src/include/switch_curl.h#L56
switch_curl_mime_free,void,switch_curl_mime **mimep,not_verified,https://github.com/signalwire/freeswitch/blob/ef32e205295e29f034f1453ad245ba5efb07b94a/src/include/switch_curl.h#L57
switch_curl_easy_setopt_mime,switch_CURLcode,"switch_CURL *curl_handle, switch_curl_mime *mime",not_verified,https://github.com/signalwire/freeswitch/blob/ef32e205295e29f034f1453ad245ba5efb07b94a/src/include/switch_curl.h#L58
switch_dso_destroy,void,switch_dso_lib_t *lib,not_verified,https://github.com/signalwire/freeswitch/blob/ef32e205295e29f034f1453ad245ba5efb07b94a/src/include/switch_dso.h#L35
switch_dso_open,switch_dso_lib_t,"const char *path, int global, char **err",not_verified,https://github.com/signalwire/freeswitch/blob/ef32e205295e29f034f1453ad245ba5efb07b94a/src/include/switch_dso.h#L36
switch_dso_func_sym,switch_dso_func_t,"switch_dso_lib_t lib, const char *sym, char **err",not_verified,https://github.com/signalwire/freeswitch/blob/ef32e205295e29f034f1453ad245ba5efb07b94a/src/include/switch_dso.h#L37
switch_dso_data_sym,void *,"switch_dso_lib_t lib, const char *sym, char **err",not_verified,https://github.com/signalwire/freeswitch/blob/ef32e205295e29f034f1453ad245ba5efb07b94a/src/include/switch_dso.h#L38
switch_kalman_init,void,"kalman_estimator_t *est, float Q, float R",not_verified,https://github.com/signalwire/freeswitch/blob/ef32e205295e29f034f1453ad245ba5efb07b94a/src/include/switch_estimators.h#L82
switch_kalman_cusum_init,switch_bool_t,"cusum_kalman_detector_t *detect_change, float epsilon, float h",not_verified,https://github.com/signalwire/freeswitch/blob/ef32e205295e29f034f1453ad245ba5efb07b94a/src/include/switch_estimators.h#L83
switch_kalman_estimate,switch_bool_t,"kalman_estimator_t * est, float measurement, int system_model",not_verified,https://github.com/signalwire/freeswitch/blob/ef32e205295e29f034f1453ad245ba5efb07b94a/src/include/switch_estimators.h#L84
switch_kalman_cusum_detect_change,switch_bool_t,"cusum_kalman_detector_t * detector, float measurement, float rtt_avg",not_verified,https://github.com/signalwire/freeswitch/blob/ef32e205295e29f034f1453ad245ba5efb07b94a/src/include/switch_estimators.h#L85
switch_kalman_is_slow_link,switch_bool_t,"kalman_estimator_t * est_loss, kalman_estimator_t * est_rtt",not_verified,https://github.com/signalwire/freeswitch/blob/ef32e205295e29f034f1453ad245ba5efb07b94a/src/include/switch_estimators.h#L86
switch_event_init,switch_status_t,switch_memory_pool_t *pool,not_verified,https://github.com/signalwire/freeswitch/blob/ef32e205295e29f034f1453ad245ba5efb07b94a/src/include/switch_event.h#L135
switch_event_shutdown,switch_status_t,void,not_verified,https://github.com/signalwire/freeswitch/blob/ef32e205295e29f034f1453ad245ba5efb07b94a/src/include/switch_event.h#L141
switch_event_create_subclass_detailed,switch_status_t,"const char *file, const char *func, int line, switch_event_t **event, switch_event_types_t event_id, const char *subclass_name",not_verified,https://github.com/signalwire/freeswitch/blob/ef32e205295e29f034f1453ad245ba5efb07b94a/src/include/switch_event.h#L150
switch_event_set_priority,switch_status_t,"switch_event_t *event, switch_priority_t priority",not_verified,https://github.com/signalwire/freeswitch/blob/ef32e205295e29f034f1453ad245ba5efb07b94a/src/include/switch_event.h#L161
switch_event_get_header_ptr,switch_event_header_t *,"switch_event_t *event, const char *header_name",not_verified,https://github.com/signalwire/freeswitch/blob/ef32e205295e29f034f1453ad245ba5efb07b94a/src/include/switch_event.h#L170
switch_event_get_header_idx,char *,"switch_event_t *event, const char *header_name, int idx",not_verified,https://github.com/signalwire/freeswitch/blob/ef32e205295e29f034f1453ad245ba5efb07b94a/src/include/switch_event.h#L171
switch_event_rename_header,switch_status_t,"switch_event_t *event, const char *header_name, const char *new_header_name",not_verified,https://github.com/signalwire/freeswitch/blob/ef32e205295e29f034f1453ad245ba5efb07b94a/src/include/switch_event.h#L176
switch_event_get_body,char *,switch_event_t *event,not_verified,https://github.com/signalwire/freeswitch/blob/ef32e205295e29f034f1453ad245ba5efb07b94a/src/include/switch_event.h#L183
switch_event_add_header,switch_status_t,"switch_event_t *event, switch_stack_t stack, const char *header_name, const char *fmt, ...",not_verified,https://github.com/signalwire/freeswitch/blob/ef32e205295e29f034f1453ad245ba5efb07b94a/src/include/switch_event.h#L194
switch_event_set_subclass_name,switch_status_t,"switch_event_t *event, const char *subclass_name",not_verified,https://github.com/signalwire/freeswitch/blob/ef32e205295e29f034f1453ad245ba5efb07b94a/src/include/switch_event.h#L198
switch_event_add_header_string,switch_status_t,"switch_event_t *event, switch_stack_t stack, const char *header_name, const char *data",not_verified,https://github.com/signalwire/freeswitch/blob/ef32e205295e29f034f1453ad245ba5efb07b94a/src/include/switch_event.h#L208
switch_event_add_header_string_nodup,switch_status_t,"switch_event_t *event, switch_stack_t stack, const char *header_name, const char *data",not_verified,https://github.com/signalwire/freeswitch/blob/ef32e205295e29f034f1453ad245ba5efb07b94a/src/include/switch_event.h#L209
switch_event_del_header_val,switch_status_t,"switch_event_t *event, const char *header_name, const char *val",not_verified,https://github.com/signalwire/freeswitch/blob/ef32e205295e29f034f1453ad245ba5efb07b94a/src/include/switch_event.h#L211
switch_event_add_array,int,"switch_event_t *event, const char *var, const char *val",not_verified,https://github.com/signalwire/freeswitch/blob/ef32e205295e29f034f1453ad245ba5efb07b94a/src/include/switch_event.h#L213
switch_event_destroy,void,switch_event_t **event,not_verified,https://github.com/signalwire/freeswitch/blob/ef32e205295e29f034f1453ad245ba5efb07b94a/src/include/switch_event.h#L218
switch_event_dup,switch_status_t,"switch_event_t **event, switch_event_t *todup",not_verified,https://github.com/signalwire/freeswitch/blob/ef32e205295e29f034f1453ad245ba5efb07b94a/src/include/switch_event.h#L227
switch_event_merge,void,"switch_event_t *event, switch_event_t *tomerge",not_verified,https://github.com/signalwire/freeswitch/blob/ef32e205295e29f034f1453ad245ba5efb07b94a/src/include/switch_event.h#L228
switch_event_dup_reply,switch_status_t,"switch_event_t **event, switch_event_t *todup",not_verified,https://github.com/signalwire/freeswitch/blob/ef32e205295e29f034f1453ad245ba5efb07b94a/src/include/switch_event.h#L229
switch_event_fire_detailed,switch_status_t,"const char *file, const char *func, int line, switch_event_t **event, void *user_data",not_verified,https://github.com/signalwire/freeswitch/blob/ef32e205295e29f034f1453ad245ba5efb07b94a/src/include/switch_event.h#L240
switch_event_prep_for_delivery_detailed,void,"const char *file, const char *func, int line, switch_event_t *event",not_verified,https://github.com/signalwire/freeswitch/blob/ef32e205295e29f034f1453ad245ba5efb07b94a/src/include/switch_event.h#L242
switch_event_bind,switch_status_t,"const char *id, switch_event_types_t event, const char *subclass_name, switch_event_callback_t callback, void *user_data",not_verified,https://github.com/signalwire/freeswitch/blob/ef32e205295e29f034f1453ad245ba5efb07b94a/src/include/switch_event.h#L255
switch_event_get_custom_events,switch_status_t,switch_console_callback_match_t **matches,not_verified,https://github.com/signalwire/freeswitch/blob/ef32e205295e29f034f1453ad245ba5efb07b94a/src/include/switch_event.h#L258
switch_event_bind_removable,switch_status_t,"const char *id, switch_event_types_t event, const char *subclass_name, switch_event_callback_t callback, void *user_data, switch_event_node_t **node",not_verified,https://github.com/signalwire/freeswitch/blob/ef32e205295e29f034f1453ad245ba5efb07b94a/src/include/switch_event.h#L270
switch_event_unbind,switch_status_t,switch_event_node_t **node,not_verified,https://github.com/signalwire/freeswitch/blob/ef32e205295e29f034f1453ad245ba5efb07b94a/src/include/switch_event.h#L277
switch_event_unbind_callback,switch_status_t,switch_event_callback_t callback,not_verified,https://github.com/signalwire/freeswitch/blob/ef32e205295e29f034f1453ad245ba5efb07b94a/src/include/switch_event.h#L278
switch_event_name,const char *,switch_event_types_t event,not_verified,https://github.com/signalwire/freeswitch/blob/ef32e205295e29f034f1453ad245ba5efb07b94a/src/include/switch_event.h#L285
switch_name_event,switch_status_t,"const char *name, switch_event_types_t *type",not_verified,https://github.com/signalwire/freeswitch/blob/ef32e205295e29f034f1453ad245ba5efb07b94a/src/include/switch_event.h#L293
switch_event_reserve_subclass_detailed,switch_status_t,"const char *owner, const char *subclass_name",not_verified,https://github.com/signalwire/freeswitch/blob/ef32e205295e29f034f1453ad245ba5efb07b94a/src/include/switch_event.h#L303
switch_event_free_subclass_detailed,switch_status_t,"const char *owner, const char *subclass_name",not_verified,https://github.com/signalwire/freeswitch/blob/ef32e205295e29f034f1453ad245ba5efb07b94a/src/include/switch_event.h#L305
switch_event_binary_deserialize,switch_status_t,"switch_event_t **eventp, void **data, switch_size_t len, switch_bool_t duplicate",not_verified,https://github.com/signalwire/freeswitch/blob/ef32e205295e29f034f1453ad245ba5efb07b94a/src/include/switch_event.h#L315
switch_event_binary_serialize,switch_status_t,"switch_event_t *event, void **data, switch_size_t *len",not_verified,https://github.com/signalwire/freeswitch/blob/ef32e205295e29f034f1453ad245ba5efb07b94a/src/include/switch_event.h#L316
switch_event_serialize,switch_status_t,"switch_event_t *event, char **str, switch_bool_t encode",not_verified,https://github.com/signalwire/freeswitch/blob/ef32e205295e29f034f1453ad245ba5efb07b94a/src/include/switch_event.h#L317
switch_event_serialize_json,switch_status_t,"switch_event_t *event, char **str",not_verified,https://github.com/signalwire/freeswitch/blob/ef32e205295e29f034f1453ad245ba5efb07b94a/src/include/switch_event.h#L318
switch_event_serialize_json_obj,switch_status_t,"switch_event_t *event, cJSON **json",not_verified,https://github.com/signalwire/freeswitch/blob/ef32e205295e29f034f1453ad245ba5efb07b94a/src/include/switch_event.h#L319
switch_event_create_json,switch_status_t,"switch_event_t **event, const char *json",not_verified,https://github.com/signalwire/freeswitch/blob/ef32e205295e29f034f1453ad245ba5efb07b94a/src/include/switch_event.h#L320
switch_event_create_brackets,switch_status_t,"char *data, char a, char b, char c, switch_event_t **event, char **new_data, switch_bool_t dup",not_verified,https://github.com/signalwire/freeswitch/blob/ef32e205295e29f034f1453ad245ba5efb07b94a/src/include/switch_event.h#L321
switch_event_create_array_pair,switch_status_t,"switch_event_t **event, char **names, char **vals, int len",not_verified,https://github.com/signalwire/freeswitch/blob/ef32e205295e29f034f1453ad245ba5efb07b94a/src/include/switch_event.h#L322
switch_event_xmlize,switch_xml_t,"switch_event_t *event, const char *fmt, ...",not_verified,https://github.com/signalwire/freeswitch/blob/ef32e205295e29f034f1453ad245ba5efb07b94a/src/include/switch_event.h#L332
switch_event_running,switch_status_t,void,not_verified,https://github.com/signalwire/freeswitch/blob/ef32e205295e29f034f1453ad245ba5efb07b94a/src/include/switch_event.h#L339
switch_event_add_body,switch_status_t,"switch_event_t *event, const char *fmt, ...",not_verified,https://github.com/signalwire/freeswitch/blob/ef32e205295e29f034f1453ad245ba5efb07b94a/src/include/switch_event.h#L349
switch_event_set_body,switch_status_t,"switch_event_t *event, const char *body",not_verified,https://github.com/signalwire/freeswitch/blob/ef32e205295e29f034f1453ad245ba5efb07b94a/src/include/switch_event.h#L352
switch_event_expand_headers_check,char *,"switch_event_t *event, const char *in, switch_event_t *var_list, switch_event_t *api_list, uint32_t recur",not_verified,https://github.com/signalwire/freeswitch/blob/ef32e205295e29f034f1453ad245ba5efb07b94a/src/include/switch_event.h#L354
switch_event_create_pres_in_detailed,switch_status_t,"_In_z_ char *file, _In_z_ char *func, _In_ int line, _In_z_ const char *proto, _In_z_ const char *login, _In_z_ const char *from, _In_z_ const char *from_domain, _In_z_ const char *status, _In_z_ const char *event_type, _In_z_ const char *alt_event_type, _In_ int event_count, _In_z_ const char *unique_id, _In_z_ const char *channel_state, _In_z_ const char *answer_state, _In_z_ const char *call_direction",not_verified,https://github.com/signalwire/freeswitch/blob/ef32e205295e29f034f1453ad245ba5efb07b94a/src/include/switch_event.h#L357
switch_event_deliver,void,switch_event_t **event,not_verified,https://github.com/signalwire/freeswitch/blob/ef32e205295e29f034f1453ad245ba5efb07b94a/src/include/switch_event.h#L405
switch_event_build_param_string,char *,"switch_event_t *event, const char *prefix, switch_hash_t *vars_map",not_verified,https://github.com/signalwire/freeswitch/blob/ef32e205295e29f034f1453ad245ba5efb07b94a/src/include/switch_event.h#L424
switch_event_check_permission_list,int,"switch_event_t *list, const char *name",not_verified,https://github.com/signalwire/freeswitch/blob/ef32e205295e29f034f1453ad245ba5efb07b94a/src/include/switch_event.h#L425
switch_event_add_presence_data_cols,void,"switch_channel_t *channel, switch_event_t *event, const char *prefix",not_verified,https://github.com/signalwire/freeswitch/blob/ef32e205295e29f034f1453ad245ba5efb07b94a/src/include/switch_event.h#L426
switch_json_add_presence_data_cols,void,"switch_event_t *event, cJSON *json, const char *prefix",not_verified,https://github.com/signalwire/freeswitch/blob/ef32e205295e29f034f1453ad245ba5efb07b94a/src/include/switch_event.h#L427
switch_event_launch_dispatch_threads,void,uint32_t max,not_verified,https://github.com/signalwire/freeswitch/blob/ef32e205295e29f034f1453ad245ba5efb07b94a/src/include/switch_event.h#L429
switch_event_channel_broadcast,switch_status_t,"const char *event_channel, cJSON **json, const char *key, switch_event_channel_id_t id",not_verified,https://github.com/signalwire/freeswitch/blob/ef32e205295e29f034f1453ad245ba5efb07b94a/src/include/switch_event.h#L431
switch_event_channel_deliver,switch_status_t,"const char *event_channel, cJSON **json, const char *key, switch_event_channel_id_t id",not_verified,https://github.com/signalwire/freeswitch/blob/ef32e205295e29f034f1453ad245ba5efb07b94a/src/include/switch_event.h#L432
switch_event_channel_unbind,uint32_t,"const char *event_channel, switch_event_channel_func_t func, void *user_data",not_verified,https://github.com/signalwire/freeswitch/blob/ef32e205295e29f034f1453ad245ba5efb07b94a/src/include/switch_event.h#L433
switch_event_channel_bind,switch_status_t,"const char *event_channel, switch_event_channel_func_t func, switch_event_channel_id_t *id, void *user_data",not_verified,https://github.com/signalwire/freeswitch/blob/ef32e205295e29f034f1453ad245ba5efb07b94a/src/include/switch_event.h#L434
switch_live_array_clear,switch_status_t,switch_live_array_t *la,not_verified,https://github.com/signalwire/freeswitch/blob/ef32e205295e29f034f1453ad245ba5efb07b94a/src/include/switch_event.h#L442
switch_live_array_bootstrap,switch_status_t,"switch_live_array_t *la, const char *sessid, switch_event_channel_id_t channel_id",not_verified,https://github.com/signalwire/freeswitch/blob/ef32e205295e29f034f1453ad245ba5efb07b94a/src/include/switch_event.h#L443
switch_live_array_destroy,switch_status_t,switch_live_array_t **live_arrayP,not_verified,https://github.com/signalwire/freeswitch/blob/ef32e205295e29f034f1453ad245ba5efb07b94a/src/include/switch_event.h#L444
switch_live_array_create,switch_status_t,"const char *event_channel, const char *name, switch_event_channel_id_t channel_id, switch_live_array_t **live_arrayP",not_verified,https://github.com/signalwire/freeswitch/blob/ef32e205295e29f034f1453ad245ba5efb07b94a/src/include/switch_event.h#L445
switch_live_array_get,cJSON *,"switch_live_array_t *la, const char *name",not_verified,https://github.com/signalwire/freeswitch/blob/ef32e205295e29f034f1453ad245ba5efb07b94a/src/include/switch_event.h#L447
switch_live_array_get_idx,cJSON *,"switch_live_array_t *la, int idx",not_verified,https://github.com/signalwire/freeswitch/blob/ef32e205295e29f034f1453ad245ba5efb07b94a/src/include/switch_event.h#L448
switch_live_array_del,switch_status_t,"switch_live_array_t *la, const char *name",not_verified,https://github.com/signalwire/freeswitch/blob/ef32e205295e29f034f1453ad245ba5efb07b94a/src/include/switch_event.h#L449
switch_live_array_add,switch_status_t,"switch_live_array_t *la, const char *name, int index, cJSON **obj, switch_bool_t destroy",not_verified,https://github.com/signalwire/freeswitch/blob/ef32e205295e29f034f1453ad245ba5efb07b94a/src/include/switch_event.h#L450
switch_live_array_visible,switch_status_t,"switch_live_array_t *la, switch_bool_t visible, switch_bool_t force",not_verified,https://github.com/signalwire/freeswitch/blob/ef32e205295e29f034f1453ad245ba5efb07b94a/src/include/switch_event.h#L451
switch_live_array_isnew,switch_bool_t,switch_live_array_t *la,not_verified,https://github.com/signalwire/freeswitch/blob/ef32e205295e29f034f1453ad245ba5efb07b94a/src/include/switch_event.h#L452
switch_live_array_lock,void,switch_live_array_t *la,not_verified,https://github.com/signalwire/freeswitch/blob/ef32e205295e29f034f1453ad245ba5efb07b94a/src/include/switch_event.h#L453
switch_live_array_unlock,void,switch_live_array_t *la,not_verified,https://github.com/signalwire/freeswitch/blob/ef32e205295e29f034f1453ad245ba5efb07b94a/src/include/switch_event.h#L454
switch_live_array_set_user_data,void,"switch_live_array_t *la, void *user_data",not_verified,https://github.com/signalwire/freeswitch/blob/ef32e205295e29f034f1453ad245ba5efb07b94a/src/include/switch_event.h#L455
switch_live_array_set_command_handler,void,"switch_live_array_t *la, switch_live_array_command_handler_t command_handler",not_verified,https://github.com/signalwire/freeswitch/blob/ef32e205295e29f034f1453ad245ba5efb07b94a/src/include/switch_event.h#L456
switch_live_array_parse_json,void,"cJSON *json, switch_event_channel_id_t channel_id",not_verified,https://github.com/signalwire/freeswitch/blob/ef32e205295e29f034f1453ad245ba5efb07b94a/src/include/switch_event.h#L457
switch_live_array_add_alias,switch_bool_t,"switch_live_array_t *la, const char *event_channel, const char *name",not_verified,https://github.com/signalwire/freeswitch/blob/ef32e205295e29f034f1453ad245ba5efb07b94a/src/include/switch_event.h#L458
switch_live_array_clear_alias,switch_bool_t,"switch_live_array_t *la, const char *event_channel, const char *name",not_verified,https://github.com/signalwire/freeswitch/blob/ef32e205295e29f034f1453ad245ba5efb07b94a/src/include/switch_event.h#L459
switch_event_channel_permission_verify,switch_bool_t,"const char *cookie, const char *event_channel",not_verified,https://github.com/signalwire/freeswitch/blob/ef32e205295e29f034f1453ad245ba5efb07b94a/src/include/switch_event.h#L460
switch_event_channel_permission_modify,void,"const char *cookie, const char *event_channel, switch_bool_t set",not_verified,https://github.com/signalwire/freeswitch/blob/ef32e205295e29f034f1453ad245ba5efb07b94a/src/include/switch_event.h#L461
switch_event_channel_permission_clear,void,const char *cookie,not_verified,https://github.com/signalwire/freeswitch/blob/ef32e205295e29f034f1453ad245ba5efb07b94a/src/include/switch_event.h#L462
switch_create_hashtable,switch_status_t,"switch_hashtable_t **hp, unsigned int minsize, unsigned int (*hashfunction) (void*), int (*key_eq_fn) (void*,void*)",not_verified,https://github.com/signalwire/freeswitch/blob/ef32e205295e29f034f1453ad245ba5efb07b94a/src/include/switch_hashtable.h#L94
switch_hashtable_insert_destructor,int,"switch_hashtable_t *h, void *k, void *v, hashtable_flag_t flags, hashtable_destructor_t destructor",not_verified,https://github.com/signalwire/freeswitch/blob/ef32e205295e29f034f1453ad245ba5efb07b94a/src/include/switch_hashtable.h#L126
switch_hashtable_search,void *,"switch_hashtable_t *h, void *k",not_verified,https://github.com/signalwire/freeswitch/blob/ef32e205295e29f034f1453ad245ba5efb07b94a/src/include/switch_hashtable.h#L145
switch_hashtable_remove,void *,"switch_hashtable_t *h, void *k",not_verified,https://github.com/signalwire/freeswitch/blob/ef32e205295e29f034f1453ad245ba5efb07b94a/src/include/switch_hashtable.h#L163
switch_hashtable_count,unsigned int,switch_hashtable_t *h,not_verified,https://github.com/signalwire/freeswitch/blob/ef32e205295e29f034f1453ad245ba5efb07b94a/src/include/switch_hashtable.h#L180
switch_hashtable_destroy,void,switch_hashtable_t **h,not_verified,https://github.com/signalwire/freeswitch/blob/ef32e205295e29f034f1453ad245ba5efb07b94a/src/include/switch_hashtable.h#L192
switch_hashtable_first_iter,switch_hashtable_iterator_t*,"switch_hashtable_t *h, switch_hashtable_iterator_t *it",not_verified,https://github.com/signalwire/freeswitch/blob/ef32e205295e29f034f1453ad245ba5efb07b94a/src/include/switch_hashtable.h#L195
switch_hashtable_next,switch_hashtable_iterator_t*,switch_hashtable_iterator_t **iP,not_verified,https://github.com/signalwire/freeswitch/blob/ef32e205295e29f034f1453ad245ba5efb07b94a/src/include/switch_hashtable.h#L197
switch_hashtable_this,void,"switch_hashtable_iterator_t *i, const void **key, switch_ssize_t *klen, void **val",not_verified,https://github.com/signalwire/freeswitch/blob/ef32e205295e29f034f1453ad245ba5efb07b94a/src/include/switch_hashtable.h#L198
switch_hashtable_this_val,void,"switch_hashtable_iterator_t *i, void *val",not_verified,https://github.com/signalwire/freeswitch/blob/ef32e205295e29f034f1453ad245ba5efb07b94a/src/include/switch_hashtable.h#L199
switch_img_set_rect,int,"switch_image_t *img, unsigned int x, unsigned int y, unsigned int w, unsigned int h",not_verified,https://github.com/signalwire/freeswitch/blob/ef32e205295e29f034f1453ad245ba5efb07b94a/src/include/switch_image.h#L191
switch_ivr_deactivate_unicast,switch_status_t,switch_core_session_t *session,not_verified,https://github.com/signalwire/freeswitch/blob/ef32e205295e29f034f1453ad245ba5efb07b94a/src/include/switch_ivr.h#L83
switch_ivr_activate_unicast,switch_status_t,"switch_core_session_t *session, char *local_ip, switch_port_t local_port, char *remote_ip, switch_port_t remote_port, char *transport, char *flags",not_verified,https://github.com/signalwire/freeswitch/blob/ef32e205295e29f034f1453ad245ba5efb07b94a/src/include/switch_ivr.h#L84
switch_ivr_generate_json_cdr,switch_status_t,"switch_core_session_t *session, cJSON **json_cdr, switch_bool_t urlencode",not_verified,https://github.com/signalwire/freeswitch/blob/ef32e205295e29f034f1453ad245ba5efb07b94a/src/include/switch_ivr.h#L95
switch_ivr_generate_xml_cdr,switch_status_t,"switch_core_session_t *session, switch_xml_t *xml_cdr",not_verified,https://github.com/signalwire/freeswitch/blob/ef32e205295e29f034f1453ad245ba5efb07b94a/src/include/switch_ivr.h#L104
switch_ivr_set_xml_profile_data,int,"switch_xml_t xml, switch_caller_profile_t *caller_profile, int off",not_verified,https://github.com/signalwire/freeswitch/blob/ef32e205295e29f034f1453ad245ba5efb07b94a/src/include/switch_ivr.h#L105
switch_ivr_set_xml_chan_vars,int,"switch_xml_t xml, switch_channel_t *channel, int off",not_verified,https://github.com/signalwire/freeswitch/blob/ef32e205295e29f034f1453ad245ba5efb07b94a/src/include/switch_ivr.h#L106
switch_ivr_parse_event,switch_status_t,"_In_ switch_core_session_t *session, _In_ switch_event_t *event",not_verified,https://github.com/signalwire/freeswitch/blob/ef32e205295e29f034f1453ad245ba5efb07b94a/src/include/switch_ivr.h#L114
switch_ivr_parse_all_events,switch_status_t,switch_core_session_t *session,not_verified,https://github.com/signalwire/freeswitch/blob/ef32e205295e29f034f1453ad245ba5efb07b94a/src/include/switch_ivr.h#L121
switch_ivr_parse_next_event,switch_status_t,switch_core_session_t *session,not_verified,https://github.com/signalwire/freeswitch/blob/ef32e205295e29f034f1453ad245ba5efb07b94a/src/include/switch_ivr.h#L122
switch_ivr_parse_all_messages,switch_status_t,switch_core_session_t *session,not_verified,https://github.com/signalwire/freeswitch/blob/ef32e205295e29f034f1453ad245ba5efb07b94a/src/include/switch_ivr.h#L123
switch_ivr_parse_all_signal_data,switch_status_t,switch_core_session_t *session,not_verified,https://github.com/signalwire/freeswitch/blob/ef32e205295e29f034f1453ad245ba5efb07b94a/src/include/switch_ivr.h#L124
switch_ivr_parse_signal_data,switch_status_t,"switch_core_session_t *session, switch_bool_t all, switch_bool_t only_session_thread",not_verified,https://github.com/signalwire/freeswitch/blob/ef32e205295e29f034f1453ad245ba5efb07b94a/src/include/switch_ivr.h#L125
switch_ivr_parse_next_signal_data,switch_status_t,switch_core_session_t *session,not_verified,https://github.com/signalwire/freeswitch/blob/ef32e205295e29f034f1453ad245ba5efb07b94a/src/include/switch_ivr.h#L126
switch_ivr_process_indications,switch_status_t,"switch_core_session_t *session, switch_core_session_message_t *message",not_verified,https://github.com/signalwire/freeswitch/blob/ef32e205295e29f034f1453ad245ba5efb07b94a/src/include/switch_ivr.h#L127
switch_ivr_sleep,switch_status_t,"switch_core_session_t *session, uint32_t ms, switch_bool_t sync, switch_input_args_t *args",not_verified,https://github.com/signalwire/freeswitch/blob/ef32e205295e29f034f1453ad245ba5efb07b94a/src/include/switch_ivr.h#L137
switch_ivr_park,switch_status_t,"switch_core_session_t *session, switch_input_args_t *args",not_verified,https://github.com/signalwire/freeswitch/blob/ef32e205295e29f034f1453ad245ba5efb07b94a/src/include/switch_ivr.h#L139
switch_ivr_collect_digits_callback,switch_status_t,"switch_core_session_t *session, switch_input_args_t *args, uint32_t digit_timeout, uint32_t abs_timeout",not_verified,https://github.com/signalwire/freeswitch/blob/ef32e205295e29f034f1453ad245ba5efb07b94a/src/include/switch_ivr.h#L148
switch_ivr_collect_digits_count,switch_status_t,"switch_core_session_t *session, char *buf, switch_size_t buflen, switch_size_t maxdigits, const char *terminators, char *terminator, uint32_t first_timeout, uint32_t digit_timeout, uint32_t abs_timeout",not_verified,https://github.com/signalwire/freeswitch/blob/ef32e205295e29f034f1453ad245ba5efb07b94a/src/include/switch_ivr.h#L164
switch_ivr_play_and_detect_speech,switch_status_t,"switch_core_session_t *session, const char *file, const char *mod_name, const char *grammar, char **result, uint32_t input_timeout, switch_input_args_t *args",not_verified,https://github.com/signalwire/freeswitch/blob/ef32e205295e29f034f1453ad245ba5efb07b94a/src/include/switch_ivr.h#L182
switch_ivr_detect_speech_init,switch_status_t,"switch_core_session_t *session, const char *mod_name, const char *dest, switch_asr_handle_t *ah",not_verified,https://github.com/signalwire/freeswitch/blob/ef32e205295e29f034f1453ad245ba5efb07b94a/src/include/switch_ivr.h#L201
switch_ivr_detect_speech,switch_status_t,"switch_core_session_t *session, const char *mod_name, const char *grammar, const char *name, const char *dest, switch_asr_handle_t *ah",not_verified,https://github.com/signalwire/freeswitch/blob/ef32e205295e29f034f1453ad245ba5efb07b94a/src/include/switch_ivr.h#L213
switch_ivr_stop_detect_speech,switch_status_t,switch_core_session_t *session,not_verified,https://github.com/signalwire/freeswitch/blob/ef32e205295e29f034f1453ad245ba5efb07b94a/src/include/switch_ivr.h#L222
switch_ivr_pause_detect_speech,switch_status_t,switch_core_session_t *session,not_verified,https://github.com/signalwire/freeswitch/blob/ef32e205295e29f034f1453ad245ba5efb07b94a/src/include/switch_ivr.h#L229
switch_ivr_resume_detect_speech,switch_status_t,switch_core_session_t *session,not_verified,https://github.com/signalwire/freeswitch/blob/ef32e205295e29f034f1453ad245ba5efb07b94a/src/include/switch_ivr.h#L236
switch_ivr_detect_speech_load_grammar,switch_status_t,"switch_core_session_t *session, const char *grammar, const char *name",not_verified,https://github.com/signalwire/freeswitch/blob/ef32e205295e29f034f1453ad245ba5efb07b94a/src/include/switch_ivr.h#L245
switch_ivr_detect_speech_unload_grammar,switch_status_t,"switch_core_session_t *session, const char *name",not_verified,https://github.com/signalwire/freeswitch/blob/ef32e205295e29f034f1453ad245ba5efb07b94a/src/include/switch_ivr.h#L253
switch_ivr_detect_speech_enable_grammar,switch_status_t,"switch_core_session_t *session, const char *name",not_verified,https://github.com/signalwire/freeswitch/blob/ef32e205295e29f034f1453ad245ba5efb07b94a/src/include/switch_ivr.h#L261
switch_ivr_detect_speech_disable_grammar,switch_status_t,"switch_core_session_t *session, const char *name",not_verified,https://github.com/signalwire/freeswitch/blob/ef32e205295e29f034f1453ad245ba5efb07b94a/src/include/switch_ivr.h#L269
switch_ivr_detect_speech_disable_all_grammars,switch_status_t,switch_core_session_t *session,not_verified,https://github.com/signalwire/freeswitch/blob/ef32e205295e29f034f1453ad245ba5efb07b94a/src/include/switch_ivr.h#L276
switch_ivr_set_param_detect_speech,switch_status_t,"switch_core_session_t *session, const char *name, const char *val",not_verified,https://github.com/signalwire/freeswitch/blob/ef32e205295e29f034f1453ad245ba5efb07b94a/src/include/switch_ivr.h#L278
switch_ivr_detect_speech_start_input_timers,switch_status_t,switch_core_session_t *session,not_verified,https://github.com/signalwire/freeswitch/blob/ef32e205295e29f034f1453ad245ba5efb07b94a/src/include/switch_ivr.h#L285
switch_ivr_record_session,switch_status_t,"switch_core_session_t *session, const char *file, uint32_t limit, switch_file_handle_t *fh",not_verified,https://github.com/signalwire/freeswitch/blob/ef32e205295e29f034f1453ad245ba5efb07b94a/src/include/switch_ivr.h#L295
switch_ivr_record_session_event,switch_status_t,"switch_core_session_t *session, const char *file, uint32_t limit, switch_file_handle_t *fh, switch_event_t *variables",not_verified,https://github.com/signalwire/freeswitch/blob/ef32e205295e29f034f1453ad245ba5efb07b94a/src/include/switch_ivr.h#L296
switch_ivr_transfer_recordings,switch_status_t,"switch_core_session_t *orig_session, switch_core_session_t *new_session",not_verified,https://github.com/signalwire/freeswitch/blob/ef32e205295e29f034f1453ad245ba5efb07b94a/src/include/switch_ivr.h#L297
switch_ivr_eavesdrop_pop_eavesdropper,switch_status_t,"switch_core_session_t *session, switch_core_session_t **sessionp",not_verified,https://github.com/signalwire/freeswitch/blob/ef32e205295e29f034f1453ad245ba5efb07b94a/src/include/switch_ivr.h#L300
switch_ivr_eavesdrop_exec_all,switch_status_t,"switch_core_session_t *session, const char *app, const char *arg",not_verified,https://github.com/signalwire/freeswitch/blob/ef32e205295e29f034f1453ad245ba5efb07b94a/src/include/switch_ivr.h#L301
switch_ivr_eavesdrop_update_display,switch_status_t,"switch_core_session_t *session, const char *name, const char *number",not_verified,https://github.com/signalwire/freeswitch/blob/ef32e205295e29f034f1453ad245ba5efb07b94a/src/include/switch_ivr.h#L302
switch_ivr_eavesdrop_session,switch_status_t,"switch_core_session_t *session, const char *uuid, const char *require_group, switch_eavesdrop_flag_t flags",not_verified,https://github.com/signalwire/freeswitch/blob/ef32e205295e29f034f1453ad245ba5efb07b94a/src/include/switch_ivr.h#L312
switch_ivr_displace_session,switch_status_t,"switch_core_session_t *session, const char *file, uint32_t limit, const char *flags",not_verified,https://github.com/signalwire/freeswitch/blob/ef32e205295e29f034f1453ad245ba5efb07b94a/src/include/switch_ivr.h#L323
switch_ivr_stop_displace_session,switch_status_t,"switch_core_session_t *session, const char *file",not_verified,https://github.com/signalwire/freeswitch/blob/ef32e205295e29f034f1453ad245ba5efb07b94a/src/include/switch_ivr.h#L331
switch_ivr_stop_record_session,switch_status_t,"switch_core_session_t *session, const char *file",not_verified,https://github.com/signalwire/freeswitch/blob/ef32e205295e29f034f1453ad245ba5efb07b94a/src/include/switch_ivr.h#L339
switch_ivr_session_audio,switch_status_t,"switch_core_session_t *session, const char *cmd, const char *direction, int level",not_verified,https://github.com/signalwire/freeswitch/blob/ef32e205295e29f034f1453ad245ba5efb07b94a/src/include/switch_ivr.h#L342
switch_ivr_stop_session_audio,switch_status_t,switch_core_session_t *session,not_verified,https://github.com/signalwire/freeswitch/blob/ef32e205295e29f034f1453ad245ba5efb07b94a/src/include/switch_ivr.h#L343
switch_ivr_inband_dtmf_session,switch_status_t,switch_core_session_t *session,not_verified,https://github.com/signalwire/freeswitch/blob/ef32e205295e29f034f1453ad245ba5efb07b94a/src/include/switch_ivr.h#L350
switch_ivr_stop_inband_dtmf_session,switch_status_t,switch_core_session_t *session,not_verified,https://github.com/signalwire/freeswitch/blob/ef32e205295e29f034f1453ad245ba5efb07b94a/src/include/switch_ivr.h#L357
switch_ivr_inband_dtmf_generate_session,switch_status_t,"switch_core_session_t *session, switch_bool_t read_stream",not_verified,https://github.com/signalwire/freeswitch/blob/ef32e205295e29f034f1453ad245ba5efb07b94a/src/include/switch_ivr.h#L366
switch_ivr_stop_inband_dtmf_generate_session,switch_status_t,switch_core_session_t *session,not_verified,https://github.com/signalwire/freeswitch/blob/ef32e205295e29f034f1453ad245ba5efb07b94a/src/include/switch_ivr.h#L373
switch_ivr_session_echo,switch_status_t,"switch_core_session_t *session, switch_input_args_t *args",not_verified,https://github.com/signalwire/freeswitch/blob/ef32e205295e29f034f1453ad245ba5efb07b94a/src/include/switch_ivr.h#L379
switch_ivr_stop_tone_detect_session,switch_status_t,switch_core_session_t *session,not_verified,https://github.com/signalwire/freeswitch/blob/ef32e205295e29f034f1453ad245ba5efb07b94a/src/include/switch_ivr.h#L386
switch_ivr_tone_detect_session,switch_status_t,"switch_core_session_t *session, const char *key, const char *tone_spec, const char *flags, time_t timeout, int hits, const char *app, const char *data, switch_tone_detect_callback_t callback",not_verified,https://github.com/signalwire/freeswitch/blob/ef32e205295e29f034f1453ad245ba5efb07b94a/src/include/switch_ivr.h#L399
switch_ivr_play_file,switch_status_t,"switch_core_session_t *session, switch_file_handle_t *fh, const char *file, switch_input_args_t *args",not_verified,https://github.com/signalwire/freeswitch/blob/ef32e205295e29f034f1453ad245ba5efb07b94a/src/include/switch_ivr.h#L415
switch_ivr_detect_audio,switch_status_t,"switch_core_session_t *session, uint32_t thresh, uint32_t audio_hits, uint32_t timeout_ms, const char *file",not_verified,https://github.com/signalwire/freeswitch/blob/ef32e205295e29f034f1453ad245ba5efb07b94a/src/include/switch_ivr.h#L418
switch_ivr_detect_silence,switch_status_t,"switch_core_session_t *session, uint32_t thresh, uint32_t silence_hits, uint32_t timeout_ms, const char *file",not_verified,https://github.com/signalwire/freeswitch/blob/ef32e205295e29f034f1453ad245ba5efb07b94a/src/include/switch_ivr.h#L421
switch_ivr_wait_for_silence,switch_status_t,"switch_core_session_t *session, uint32_t thresh, uint32_t silence_hits, uint32_t listen_hits, uint32_t timeout_ms, const char *file",not_verified,https://github.com/signalwire/freeswitch/blob/ef32e205295e29f034f1453ad245ba5efb07b94a/src/include/switch_ivr.h#L424
switch_ivr_gentones,switch_status_t,"switch_core_session_t *session, const char *script, int32_t loops, switch_input_args_t *args",not_verified,https://github.com/signalwire/freeswitch/blob/ef32e205295e29f034f1453ad245ba5efb07b94a/src/include/switch_ivr.h#L427
switch_ivr_record_file,switch_status_t,"_In_ switch_core_session_t *session, _In_ switch_file_handle_t *fh, _In_z_ const char *file, _In_opt_ switch_input_args_t *args, _In_ uint32_t limit",not_verified,https://github.com/signalwire/freeswitch/blob/ef32e205295e29f034f1453ad245ba5efb07b94a/src/include/switch_ivr.h#L438
switch_ivr_record_file_event,switch_status_t,"_In_ switch_core_session_t *session, _In_ switch_file_handle_t *fh, _In_z_ const char *file, _In_opt_ switch_input_args_t *args, _In_ uint32_t limit, switch_event_t *vars",not_verified,https://github.com/signalwire/freeswitch/blob/ef32e205295e29f034f1453ad245ba5efb07b94a/src/include/switch_ivr.h#L451
switch_play_and_get_digits,switch_status_t,"switch_core_session_t *session, uint32_t min_digits, uint32_t max_digits, uint32_t max_tries, uint32_t timeout, const char *valid_terminators, const char *audio_file, const char *bad_input_audio_file, const char *var_name, char *digit_buffer, uint32_t digit_buffer_length, const char *digits_regex, uint32_t digit_timeout, const char *transfer_on_failure",not_verified,https://github.com/signalwire/freeswitch/blob/ef32e205295e29f034f1453ad245ba5efb07b94a/src/include/switch_ivr.h#L472
switch_ivr_speak_text_handle,switch_status_t,"switch_core_session_t *session, switch_speech_handle_t *sh, switch_codec_t *codec, switch_timer_t *timer, const char *text, switch_input_args_t *args",not_verified,https://github.com/signalwire/freeswitch/blob/ef32e205295e29f034f1453ad245ba5efb07b94a/src/include/switch_ivr.h#L485
switch_ivr_clear_speech_cache,void,switch_core_session_t *session,not_verified,https://github.com/signalwire/freeswitch/blob/ef32e205295e29f034f1453ad245ba5efb07b94a/src/include/switch_ivr.h#L488
switch_ivr_speak_text,switch_status_t,"switch_core_session_t *session, const char *tts_name, const char *voice_name, const char *text, switch_input_args_t *args",not_verified,https://github.com/signalwire/freeswitch/blob/ef32e205295e29f034f1453ad245ba5efb07b94a/src/include/switch_ivr.h#L498
switch_ivr_originate,switch_status_t,"switch_core_session_t *session, switch_core_session_t **bleg, switch_call_cause_t *cause, const char *bridgeto, uint32_t timelimit_sec, const switch_state_handler_table_t *table, const char *cid_name_override, const char *cid_num_override, switch_caller_profile_t *caller_profile_override, switch_event_t *ovars, switch_originate_flag_t flags, switch_call_cause_t *cancel_cause, switch_dial_handle_t *dh",not_verified,https://github.com/signalwire/freeswitch/blob/ef32e205295e29f034f1453ad245ba5efb07b94a/src/include/switch_ivr.h#L517
switch_ivr_enterprise_originate,switch_status_t,"switch_core_session_t *session, switch_core_session_t **bleg, switch_call_cause_t *cause, const char *bridgeto, uint32_t timelimit_sec, const switch_state_handler_table_t *table, const char *cid_name_override, const char *cid_num_override, switch_caller_profile_t *caller_profile_override, switch_event_t *ovars, switch_originate_flag_t flags, switch_call_cause_t *cancel_cause, switch_dial_handle_list_t *hl",not_verified,https://github.com/signalwire/freeswitch/blob/ef32e205295e29f034f1453ad245ba5efb07b94a/src/include/switch_ivr.h#L530
switch_ivr_bridge_display,void,"switch_core_session_t *session, switch_core_session_t *peer_session",not_verified,https://github.com/signalwire/freeswitch/blob/ef32e205295e29f034f1453ad245ba5efb07b94a/src/include/switch_ivr.h#L543
switch_ivr_multi_threaded_bridge,switch_status_t,"_In_ switch_core_session_t *session, _In_ switch_core_session_t *peer_session, switch_input_callback_function_t dtmf_callback, void *session_data, void *peer_session_data",not_verified,https://github.com/signalwire/freeswitch/blob/ef32e205295e29f034f1453ad245ba5efb07b94a/src/include/switch_ivr.h#L554
switch_ivr_bridge_bleg,switch_status_t,"switch_core_session_t *session, switch_core_session_t *peer_session, uint32_t max_wait_ms",not_verified,https://github.com/signalwire/freeswitch/blob/ef32e205295e29f034f1453ad245ba5efb07b94a/src/include/switch_ivr.h#L564
switch_ivr_signal_bridge,switch_status_t,"switch_core_session_t *session, switch_core_session_t *peer_session",not_verified,https://github.com/signalwire/freeswitch/blob/ef32e205295e29f034f1453ad245ba5efb07b94a/src/include/switch_ivr.h#L573
switch_ivr_check_hold,void,switch_core_session_t *session,not_verified,https://github.com/signalwire/freeswitch/blob/ef32e205295e29f034f1453ad245ba5efb07b94a/src/include/switch_ivr.h#L575
switch_ivr_session_transfer,switch_status_t,"_In_ switch_core_session_t *session, const char *extension, const char *dialplan, const char *context",not_verified,https://github.com/signalwire/freeswitch/blob/ef32e205295e29f034f1453ad245ba5efb07b94a/src/include/switch_ivr.h#L585
switch_ivr_schedule_transfer,uint32_t,"time_t runtime, const char *uuid, char *extension, char *dialplan, char *context",not_verified,https://github.com/signalwire/freeswitch/blob/ef32e205295e29f034f1453ad245ba5efb07b94a/src/include/switch_ivr.h#L597
switch_ivr_schedule_hangup,uint32_t,"time_t runtime, const char *uuid, switch_call_cause_t cause, switch_bool_t bleg",not_verified,https://github.com/signalwire/freeswitch/blob/ef32e205295e29f034f1453ad245ba5efb07b94a/src/include/switch_ivr.h#L608
switch_ivr_uuid_bridge,switch_status_t,"const char *originator_uuid, const char *originatee_uuid",not_verified,https://github.com/signalwire/freeswitch/blob/ef32e205295e29f034f1453ad245ba5efb07b94a/src/include/switch_ivr.h#L617
switch_ivr_media,switch_status_t,"const char *uuid, switch_media_flag_t flags",not_verified,https://github.com/signalwire/freeswitch/blob/ef32e205295e29f034f1453ad245ba5efb07b94a/src/include/switch_ivr.h#L625
switch_ivr_3p_media,switch_status_t,"const char *uuid, switch_media_flag_t flags",not_verified,https://github.com/signalwire/freeswitch/blob/ef32e205295e29f034f1453ad245ba5efb07b94a/src/include/switch_ivr.h#L626
switch_ivr_nomedia,switch_status_t,"const char *uuid, switch_media_flag_t flags",not_verified,https://github.com/signalwire/freeswitch/blob/ef32e205295e29f034f1453ad245ba5efb07b94a/src/include/switch_ivr.h#L633
switch_ivr_3p_nomedia,switch_status_t,"const char *uuid, switch_media_flag_t flags",not_verified,https://github.com/signalwire/freeswitch/blob/ef32e205295e29f034f1453ad245ba5efb07b94a/src/include/switch_ivr.h#L634
switch_ivr_bg_media,void,"const char *uuid, switch_media_flag_t flags, switch_bool_t on, switch_bool_t is3p, uint32_t delay",not_verified,https://github.com/signalwire/freeswitch/blob/ef32e205295e29f034f1453ad245ba5efb07b94a/src/include/switch_ivr.h#L636
switch_ivr_hold_uuid,switch_status_t,"const char *uuid, const char *message, switch_bool_t moh",not_verified,https://github.com/signalwire/freeswitch/blob/ef32e205295e29f034f1453ad245ba5efb07b94a/src/include/switch_ivr.h#L645
switch_ivr_hold_toggle_uuid,switch_status_t,"const char *uuid, const char *message, switch_bool_t moh",not_verified,https://github.com/signalwire/freeswitch/blob/ef32e205295e29f034f1453ad245ba5efb07b94a/src/include/switch_ivr.h#L654
switch_ivr_unhold_uuid,switch_status_t,const char *uuid,not_verified,https://github.com/signalwire/freeswitch/blob/ef32e205295e29f034f1453ad245ba5efb07b94a/src/include/switch_ivr.h#L661
switch_ivr_hold,switch_status_t,"switch_core_session_t *session, const char *message, switch_bool_t moh",not_verified,https://github.com/signalwire/freeswitch/blob/ef32e205295e29f034f1453ad245ba5efb07b94a/src/include/switch_ivr.h#L670
switch_ivr_unhold,switch_status_t,switch_core_session_t *session,not_verified,https://github.com/signalwire/freeswitch/blob/ef32e205295e29f034f1453ad245ba5efb07b94a/src/include/switch_ivr.h#L677
switch_ivr_schedule_broadcast,uint32_t,"time_t runtime, const char *uuid, const char *path, switch_media_flag_t flags",not_verified,https://github.com/signalwire/freeswitch/blob/ef32e205295e29f034f1453ad245ba5efb07b94a/src/include/switch_ivr.h#L687
switch_ivr_broadcast,switch_status_t,"const char *uuid, const char *path, switch_media_flag_t flags",not_verified,https://github.com/signalwire/freeswitch/blob/ef32e205295e29f034f1453ad245ba5efb07b94a/src/include/switch_ivr.h#L696
switch_ivr_broadcast_in_thread,void,"switch_core_session_t *session, const char *app, int flags",not_verified,https://github.com/signalwire/freeswitch/blob/ef32e205295e29f034f1453ad245ba5efb07b94a/src/include/switch_ivr.h#L697
switch_ivr_transfer_variable,switch_status_t,"switch_core_session_t *sessa, switch_core_session_t *sessb, char *var",not_verified,https://github.com/signalwire/freeswitch/blob/ef32e205295e29f034f1453ad245ba5efb07b94a/src/include/switch_ivr.h#L706
switch_ivr_digit_stream_parser_new,switch_status_t,"switch_memory_pool_t *pool, switch_ivr_digit_stream_parser_t ** parser",not_verified,https://github.com/signalwire/freeswitch/blob/ef32e205295e29f034f1453ad245ba5efb07b94a/src/include/switch_ivr.h#L721
switch_ivr_digit_stream_parser_destroy,switch_status_t,switch_ivr_digit_stream_parser_t *parser,not_verified,https://github.com/signalwire/freeswitch/blob/ef32e205295e29f034f1453ad245ba5efb07b94a/src/include/switch_ivr.h#L728
switch_ivr_digit_stream_new,switch_status_t,"switch_ivr_digit_stream_parser_t *parser, switch_ivr_digit_stream_t ** stream",not_verified,https://github.com/signalwire/freeswitch/blob/ef32e205295e29f034f1453ad245ba5efb07b94a/src/include/switch_ivr.h#L736
switch_ivr_digit_stream_destroy,switch_status_t,switch_ivr_digit_stream_t ** stream,not_verified,https://github.com/signalwire/freeswitch/blob/ef32e205295e29f034f1453ad245ba5efb07b94a/src/include/switch_ivr.h#L743
switch_ivr_digit_stream_parser_set_event,switch_status_t,"switch_ivr_digit_stream_parser_t *parser, char *digits, void *data",not_verified,https://github.com/signalwire/freeswitch/blob/ef32e205295e29f034f1453ad245ba5efb07b94a/src/include/switch_ivr.h#L752
switch_ivr_digit_stream_parser_del_event,switch_status_t,"switch_ivr_digit_stream_parser_t *parser, char *digits",not_verified,https://github.com/signalwire/freeswitch/blob/ef32e205295e29f034f1453ad245ba5efb07b94a/src/include/switch_ivr.h#L760
switch_ivr_digit_stream_parser_feed,void *,"switch_ivr_digit_stream_parser_t *parser, switch_ivr_digit_stream_t *stream, char digit",not_verified,https://github.com/signalwire/freeswitch/blob/ef32e205295e29f034f1453ad245ba5efb07b94a/src/include/switch_ivr.h#L769
switch_ivr_digit_stream_reset,switch_status_t,switch_ivr_digit_stream_t *stream,not_verified,https://github.com/signalwire/freeswitch/blob/ef32e205295e29f034f1453ad245ba5efb07b94a/src/include/switch_ivr.h#L776
switch_ivr_digit_stream_parser_set_terminator,switch_status_t,"switch_ivr_digit_stream_parser_t *parser, char digit",not_verified,https://github.com/signalwire/freeswitch/blob/ef32e205295e29f034f1453ad245ba5efb07b94a/src/include/switch_ivr.h#L784
switch_ivr_menu_init,switch_status_t,"switch_ivr_menu_t ** new_menu, switch_ivr_menu_t *main, const char *name, const char *greeting_sound, const char *short_greeting_sound, const char *invalid_sound, const char *exit_sound, const char *transfer_sound, const char *confirm_macro, const char *confirm_key, const char *tts_engine, const char *tts_voice, int confirm_attempts, int inter_timeout, int digit_len, int timeout, int max_failures, int max_timeouts, switch_memory_pool_t *pool",not_verified,https://github.com/signalwire/freeswitch/blob/ef32e205295e29f034f1453ad245ba5efb07b94a/src/include/switch_ivr.h#L844
switch_ivr_menu_bind_action,switch_status_t,"switch_ivr_menu_t *menu, switch_ivr_action_t ivr_action, const char *arg, const char *bind",not_verified,https://github.com/signalwire/freeswitch/blob/ef32e205295e29f034f1453ad245ba5efb07b94a/src/include/switch_ivr.h#L868
switch_ivr_menu_bind_function,switch_status_t,"switch_ivr_menu_t *menu, switch_ivr_menu_action_function_t *function, const char *arg, const char *bind",not_verified,https://github.com/signalwire/freeswitch/blob/ef32e205295e29f034f1453ad245ba5efb07b94a/src/include/switch_ivr.h#L882
switch_ivr_menu_execute,switch_status_t,"switch_core_session_t *session, switch_ivr_menu_t *stack, char *name, void *obj",not_verified,https://github.com/signalwire/freeswitch/blob/ef32e205295e29f034f1453ad245ba5efb07b94a/src/include/switch_ivr.h#L894
switch_ivr_menu_stack_free,switch_status_t,switch_ivr_menu_t *stack,not_verified,https://github.com/signalwire/freeswitch/blob/ef32e205295e29f034f1453ad245ba5efb07b94a/src/include/switch_ivr.h#L901
switch_ivr_menu_stack_xml_build,switch_status_t,"switch_ivr_menu_xml_ctx_t *xml_menu_ctx, switch_ivr_menu_t ** menu_stack, switch_xml_t xml_menus, switch_xml_t xml_menu",not_verified,https://github.com/signalwire/freeswitch/blob/ef32e205295e29f034f1453ad245ba5efb07b94a/src/include/switch_ivr.h#L913
switch_ivr_menu_str2action,switch_status_t,"const char *action_name, switch_ivr_action_t *action",not_verified,https://github.com/signalwire/freeswitch/blob/ef32e205295e29f034f1453ad245ba5efb07b94a/src/include/switch_ivr.h#L916
switch_ivr_menu_stack_xml_add_custom,switch_status_t,"switch_ivr_menu_xml_ctx_t *xml_menu_ctx, const char *name, switch_ivr_menu_action_function_t *function",not_verified,https://github.com/signalwire/freeswitch/blob/ef32e205295e29f034f1453ad245ba5efb07b94a/src/include/switch_ivr.h#L924
switch_ivr_menu_stack_xml_init,switch_status_t,"switch_ivr_menu_xml_ctx_t ** xml_menu_ctx, switch_memory_pool_t *pool",not_verified,https://github.com/signalwire/freeswitch/blob/ef32e205295e29f034f1453ad245ba5efb07b94a/src/include/switch_ivr.h#L932
switch_ivr_phrase_macro_event,switch_status_t,"switch_core_session_t *session, const char *macro_name, const char *data, switch_event_t *event, const char *lang, switch_input_args_t *args",not_verified,https://github.com/signalwire/freeswitch/blob/ef32e205295e29f034f1453ad245ba5efb07b94a/src/include/switch_ivr.h#L934
switch_ivr_delay_echo,void,"switch_core_session_t *session, uint32_t delay_ms",not_verified,https://github.com/signalwire/freeswitch/blob/ef32e205295e29f034f1453ad245ba5efb07b94a/src/include/switch_ivr.h#L937
switch_ivr_find_bridged_uuid,switch_status_t,"const char *uuid, char *b_uuid, switch_size_t blen",not_verified,https://github.com/signalwire/freeswitch/blob/ef32e205295e29f034f1453ad245ba5efb07b94a/src/include/switch_ivr.h#L938
switch_ivr_intercept_session,switch_status_t,"switch_core_session_t *session, const char *uuid, switch_bool_t bleg",not_verified,https://github.com/signalwire/freeswitch/blob/ef32e205295e29f034f1453ad245ba5efb07b94a/src/include/switch_ivr.h#L939
switch_ivr_park_session,void,switch_core_session_t *session,not_verified,https://github.com/signalwire/freeswitch/blob/ef32e205295e29f034f1453ad245ba5efb07b94a/src/include/switch_ivr.h#L940
switch_ivr_wait_for_answer,switch_status_t,"switch_core_session_t *session, switch_core_session_t *peer_session",not_verified,https://github.com/signalwire/freeswitch/blob/ef32e205295e29f034f1453ad245ba5efb07b94a/src/include/switch_ivr.h#L941
switch_ivr_read,switch_status_t,"switch_core_session_t *session, uint32_t min_digits, uint32_t max_digits, const char *prompt_audio_file, const char *var_name, char *digit_buffer, switch_size_t digit_buffer_length, uint32_t timeout, const char *valid_terminators, uint32_t digit_timeout",not_verified,https://github.com/signalwire/freeswitch/blob/ef32e205295e29f034f1453ad245ba5efb07b94a/src/include/switch_ivr.h#L943
switch_ivr_block_dtmf_session,switch_status_t,switch_core_session_t *session,not_verified,https://github.com/signalwire/freeswitch/blob/ef32e205295e29f034f1453ad245ba5efb07b94a/src/include/switch_ivr.h#L955
switch_ivr_unblock_dtmf_session,switch_status_t,switch_core_session_t *session,not_verified,https://github.com/signalwire/freeswitch/blob/ef32e205295e29f034f1453ad245ba5efb07b94a/src/include/switch_ivr.h#L956
switch_ivr_bind_dtmf_meta_session,switch_status_t,"switch_core_session_t *session, uint32_t key, switch_bind_flag_t bind_flags, const char *app",not_verified,https://github.com/signalwire/freeswitch/blob/ef32e205295e29f034f1453ad245ba5efb07b94a/src/include/switch_ivr.h#L958
switch_ivr_unbind_dtmf_meta_session,switch_status_t,"switch_core_session_t *session, uint32_t key",not_verified,https://github.com/signalwire/freeswitch/blob/ef32e205295e29f034f1453ad245ba5efb07b94a/src/include/switch_ivr.h#L960
switch_ivr_soft_hold,switch_status_t,"switch_core_session_t *session, const char *unhold_key, const char *moh_a, const char *moh_b",not_verified,https://github.com/signalwire/freeswitch/blob/ef32e205295e29f034f1453ad245ba5efb07b94a/src/include/switch_ivr.h#L961
switch_ivr_say,switch_status_t,"switch_core_session_t *session, const char *tosay, const char *module_name, const char *say_type, const char *say_method, const char *say_gender, switch_input_args_t *args",not_verified,https://github.com/signalwire/freeswitch/blob/ef32e205295e29f034f1453ad245ba5efb07b94a/src/include/switch_ivr.h#L962
switch_ivr_say_string,switch_status_t,"switch_core_session_t *session, const char *lang, const char *ext, const char *tosay, const char *module_name, const char *say_type, const char *say_method, const char *say_gender, char **rstr",not_verified,https://github.com/signalwire/freeswitch/blob/ef32e205295e29f034f1453ad245ba5efb07b94a/src/include/switch_ivr.h#L970
switch_ivr_get_say_method_by_name,switch_say_method_t,const char *name,not_verified,https://github.com/signalwire/freeswitch/blob/ef32e205295e29f034f1453ad245ba5efb07b94a/src/include/switch_ivr.h#L980
switch_ivr_get_say_gender_by_name,switch_say_gender_t,const char *name,not_verified,https://github.com/signalwire/freeswitch/blob/ef32e205295e29f034f1453ad245ba5efb07b94a/src/include/switch_ivr.h#L981
switch_ivr_get_say_type_by_name,switch_say_type_t,const char *name,not_verified,https://github.com/signalwire/freeswitch/blob/ef32e205295e29f034f1453ad245ba5efb07b94a/src/include/switch_ivr.h#L982
switch_ivr_say_spell,switch_status_t,"switch_core_session_t *session, char *tosay, switch_say_args_t *say_args, switch_input_args_t *args",not_verified,https://github.com/signalwire/freeswitch/blob/ef32e205295e29f034f1453ad245ba5efb07b94a/src/include/switch_ivr.h#L983
switch_ivr_say_ip,switch_status_t,"switch_core_session_t *session, char *tosay, switch_say_callback_t number_func, switch_say_args_t *say_args, switch_input_args_t *args",not_verified,https://github.com/signalwire/freeswitch/blob/ef32e205295e29f034f1453ad245ba5efb07b94a/src/include/switch_ivr.h#L984
switch_ivr_set_user,switch_status_t,"switch_core_session_t *session, const char *data",not_verified,https://github.com/signalwire/freeswitch/blob/ef32e205295e29f034f1453ad245ba5efb07b94a/src/include/switch_ivr.h#L990
switch_ivr_set_user_extended,switch_status_t,"switch_core_session_t *session, const char *data, switch_event_t *params",not_verified,https://github.com/signalwire/freeswitch/blob/ef32e205295e29f034f1453ad245ba5efb07b94a/src/include/switch_ivr.h#L991
switch_ivr_set_user_xml,switch_status_t,"switch_core_session_t *session, const char *prefix, const char *user, const char *domain, switch_xml_t x_user",not_verified,https://github.com/signalwire/freeswitch/blob/ef32e205295e29f034f1453ad245ba5efb07b94a/src/include/switch_ivr.h#L992
switch_ivr_sound_test,switch_status_t,switch_core_session_t *session,not_verified,https://github.com/signalwire/freeswitch/blob/ef32e205295e29f034f1453ad245ba5efb07b94a/src/include/switch_ivr.h#L995
switch_process_import,void,"switch_core_session_t *session, switch_channel_t *peer_channel, const char *varname, const char *prefix",not_verified,https://github.com/signalwire/freeswitch/blob/ef32e205295e29f034f1453ad245ba5efb07b94a/src/include/switch_ivr.h#L996
switch_ivr_uuid_exists,switch_bool_t,const char *uuid,not_verified,https://github.com/signalwire/freeswitch/blob/ef32e205295e29f034f1453ad245ba5efb07b94a/src/include/switch_ivr.h#L997
switch_ivr_uuid_force_exists,switch_bool_t,const char *uuid,not_verified,https://github.com/signalwire/freeswitch/blob/ef32e205295e29f034f1453ad245ba5efb07b94a/src/include/switch_ivr.h#L998
switch_ivr_dmachine_is_parsing,switch_bool_t,switch_ivr_dmachine_t *dmachine,not_verified,https://github.com/signalwire/freeswitch/blob/ef32e205295e29f034f1453ad245ba5efb07b94a/src/include/switch_ivr.h#L1002
switch_ivr_dmachine_last_ping,switch_status_t,switch_ivr_dmachine_t *dmachine,not_verified,https://github.com/signalwire/freeswitch/blob/ef32e205295e29f034f1453ad245ba5efb07b94a/src/include/switch_ivr.h#L1003
switch_ivr_dmachine_get_name,const char *,switch_ivr_dmachine_t *dmachine,not_verified,https://github.com/signalwire/freeswitch/blob/ef32e205295e29f034f1453ad245ba5efb07b94a/src/include/switch_ivr.h#L1004
switch_ivr_dmachine_set_match_callback,void,"switch_ivr_dmachine_t *dmachine, switch_ivr_dmachine_callback_t match_callback",not_verified,https://github.com/signalwire/freeswitch/blob/ef32e205295e29f034f1453ad245ba5efb07b94a/src/include/switch_ivr.h#L1005
switch_ivr_dmachine_set_nonmatch_callback,void,"switch_ivr_dmachine_t *dmachine, switch_ivr_dmachine_callback_t nonmatch_callback",not_verified,https://github.com/signalwire/freeswitch/blob/ef32e205295e29f034f1453ad245ba5efb07b94a/src/include/switch_ivr.h#L1006
switch_ivr_dmachine_create,switch_status_t,"switch_ivr_dmachine_t **dmachine_p, const char *name, switch_memory_pool_t *pool, uint32_t digit_timeout, uint32_t input_timeout, switch_ivr_dmachine_callback_t match_callback, switch_ivr_dmachine_callback_t nonmatch_callback, void *user_data",not_verified,https://github.com/signalwire/freeswitch/blob/ef32e205295e29f034f1453ad245ba5efb07b94a/src/include/switch_ivr.h#L1007
switch_ivr_dmachine_destroy,void,switch_ivr_dmachine_t **dmachine,not_verified,https://github.com/signalwire/freeswitch/blob/ef32e205295e29f034f1453ad245ba5efb07b94a/src/include/switch_ivr.h#L1015
switch_ivr_dmachine_bind,switch_status_t,"switch_ivr_dmachine_t *dmachine, const char *realm, const char *digits, switch_byte_t is_priority, int32_t key, switch_ivr_dmachine_callback_t callback, void *user_data",not_verified,https://github.com/signalwire/freeswitch/blob/ef32e205295e29f034f1453ad245ba5efb07b94a/src/include/switch_ivr.h#L1017
switch_ivr_dmachine_feed,switch_status_t,"switch_ivr_dmachine_t *dmachine, const char *digits, switch_ivr_dmachine_match_t **match",not_verified,https://github.com/signalwire/freeswitch/blob/ef32e205295e29f034f1453ad245ba5efb07b94a/src/include/switch_ivr.h#L1025
switch_ivr_dmachine_clear,switch_status_t,switch_ivr_dmachine_t *dmachine,not_verified,https://github.com/signalwire/freeswitch/blob/ef32e205295e29f034f1453ad245ba5efb07b94a/src/include/switch_ivr.h#L1026
switch_ivr_dmachine_ping,switch_status_t,"switch_ivr_dmachine_t *dmachine, switch_ivr_dmachine_match_t **match_p",not_verified,https://github.com/signalwire/freeswitch/blob/ef32e205295e29f034f1453ad245ba5efb07b94a/src/include/switch_ivr.h#L1027
switch_ivr_dmachine_get_match,switch_ivr_dmachine_match_t *,switch_ivr_dmachine_t *dmachine,not_verified,https://github.com/signalwire/freeswitch/blob/ef32e205295e29f034f1453ad245ba5efb07b94a/src/include/switch_ivr.h#L1028
switch_ivr_dmachine_get_failed_digits,const char *,switch_ivr_dmachine_t *dmachine,not_verified,https://github.com/signalwire/freeswitch/blob/ef32e205295e29f034f1453ad245ba5efb07b94a/src/include/switch_ivr.h#L1029
switch_ivr_dmachine_set_digit_timeout_ms,void,"switch_ivr_dmachine_t *dmachine, uint32_t digit_timeout_ms",not_verified,https://github.com/signalwire/freeswitch/blob/ef32e205295e29f034f1453ad245ba5efb07b94a/src/include/switch_ivr.h#L1030
switch_ivr_dmachine_set_input_timeout_ms,void,"switch_ivr_dmachine_t *dmachine, uint32_t input_timeout_ms",not_verified,https://github.com/signalwire/freeswitch/blob/ef32e205295e29f034f1453ad245ba5efb07b94a/src/include/switch_ivr.h#L1031
switch_ivr_dmachine_clear_realm,switch_status_t,"switch_ivr_dmachine_t *dmachine, const char *realm",not_verified,https://github.com/signalwire/freeswitch/blob/ef32e205295e29f034f1453ad245ba5efb07b94a/src/include/switch_ivr.h#L1032
switch_ivr_dmachine_set_realm,switch_status_t,"switch_ivr_dmachine_t *dmachine, const char *realm",not_verified,https://github.com/signalwire/freeswitch/blob/ef32e205295e29f034f1453ad245ba5efb07b94a/src/include/switch_ivr.h#L1033
switch_ivr_get_file_handle,switch_status_t,"switch_core_session_t *session, switch_file_handle_t **fh",not_verified,https://github.com/signalwire/freeswitch/blob/ef32e205295e29f034f1453ad245ba5efb07b94a/src/include/switch_ivr.h#L1036
switch_ivr_release_file_handle,switch_status_t,"switch_core_session_t *session, switch_file_handle_t **fh",not_verified,https://github.com/signalwire/freeswitch/blob/ef32e205295e29f034f1453ad245ba5efb07b94a/src/include/switch_ivr.h#L1037
switch_ivr_process_fh,switch_status_t,"switch_core_session_t *session, const char *cmd, switch_file_handle_t *fhp",not_verified,https://github.com/signalwire/freeswitch/blob/ef32e205295e29f034f1453ad245ba5efb07b94a/src/include/switch_ivr.h#L1038
switch_ivr_insert_file,switch_status_t,"switch_core_session_t *session, const char *file, const char *insert_file, switch_size_t sample_point",not_verified,https://github.com/signalwire/freeswitch/blob/ef32e205295e29f034f1453ad245ba5efb07b94a/src/include/switch_ivr.h#L1039
switch_ivr_create_message_reply,switch_status_t,"switch_event_t **reply, switch_event_t *message, const char *new_proto",not_verified,https://github.com/signalwire/freeswitch/blob/ef32e205295e29f034f1453ad245ba5efb07b94a/src/include/switch_ivr.h#L1041
switch_ivr_check_presence_mapping,char *,"const char *exten_name, const char *domain_name",not_verified,https://github.com/signalwire/freeswitch/blob/ef32e205295e29f034f1453ad245ba5efb07b94a/src/include/switch_ivr.h#L1042
switch_ivr_kill_uuid,switch_status_t,"const char *uuid, switch_call_cause_t cause",not_verified,https://github.com/signalwire/freeswitch/blob/ef32e205295e29f034f1453ad245ba5efb07b94a/src/include/switch_ivr.h#L1043
switch_ivr_blind_transfer_ack,switch_status_t,"switch_core_session_t *session, switch_bool_t success",not_verified,https://github.com/signalwire/freeswitch/blob/ef32e205295e29f034f1453ad245ba5efb07b94a/src/include/switch_ivr.h#L1044
switch_ivr_record_session_mask,switch_status_t,"switch_core_session_t *session, const char *file, switch_bool_t on",not_verified,https://github.com/signalwire/freeswitch/blob/ef32e205295e29f034f1453ad245ba5efb07b94a/src/include/switch_ivr.h#L1045
switch_ivr_record_session_pause,switch_status_t,"switch_core_session_t *session, const char *file, switch_bool_t on",not_verified,https://github.com/signalwire/freeswitch/blob/ef32e205295e29f034f1453ad245ba5efb07b94a/src/include/switch_ivr.h#L1046
switch_ivr_stop_video_write_overlay_session,switch_status_t,switch_core_session_t *session,not_verified,https://github.com/signalwire/freeswitch/blob/ef32e205295e29f034f1453ad245ba5efb07b94a/src/include/switch_ivr.h#L1049
switch_ivr_video_write_overlay_session,switch_status_t,"switch_core_session_t *session, const char *img_path, switch_img_position_t pos, uint8_t alpha",not_verified,https://github.com/signalwire/freeswitch/blob/ef32e205295e29f034f1453ad245ba5efb07b94a/src/include/switch_ivr.h#L1050
switch_ivr_capture_text,switch_status_t,"switch_core_session_t *session, switch_bool_t on",not_verified,https://github.com/signalwire/freeswitch/blob/ef32e205295e29f034f1453ad245ba5efb07b94a/src/include/switch_ivr.h#L1053
switch_dial_handle_create,switch_status_t,switch_dial_handle_t **handle,not_verified,https://github.com/signalwire/freeswitch/blob/ef32e205295e29f034f1453ad245ba5efb07b94a/src/include/switch_ivr.h#L1055
switch_dial_handle_create_json_obj,switch_status_t,"switch_dial_handle_t **handle, cJSON *json",not_verified,https://github.com/signalwire/freeswitch/blob/ef32e205295e29f034f1453ad245ba5efb07b94a/src/include/switch_ivr.h#L1056
switch_dial_handle_create_json,switch_status_t,"switch_dial_handle_t **handle, const char *handle_string",not_verified,https://github.com/signalwire/freeswitch/blob/ef32e205295e29f034f1453ad245ba5efb07b94a/src/include/switch_ivr.h#L1057
switch_dial_handle_destroy,void,switch_dial_handle_t **handle,not_verified,https://github.com/signalwire/freeswitch/blob/ef32e205295e29f034f1453ad245ba5efb07b94a/src/include/switch_ivr.h#L1058
switch_dial_handle_serialize_json_obj,switch_status_t,"switch_dial_handle_t *handle, cJSON **json",not_verified,https://github.com/signalwire/freeswitch/blob/ef32e205295e29f034f1453ad245ba5efb07b94a/src/include/switch_ivr.h#L1059
switch_dial_handle_serialize_json,switch_status_t,"switch_dial_handle_t *handle, char **str",not_verified,https://github.com/signalwire/freeswitch/blob/ef32e205295e29f034f1453ad245ba5efb07b94a/src/include/switch_ivr.h#L1060
switch_dial_handle_add_leg_list,void,"switch_dial_handle_t *handle, switch_dial_leg_list_t **leg_listP",not_verified,https://github.com/signalwire/freeswitch/blob/ef32e205295e29f034f1453ad245ba5efb07b94a/src/include/switch_ivr.h#L1061
switch_dial_leg_list_add_leg,void,"switch_dial_leg_list_t *parent, switch_dial_leg_t **legP, const char *dial_string",not_verified,https://github.com/signalwire/freeswitch/blob/ef32e205295e29f034f1453ad245ba5efb07b94a/src/include/switch_ivr.h#L1062
switch_dial_leg_list_add_leg_printf,void,"switch_dial_leg_list_t *parent, switch_dial_leg_t **legP, const char *fmt, ...",not_verified,https://github.com/signalwire/freeswitch/blob/ef32e205295e29f034f1453ad245ba5efb07b94a/src/include/switch_ivr.h#L1063
switch_dial_handle_add_global_var,void,"switch_dial_handle_t *handle, const char *var, const char *val",not_verified,https://github.com/signalwire/freeswitch/blob/ef32e205295e29f034f1453ad245ba5efb07b94a/src/include/switch_ivr.h#L1064
switch_dial_handle_add_global_var_printf,void,"switch_dial_handle_t *handle, const char *var, const char *fmt, ...",not_verified,https://github.com/signalwire/freeswitch/blob/ef32e205295e29f034f1453ad245ba5efb07b94a/src/include/switch_ivr.h#L1065
switch_dial_handle_add_leg_var,switch_status_t,"switch_dial_leg_t *leg, const char *var, const char *val",not_verified,https://github.com/signalwire/freeswitch/blob/ef32e205295e29f034f1453ad245ba5efb07b94a/src/include/switch_ivr.h#L1066
switch_dial_handle_add_leg_var_printf,switch_status_t,"switch_dial_leg_t *leg, const char *var, const char *fmt, ...",not_verified,https://github.com/signalwire/freeswitch/blob/ef32e205295e29f034f1453ad245ba5efb07b94a/src/include/switch_ivr.h#L1067
switch_dial_handle_get_peers,int,"switch_dial_handle_t *handle, int idx, char **array, int max",not_verified,https://github.com/signalwire/freeswitch/blob/ef32e205295e29f034f1453ad245ba5efb07b94a/src/include/switch_ivr.h#L1068
switch_dial_handle_get_vars,int,"switch_dial_handle_t *handle, int idx, switch_event_t **array, int max",not_verified,https://github.com/signalwire/freeswitch/blob/ef32e205295e29f034f1453ad245ba5efb07b94a/src/include/switch_ivr.h#L1069
switch_dial_handle_get_global_vars,switch_event_t *,switch_dial_handle_t *handle,not_verified,https://github.com/signalwire/freeswitch/blob/ef32e205295e29f034f1453ad245ba5efb07b94a/src/include/switch_ivr.h#L1070
switch_dial_leg_get_vars,switch_event_t *,switch_dial_leg_t *leg,not_verified,https://github.com/signalwire/freeswitch/blob/ef32e205295e29f034f1453ad245ba5efb07b94a/src/include/switch_ivr.h#L1071
switch_dial_leg_get_var,const char *,"switch_dial_leg_t *leg, const char *key",not_verified,https://github.com/signalwire/freeswitch/blob/ef32e205295e29f034f1453ad245ba5efb07b94a/src/include/switch_ivr.h#L1072
switch_dial_handle_get_total,int,switch_dial_handle_t *handle,not_verified,https://github.com/signalwire/freeswitch/blob/ef32e205295e29f034f1453ad245ba5efb07b94a/src/include/switch_ivr.h#L1073
switch_dial_handle_list_serialize_json_obj,switch_status_t,"switch_dial_handle_list_t *hl, cJSON **json",not_verified,https://github.com/signalwire/freeswitch/blob/ef32e205295e29f034f1453ad245ba5efb07b94a/src/include/switch_ivr.h#L1074
switch_dial_handle_list_serialize_json,switch_status_t,"switch_dial_handle_list_t *hl, char **str",not_verified,https://github.com/signalwire/freeswitch/blob/ef32e205295e29f034f1453ad245ba5efb07b94a/src/include/switch_ivr.h#L1075
switch_dial_handle_list_create_json_obj,switch_status_t,"switch_dial_handle_list_t **handle, cJSON *json",not_verified,https://github.com/signalwire/freeswitch/blob/ef32e205295e29f034f1453ad245ba5efb07b94a/src/include/switch_ivr.h#L1076
switch_dial_handle_list_create_json,switch_status_t,"switch_dial_handle_list_t **handle, const char *handle_string",not_verified,https://github.com/signalwire/freeswitch/blob/ef32e205295e29f034f1453ad245ba5efb07b94a/src/include/switch_ivr.h#L1077
switch_dial_handle_list_create,switch_status_t,switch_dial_handle_list_t **hl,not_verified,https://github.com/signalwire/freeswitch/blob/ef32e205295e29f034f1453ad245ba5efb07b94a/src/include/switch_ivr.h#L1078
switch_dial_handle_list_create_handle,switch_status_t,"switch_dial_handle_list_t *hl, switch_dial_handle_t **handle",not_verified,https://github.com/signalwire/freeswitch/blob/ef32e205295e29f034f1453ad245ba5efb07b94a/src/include/switch_ivr.h#L1079
switch_dial_handle_list_destroy,void,switch_dial_handle_list_t **hl,not_verified,https://github.com/signalwire/freeswitch/blob/ef32e205295e29f034f1453ad245ba5efb07b94a/src/include/switch_ivr.h#L1080
switch_dial_handle_list_add_global_var,void,"switch_dial_handle_list_t *hl, const char *var, const char *val",not_verified,https://github.com/signalwire/freeswitch/blob/ef32e205295e29f034f1453ad245ba5efb07b94a/src/include/switch_ivr.h#L1081
switch_dial_handle_list_add_global_var_printf,void,"switch_dial_handle_list_t *hl, const char *var, const char *fmt, ...",not_verified,https://github.com/signalwire/freeswitch/blob/ef32e205295e29f034f1453ad245ba5efb07b94a/src/include/switch_ivr.h#L1082
switch_ivr_enterprise_orig_and_bridge,switch_status_t,"switch_core_session_t *session, const char *data, switch_dial_handle_list_t *hl, switch_call_cause_t *cause",not_verified,https://github.com/signalwire/freeswitch/blob/ef32e205295e29f034f1453ad245ba5efb07b94a/src/include/switch_ivr.h#L1083
switch_ivr_orig_and_bridge,switch_status_t,"switch_core_session_t *session, const char *data, switch_dial_handle_t *dh, switch_call_cause_t *cause",not_verified,https://github.com/signalwire/freeswitch/blob/ef32e205295e29f034f1453ad245ba5efb07b94a/src/include/switch_ivr.h#L1084
switch_ivr_send_prompt,switch_status_t,"switch_core_session_t *session, const char *type, const char *text, const char *regex",not_verified,https://github.com/signalwire/freeswitch/blob/ef32e205295e29f034f1453ad245ba5efb07b94a/src/include/switch_ivr.h#L1085
switch_ivr_play_and_collect_input,switch_status_t,"switch_core_session_t *session, const char *prompt, const char *recognizer_mod_name, const char *recognizer_grammar, int min_digits, int max_digits, const char *terminators, uint32_t digit_timeout, cJSON **recognition_result, char **digits_collected, char *terminator_collected, switch_input_args_t *args",not_verified,https://github.com/signalwire/freeswitch/blob/ef32e205295e29f034f1453ad245ba5efb07b94a/src/include/switch_ivr.h#L1087
switch_jb_create,switch_status_t,"switch_jb_t **jbp, switch_jb_type_t type, uint32_t min_frame_len, uint32_t max_frame_len, switch_memory_pool_t *pool",not_verified,https://github.com/signalwire/freeswitch/blob/ef32e205295e29f034f1453ad245ba5efb07b94a/src/include/switch_jitterbuffer.h#L48
switch_jb_set_frames,switch_status_t,"switch_jb_t *jb, uint32_t min_frame_len, uint32_t max_frame_len",not_verified,https://github.com/signalwire/freeswitch/blob/ef32e205295e29f034f1453ad245ba5efb07b94a/src/include/switch_jitterbuffer.h#L50
switch_jb_peek_frame,switch_status_t,"switch_jb_t *jb, uint32_t ts, uint16_t seq, int peek, switch_frame_t *frame",not_verified,https://github.com/signalwire/freeswitch/blob/ef32e205295e29f034f1453ad245ba5efb07b94a/src/include/switch_jitterbuffer.h#L51
switch_jb_get_frames,switch_status_t,"switch_jb_t *jb, uint32_t *min_frame_len, uint32_t *max_frame_len, uint32_t *cur_frame_len, uint32_t *highest_frame_len",not_verified,https://github.com/signalwire/freeswitch/blob/ef32e205295e29f034f1453ad245ba5efb07b94a/src/include/switch_jitterbuffer.h#L52
switch_jb_destroy,switch_status_t,switch_jb_t **jbp,not_verified,https://github.com/signalwire/freeswitch/blob/ef32e205295e29f034f1453ad245ba5efb07b94a/src/include/switch_jitterbuffer.h#L53
switch_jb_reset,void,switch_jb_t *jb,not_verified,https://github.com/signalwire/freeswitch/blob/ef32e205295e29f034f1453ad245ba5efb07b94a/src/include/switch_jitterbuffer.h#L54
switch_jb_debug_level,void,"switch_jb_t *jb, uint8_t level",not_verified,https://github.com/signalwire/freeswitch/blob/ef32e205295e29f034f1453ad245ba5efb07b94a/src/include/switch_jitterbuffer.h#L55
switch_jb_frame_count,int,switch_jb_t *jb,not_verified,https://github.com/signalwire/freeswitch/blob/ef32e205295e29f034f1453ad245ba5efb07b94a/src/include/switch_jitterbuffer.h#L56
switch_jb_poll,int,switch_jb_t *jb,not_verified,https://github.com/signalwire/freeswitch/blob/ef32e205295e29f034f1453ad245ba5efb07b94a/src/include/switch_jitterbuffer.h#L57
switch_jb_put_packet,switch_status_t,"switch_jb_t *jb, switch_rtp_packet_t *packet, switch_size_t len",not_verified,https://github.com/signalwire/freeswitch/blob/ef32e205295e29f034f1453ad245ba5efb07b94a/src/include/switch_jitterbuffer.h#L58
switch_jb_get_last_read_len,switch_size_t,switch_jb_t *jb,not_verified,https://github.com/signalwire/freeswitch/blob/ef32e205295e29f034f1453ad245ba5efb07b94a/src/include/switch_jitterbuffer.h#L59
switch_jb_get_packet,switch_status_t,"switch_jb_t *jb, switch_rtp_packet_t *packet, switch_size_t *len",not_verified,https://github.com/signalwire/freeswitch/blob/ef32e205295e29f034f1453ad245ba5efb07b94a/src/include/switch_jitterbuffer.h#L60
switch_jb_pop_nack,uint32_t,switch_jb_t *jb,not_verified,https://github.com/signalwire/freeswitch/blob/ef32e205295e29f034f1453ad245ba5efb07b94a/src/include/switch_jitterbuffer.h#L61
switch_jb_get_packet_by_seq,switch_status_t,"switch_jb_t *jb, uint16_t seq, switch_rtp_packet_t *packet, switch_size_t *len",not_verified,https://github.com/signalwire/freeswitch/blob/ef32e205295e29f034f1453ad245ba5efb07b94a/src/include/switch_jitterbuffer.h#L62
switch_jb_set_session,void,"switch_jb_t *jb, switch_core_session_t *session",not_verified,https://github.com/signalwire/freeswitch/blob/ef32e205295e29f034f1453ad245ba5efb07b94a/src/include/switch_jitterbuffer.h#L63
switch_jb_set_jitter_estimator,void,"switch_jb_t *jb, double *jitter, uint32_t samples_per_frame, uint32_t samples_per_second",not_verified,https://github.com/signalwire/freeswitch/blob/ef32e205295e29f034f1453ad245ba5efb07b94a/src/include/switch_jitterbuffer.h#L64
switch_jb_ts_mode,void,"switch_jb_t *jb, uint32_t samples_per_frame, uint32_t samples_per_second",not_verified,https://github.com/signalwire/freeswitch/blob/ef32e205295e29f034f1453ad245ba5efb07b94a/src/include/switch_jitterbuffer.h#L65
switch_jb_set_flag,void,"switch_jb_t *jb, switch_jb_flag_t flag",not_verified,https://github.com/signalwire/freeswitch/blob/ef32e205295e29f034f1453ad245ba5efb07b94a/src/include/switch_jitterbuffer.h#L66
switch_jb_clear_flag,void,"switch_jb_t *jb, switch_jb_flag_t flag",not_verified,https://github.com/signalwire/freeswitch/blob/ef32e205295e29f034f1453ad245ba5efb07b94a/src/include/switch_jitterbuffer.h#L67
switch_jb_get_nack_success,uint32_t,switch_jb_t *jb,not_verified,https://github.com/signalwire/freeswitch/blob/ef32e205295e29f034f1453ad245ba5efb07b94a/src/include/switch_jitterbuffer.h#L68
switch_jb_get_packets_per_frame,uint32_t,switch_jb_t *jb,not_verified,https://github.com/signalwire/freeswitch/blob/ef32e205295e29f034f1453ad245ba5efb07b94a/src/include/switch_jitterbuffer.h#L69
cJSON_CreateStringPrintf,cJSON *,"const char *fmt, ...",not_verified,https://github.com/signalwire/freeswitch/blob/ef32e205295e29f034f1453ad245ba5efb07b94a/src/include/switch_json.h#L46
cJSON_GetObjectCstr,const char *,"const cJSON *object, const char *string",not_verified,https://github.com/signalwire/freeswitch/blob/ef32e205295e29f034f1453ad245ba5efb07b94a/src/include/switch_json.h#L47
switch_limit_init,void,switch_memory_pool_t *pool,not_verified,https://github.com/signalwire/freeswitch/blob/ef32e205295e29f034f1453ad245ba5efb07b94a/src/include/switch_limit.h#L48
switch_limit_incr,switch_status_t,"const char *backend, switch_core_session_t *session, const char *realm, const char *resource, const int max, const int interval",not_verified,https://github.com/signalwire/freeswitch/blob/ef32e205295e29f034f1453ad245ba5efb07b94a/src/include/switch_limit.h#L59
switch_limit_release,switch_status_t,"const char *backend, switch_core_session_t *session, const char *realm, const char *resource",not_verified,https://github.com/signalwire/freeswitch/blob/ef32e205295e29f034f1453ad245ba5efb07b94a/src/include/switch_limit.h#L68
switch_limit_usage,int,"const char *backend, const char *realm, const char *resource, uint32_t *rcount",not_verified,https://github.com/signalwire/freeswitch/blob/ef32e205295e29f034f1453ad245ba5efb07b94a/src/include/switch_limit.h#L77
switch_limit_interval_reset,switch_status_t,"const char *backend, const char *realm, const char *resource",not_verified,https://github.com/signalwire/freeswitch/blob/ef32e205295e29f034f1453ad245ba5efb07b94a/src/include/switch_limit.h#L85
switch_limit_reset,switch_status_t,const char *backend,not_verified,https://github.com/signalwire/freeswitch/blob/ef32e205295e29f034f1453ad245ba5efb07b94a/src/include/switch_limit.h#L91
switch_limit_fire_event,void,"const char *backend, const char *realm, const char *resource, uint32_t usage, uint32_t rate, uint32_t max, uint32_t ratemax",not_verified,https://github.com/signalwire/freeswitch/blob/ef32e205295e29f034f1453ad245ba5efb07b94a/src/include/switch_limit.h#L103
switch_limit_status,char *,const char *backend,not_verified,https://github.com/signalwire/freeswitch/blob/ef32e205295e29f034f1453ad245ba5efb07b94a/src/include/switch_limit.h#L110
switch_loadable_module_init,switch_status_t,switch_bool_t autoload,not_verified,https://github.com/signalwire/freeswitch/blob/ef32e205295e29f034f1453ad245ba5efb07b94a/src/include/switch_loadable_module.h#L110
switch_loadable_module_shutdown,void,void,not_verified,https://github.com/signalwire/freeswitch/blob/ef32e205295e29f034f1453ad245ba5efb07b94a/src/include/switch_loadable_module.h#L115
switch_loadable_module_get_endpoint_interface,switch_endpoint_interface_t *,const char *name,not_verified,https://github.com/signalwire/freeswitch/blob/ef32e205295e29f034f1453ad245ba5efb07b94a/src/include/switch_loadable_module.h#L122
switch_loadable_module_get_codec_interface,switch_codec_interface_t *,"const char *name, const char *modname",not_verified,https://github.com/signalwire/freeswitch/blob/ef32e205295e29f034f1453ad245ba5efb07b94a/src/include/switch_loadable_module.h#L129
switch_parse_codec_buf,char *,"char *buf, uint32_t *interval, uint32_t *rate, uint32_t *bit, uint32_t *channels, char **modname, char **fmtp",not_verified,https://github.com/signalwire/freeswitch/blob/ef32e205295e29f034f1453ad245ba5efb07b94a/src/include/switch_loadable_module.h#L131
switch_loadable_module_get_dialplan_interface,switch_dialplan_interface_t *,const char *name,not_verified,https://github.com/signalwire/freeswitch/blob/ef32e205295e29f034f1453ad245ba5efb07b94a/src/include/switch_loadable_module.h#L138
switch_loadable_module_enumerate_available,switch_status_t,"const char *dir_path, switch_modulename_callback_func_t callback, void *user_data",not_verified,https://github.com/signalwire/freeswitch/blob/ef32e205295e29f034f1453ad245ba5efb07b94a/src/include/switch_loadable_module.h#L148
switch_loadable_module_enumerate_loaded,switch_status_t,"switch_modulename_callback_func_t callback, void *user_data",not_verified,https://github.com/signalwire/freeswitch/blob/ef32e205295e29f034f1453ad245ba5efb07b94a/src/include/switch_loadable_module.h#L157
switch_loadable_module_dump_interface_allowlist,void,"switch_stream_handle_t *stream, switch_bool_t by_module, switch_bool_t xml",not_verified,https://github.com/signalwire/freeswitch/blob/ef32e205295e29f034f1453ad245ba5efb07b94a/src/include/switch_loadable_module.h#L165
switch_loadable_module_build_dynamic,switch_status_t,"char *filename, switch_module_load_t switch_module_load, switch_module_runtime_t switch_module_runtime, switch_module_shutdown_t switch_module_shutdown, switch_bool_t runtime",not_verified,https://github.com/signalwire/freeswitch/blob/ef32e205295e29f034f1453ad245ba5efb07b94a/src/include/switch_loadable_module.h#L177
switch_loadable_module_get_timer_interface,switch_timer_interface_t *,const char *name,not_verified,https://github.com/signalwire/freeswitch/blob/ef32e205295e29f034f1453ad245ba5efb07b94a/src/include/switch_loadable_module.h#L188
switch_loadable_module_get_application_interface,switch_application_interface_t *,const char *name,not_verified,https://github.com/signalwire/freeswitch/blob/ef32e205295e29f034f1453ad245ba5efb07b94a/src/include/switch_loadable_module.h#L195
switch_loadable_module_get_chat_application_interface,switch_chat_application_interface_t *,const char *name,not_verified,https://github.com/signalwire/freeswitch/blob/ef32e205295e29f034f1453ad245ba5efb07b94a/src/include/switch_loadable_module.h#L202
switch_core_execute_chat_app,switch_status_t,"switch_event_t *message, const char *app, const char *data",not_verified,https://github.com/signalwire/freeswitch/blob/ef32e205295e29f034f1453ad245ba5efb07b94a/src/include/switch_loadable_module.h#L204
switch_loadable_module_get_api_interface,switch_api_interface_t *,const char *name,not_verified,https://github.com/signalwire/freeswitch/blob/ef32e205295e29f034f1453ad245ba5efb07b94a/src/include/switch_loadable_module.h#L211
switch_loadable_module_get_json_api_interface,switch_json_api_interface_t *,const char *name,not_verified,https://github.com/signalwire/freeswitch/blob/ef32e205295e29f034f1453ad245ba5efb07b94a/src/include/switch_loadable_module.h#L218
switch_loadable_module_get_file_interface,switch_file_interface_t *,"const char *name, const char *modname",not_verified,https://github.com/signalwire/freeswitch/blob/ef32e205295e29f034f1453ad245ba5efb07b94a/src/include/switch_loadable_module.h#L225
switch_loadable_module_get_database_interface,switch_database_interface_t *,"const char *name, const char *modname",not_verified,https://github.com/signalwire/freeswitch/blob/ef32e205295e29f034f1453ad245ba5efb07b94a/src/include/switch_loadable_module.h#L232
switch_loadable_module_get_speech_interface,switch_speech_interface_t *,const char *name,not_verified,https://github.com/signalwire/freeswitch/blob/ef32e205295e29f034f1453ad245ba5efb07b94a/src/include/switch_loadable_module.h#L239
switch_loadable_module_get_asr_interface,switch_asr_interface_t *,const char *name,not_verified,https://github.com/signalwire/freeswitch/blob/ef32e205295e29f034f1453ad245ba5efb07b94a/src/include/switch_loadable_module.h#L246
switch_loadable_module_get_directory_interface,switch_directory_interface_t *,const char *name,not_verified,https://github.com/signalwire/freeswitch/blob/ef32e205295e29f034f1453ad245ba5efb07b94a/src/include/switch_loadable_module.h#L253
switch_loadable_module_get_chat_interface,switch_chat_interface_t *,const char *name,not_verified,https://github.com/signalwire/freeswitch/blob/ef32e205295e29f034f1453ad245ba5efb07b94a/src/include/switch_loadable_module.h#L260
switch_loadable_module_get_say_interface,switch_say_interface_t *,const char *name,not_verified,https://github.com/signalwire/freeswitch/blob/ef32e205295e29f034f1453ad245ba5efb07b94a/src/include/switch_loadable_module.h#L267
switch_loadable_module_get_management_interface,switch_management_interface_t *,const char *relative_oid,not_verified,https://github.com/signalwire/freeswitch/blob/ef32e205295e29f034f1453ad245ba5efb07b94a/src/include/switch_loadable_module.h#L274
switch_loadable_module_get_limit_interface,switch_limit_interface_t *,const char *name,not_verified,https://github.com/signalwire/freeswitch/blob/ef32e205295e29f034f1453ad245ba5efb07b94a/src/include/switch_loadable_module.h#L281
switch_loadable_module_get_codecs,int,"const switch_codec_implementation_t **array, int arraylen",not_verified,https://github.com/signalwire/freeswitch/blob/ef32e205295e29f034f1453ad245ba5efb07b94a/src/include/switch_loadable_module.h#L289
switch_loadable_module_get_codecs_sorted,int,"const switch_codec_implementation_t **array, char fmtp_array[SWITCH_MAX_CODECS][MAX_FMTP_LEN], int arraylen, char **prefs, int preflen",not_verified,https://github.com/signalwire/freeswitch/blob/ef32e205295e29f034f1453ad245ba5efb07b94a/src/include/switch_loadable_module.h#L301
switch_api_execute,switch_status_t,"const char *cmd, const char *arg, switch_core_session_t *session, switch_stream_handle_t *stream",not_verified,https://github.com/signalwire/freeswitch/blob/ef32e205295e29f034f1453ad245ba5efb07b94a/src/include/switch_loadable_module.h#L311
switch_json_api_execute,switch_status_t,"cJSON *json, switch_core_session_t *session, cJSON **retval",not_verified,https://github.com/signalwire/freeswitch/blob/ef32e205295e29f034f1453ad245ba5efb07b94a/src/include/switch_loadable_module.h#L321
switch_loadable_module_load_module,switch_status_t,"const char *dir, const char *fname, switch_bool_t runtime, const char **err",not_verified,https://github.com/signalwire/freeswitch/blob/ef32e205295e29f034f1453ad245ba5efb07b94a/src/include/switch_loadable_module.h#L331
switch_loadable_module_exists,switch_status_t,const char *mod,not_verified,https://github.com/signalwire/freeswitch/blob/ef32e205295e29f034f1453ad245ba5efb07b94a/src/include/switch_loadable_module.h#L338
switch_loadable_module_protect,switch_status_t,const char *mod,not_verified,https://github.com/signalwire/freeswitch/blob/ef32e205295e29f034f1453ad245ba5efb07b94a/src/include/switch_loadable_module.h#L345
switch_loadable_module_unload_module,switch_status_t,"const char *dir, const char *fname, switch_bool_t force, const char **err",not_verified,https://github.com/signalwire/freeswitch/blob/ef32e205295e29f034f1453ad245ba5efb07b94a/src/include/switch_loadable_module.h#L354
switch_core_codec_next_id,uint32_t,void,not_verified,https://github.com/signalwire/freeswitch/blob/ef32e205295e29f034f1453ad245ba5efb07b94a/src/include/switch_loadable_module.h#L446
switch_core_get_secondary_recover_callback,switch_core_recover_callback_t,const char *key,not_verified,https://github.com/signalwire/freeswitch/blob/ef32e205295e29f034f1453ad245ba5efb07b94a/src/include/switch_loadable_module.h#L621
switch_core_register_secondary_recover_callback,switch_status_t,"const char *key, switch_core_recover_callback_t cb",not_verified,https://github.com/signalwire/freeswitch/blob/ef32e205295e29f034f1453ad245ba5efb07b94a/src/include/switch_loadable_module.h#L622
switch_core_unregister_secondary_recover_callback,void,const char *key,not_verified,https://github.com/signalwire/freeswitch/blob/ef32e205295e29f034f1453ad245ba5efb07b94a/src/include/switch_loadable_module.h#L623
switch_log_node_to_json,cJSON *,"const switch_log_node_t *node, int log_level, switch_log_json_format_t *json_format, switch_event_t *chan_vars",not_verified,https://github.com/signalwire/freeswitch/blob/ef32e205295e29f034f1453ad245ba5efb07b94a/src/include/switch_log.h#L113
switch_log_init,switch_status_t,"_In_ switch_memory_pool_t *pool, _In_ switch_bool_t colorize",not_verified,https://github.com/signalwire/freeswitch/blob/ef32e205295e29f034f1453ad245ba5efb07b94a/src/include/switch_log.h#L120
switch_log_shutdown,switch_status_t,void,not_verified,https://github.com/signalwire/freeswitch/blob/ef32e205295e29f034f1453ad245ba5efb07b94a/src/include/switch_log.h#L126
switch_log_printf,void,"_In_ switch_text_channel_t channel, _In_z_ const char *file, _In_z_ const char *func, _In_ int line, _In_opt_z_ const char *userdata, _In_ switch_log_level_t level, _In_z_ _Printf_format_string_ const char *fmt, ...",not_verified,https://github.com/signalwire/freeswitch/blob/ef32e205295e29f034f1453ad245ba5efb07b94a/src/include/switch_log.h#L142
switch_log_vprintf,void,"_In_ switch_text_channel_t channel, _In_z_ const char *file, _In_z_ const char *func, _In_ int line, _In_opt_z_ const char *userdata, _In_ switch_log_level_t level, const char *fmt, va_list ap",not_verified,https://github.com/signalwire/freeswitch/blob/ef32e205295e29f034f1453ad245ba5efb07b94a/src/include/switch_log.h#L159
switch_log_meta_printf,void,"switch_text_channel_t channel, const char *file, const char *func, int line, const char *userdata, switch_log_level_t level, cJSON **meta, const char *fmt, ...",not_verified,https://github.com/signalwire/freeswitch/blob/ef32e205295e29f034f1453ad245ba5efb07b94a/src/include/switch_log.h#L176
switch_log_meta_vprintf,void,"_In_ switch_text_channel_t channel, _In_z_ const char *file, _In_z_ const char *func, _In_ int line, _In_opt_z_ const char *userdata, _In_ switch_log_level_t level, cJSON **meta, const char *fmt, va_list ap",not_verified,https://github.com/signalwire/freeswitch/blob/ef32e205295e29f034f1453ad245ba5efb07b94a/src/include/switch_log.h#L193
switch_log_bind_logger,switch_status_t,"_In_ switch_log_function_t function, _In_ switch_log_level_t level, _In_ switch_bool_t is_console",not_verified,https://github.com/signalwire/freeswitch/blob/ef32e205295e29f034f1453ad245ba5efb07b94a/src/include/switch_log.h#L201
switch_log_unbind_logger,switch_status_t,_In_ switch_log_function_t function,not_verified,https://github.com/signalwire/freeswitch/blob/ef32e205295e29f034f1453ad245ba5efb07b94a/src/include/switch_log.h#L202
switch_log_level2str,const char *,_In_ switch_log_level_t level,not_verified,https://github.com/signalwire/freeswitch/blob/ef32e205295e29f034f1453ad245ba5efb07b94a/src/include/switch_log.h#L209
switch_log_str2level,switch_log_level_t,_In_z_ const char *str,not_verified,https://github.com/signalwire/freeswitch/blob/ef32e205295e29f034f1453ad245ba5efb07b94a/src/include/switch_log.h#L216
switch_log_str2mask,uint32_t,_In_z_ const char *str,not_verified,https://github.com/signalwire/freeswitch/blob/ef32e205295e29f034f1453ad245ba5efb07b94a/src/include/switch_log.h#L218
switch_log_node_dup,switch_log_node_t *,const switch_log_node_t *node,not_verified,https://github.com/signalwire/freeswitch/blob/ef32e205295e29f034f1453ad245ba5efb07b94a/src/include/switch_log.h#L222
switch_log_node_free,void,switch_log_node_t **pnode,not_verified,https://github.com/signalwire/freeswitch/blob/ef32e205295e29f034f1453ad245ba5efb07b94a/src/include/switch_log.h#L223
switch_mprintf,char *,"const char *zFormat, ...",not_verified,https://github.com/signalwire/freeswitch/blob/ef32e205295e29f034f1453ad245ba5efb07b94a/src/include/switch_mprintf.h#L58
switch_vmprintf,char *,"const char *zFormat, va_list ap",not_verified,https://github.com/signalwire/freeswitch/blob/ef32e205295e29f034f1453ad245ba5efb07b94a/src/include/switch_mprintf.h#L59
switch_snprintfv,char *,"char *zBuf, int n, const char *zFormat, ...",not_verified,https://github.com/signalwire/freeswitch/blob/ef32e205295e29f034f1453ad245ba5efb07b94a/src/include/switch_mprintf.h#L60
switch_msrp_init,switch_status_t,void,not_verified,https://github.com/signalwire/freeswitch/blob/ef32e205295e29f034f1453ad245ba5efb07b94a/src/include/switch_msrp.h#L121
switch_msrp_destroy,switch_status_t,void,not_verified,https://github.com/signalwire/freeswitch/blob/ef32e205295e29f034f1453ad245ba5efb07b94a/src/include/switch_msrp.h#L122
switch_msrp_session_new,switch_msrp_session_t *,"switch_memory_pool_t *pool, const char *call_id, switch_bool_t secure",not_verified,https://github.com/signalwire/freeswitch/blob/ef32e205295e29f034f1453ad245ba5efb07b94a/src/include/switch_msrp.h#L123
switch_msrp_session_destroy,switch_status_t,switch_msrp_session_t **ms,not_verified,https://github.com/signalwire/freeswitch/blob/ef32e205295e29f034f1453ad245ba5efb07b94a/src/include/switch_msrp.h#L124
switch_msrp_session_pop_msg,switch_msrp_msg_t *,switch_msrp_session_t *ms,not_verified,https://github.com/signalwire/freeswitch/blob/ef32e205295e29f034f1453ad245ba5efb07b94a/src/include/switch_msrp.h#L126
switch_msrp_perform_send,switch_status_t,"switch_msrp_session_t *ms, switch_msrp_msg_t *msg, const char *file, const char *func, int line",not_verified,https://github.com/signalwire/freeswitch/blob/ef32e205295e29f034f1453ad245ba5efb07b94a/src/include/switch_msrp.h#L127
switch_msrp_start_client,switch_status_t,switch_msrp_session_t *msrp_session,not_verified,https://github.com/signalwire/freeswitch/blob/ef32e205295e29f034f1453ad245ba5efb07b94a/src/include/switch_msrp.h#L128
switch_msrp_listen_ip,const char *,void,not_verified,https://github.com/signalwire/freeswitch/blob/ef32e205295e29f034f1453ad245ba5efb07b94a/src/include/switch_msrp.h#L129
switch_msrp_msg_create,switch_msrp_msg_t*,void,not_verified,https://github.com/signalwire/freeswitch/blob/ef32e205295e29f034f1453ad245ba5efb07b94a/src/include/switch_msrp.h#L131
switch_msrp_msg_destroy,void,switch_msrp_msg_t **msg,not_verified,https://github.com/signalwire/freeswitch/blob/ef32e205295e29f034f1453ad245ba5efb07b94a/src/include/switch_msrp.h#L132
switch_msrp_load_apis_and_applications,void,switch_loadable_module_interface_t **moudle_interface,not_verified,https://github.com/signalwire/freeswitch/blob/ef32e205295e29f034f1453ad245ba5efb07b94a/src/include/switch_msrp.h#L134
switch_msrp_msg_get_header,const char*,"switch_msrp_msg_t *msrp_msg, switch_msrp_header_type_t htype",not_verified,https://github.com/signalwire/freeswitch/blob/ef32e205295e29f034f1453ad245ba5efb07b94a/src/include/switch_msrp.h#L135
switch_msrp_msg_add_header,switch_status_t,"switch_msrp_msg_t *msrp_msg, switch_msrp_header_type_t htype, char *fmt, ...",not_verified,https://github.com/signalwire/freeswitch/blob/ef32e205295e29f034f1453ad245ba5efb07b94a/src/include/switch_msrp.h#L136
switch_msrp_msg_set_payload,void,"switch_msrp_msg_t *msrp_msg, const char *buf, switch_size_t payload_bytes",not_verified,https://github.com/signalwire/freeswitch/blob/ef32e205295e29f034f1453ad245ba5efb07b94a/src/include/switch_msrp.h#L137
switch_msrp_header_name,char*,switch_msrp_header_type_t htype,not_verified,https://github.com/signalwire/freeswitch/blob/ef32e205295e29f034f1453ad245ba5efb07b94a/src/include/switch_msrp.h#L138
switch_msrp_msg_dup,switch_msrp_msg_t *,switch_msrp_msg_t *msg,not_verified,https://github.com/signalwire/freeswitch/blob/ef32e205295e29f034f1453ad245ba5efb07b94a/src/include/switch_msrp.h#L139
switch_nat_get_type,const char *,void,not_verified,https://github.com/signalwire/freeswitch/blob/ef32e205295e29f034f1453ad245ba5efb07b94a/src/include/switch_nat.h#L52
switch_nat_init,void,"switch_memory_pool_t *pool, switch_bool_t mapping",not_verified,https://github.com/signalwire/freeswitch/blob/ef32e205295e29f034f1453ad245ba5efb07b94a/src/include/switch_nat.h#L59
switch_nat_late_init,void,void,not_verified,https://github.com/signalwire/freeswitch/blob/ef32e205295e29f034f1453ad245ba5efb07b94a/src/include/switch_nat.h#L66
switch_nat_shutdown,void,void,not_verified,https://github.com/signalwire/freeswitch/blob/ef32e205295e29f034f1453ad245ba5efb07b94a/src/include/switch_nat.h#L71
switch_nat_status,char *,void,not_verified,https://github.com/signalwire/freeswitch/blob/ef32e205295e29f034f1453ad245ba5efb07b94a/src/include/switch_nat.h#L77
switch_nat_republish,void,void,not_verified,https://github.com/signalwire/freeswitch/blob/ef32e205295e29f034f1453ad245ba5efb07b94a/src/include/switch_nat.h#L82
switch_nat_reinit,void,void,not_verified,https://github.com/signalwire/freeswitch/blob/ef32e205295e29f034f1453ad245ba5efb07b94a/src/include/switch_nat.h#L87
switch_nat_set_mapping,void,switch_bool_t mapping,not_verified,https://github.com/signalwire/freeswitch/blob/ef32e205295e29f034f1453ad245ba5efb07b94a/src/include/switch_nat.h#L92
switch_nat_add_mapping,switch_status_t,"switch_port_t port, switch_nat_ip_proto_t proto, switch_port_t *external_port, switch_bool_t sticky",not_verified,https://github.com/signalwire/freeswitch/blob/ef32e205295e29f034f1453ad245ba5efb07b94a/src/include/switch_nat.h#L101
switch_nat_is_initialized,switch_bool_t,void,not_verified,https://github.com/signalwire/freeswitch/blob/ef32e205295e29f034f1453ad245ba5efb07b94a/src/include/switch_nat.h#L106
switch_nat_del_mapping,switch_status_t,"switch_port_t port, switch_nat_ip_proto_t proto",not_verified,https://github.com/signalwire/freeswitch/blob/ef32e205295e29f034f1453ad245ba5efb07b94a/src/include/switch_nat.h#L111
switch_odbc_skip_autocommit_flip,void,void,not_verified,https://github.com/signalwire/freeswitch/blob/ef32e205295e29f034f1453ad245ba5efb07b94a/src/include/switch_odbc.h#L54
switch_odbc_handle_new,switch_odbc_handle_t *,"const char *dsn, const char *username, const char *password",not_verified,https://github.com/signalwire/freeswitch/blob/ef32e205295e29f034f1453ad245ba5efb07b94a/src/include/switch_odbc.h#L55
switch_odbc_set_num_retries,void,"switch_odbc_handle_t *handle, int num_retries",not_verified,https://github.com/signalwire/freeswitch/blob/ef32e205295e29f034f1453ad245ba5efb07b94a/src/include/switch_odbc.h#L56
switch_odbc_handle_disconnect,switch_odbc_status_t,switch_odbc_handle_t *handle,not_verified,https://github.com/signalwire/freeswitch/blob/ef32e205295e29f034f1453ad245ba5efb07b94a/src/include/switch_odbc.h#L57
switch_odbc_handle_connect,switch_odbc_status_t,switch_odbc_handle_t *handle,not_verified,https://github.com/signalwire/freeswitch/blob/ef32e205295e29f034f1453ad245ba5efb07b94a/src/include/switch_odbc.h#L58
switch_odbc_handle_destroy,void,switch_odbc_handle_t **handlep,not_verified,https://github.com/signalwire/freeswitch/blob/ef32e205295e29f034f1453ad245ba5efb07b94a/src/include/switch_odbc.h#L59
switch_odbc_handle_get_state,switch_odbc_state_t,switch_odbc_handle_t *handle,not_verified,https://github.com/signalwire/freeswitch/blob/ef32e205295e29f034f1453ad245ba5efb07b94a/src/include/switch_odbc.h#L60
switch_odbc_handle_exec,switch_odbc_status_t,"switch_odbc_handle_t *handle, const char *sql, switch_odbc_statement_handle_t *rstmt, char **err",not_verified,https://github.com/signalwire/freeswitch/blob/ef32e205295e29f034f1453ad245ba5efb07b94a/src/include/switch_odbc.h#L61
switch_odbc_handle_exec_string,switch_odbc_status_t,"switch_odbc_handle_t *handle, const char *sql, char *resbuf, size_t len, char **err",not_verified,https://github.com/signalwire/freeswitch/blob/ef32e205295e29f034f1453ad245ba5efb07b94a/src/include/switch_odbc.h#L63
switch_odbc_available,switch_bool_t,void,not_verified,https://github.com/signalwire/freeswitch/blob/ef32e205295e29f034f1453ad245ba5efb07b94a/src/include/switch_odbc.h#L64
switch_odbc_SQLSetAutoCommitAttr,switch_odbc_status_t,"switch_odbc_handle_t *handle, switch_bool_t on",not_verified,https://github.com/signalwire/freeswitch/blob/ef32e205295e29f034f1453ad245ba5efb07b94a/src/include/switch_odbc.h#L65
switch_odbc_SQLEndTran,switch_odbc_status_t,"switch_odbc_handle_t *handle, switch_bool_t commit",not_verified,https://github.com/signalwire/freeswitch/blob/ef32e205295e29f034f1453ad245ba5efb07b94a/src/include/switch_odbc.h#L66
switch_odbc_statement_handle_free,switch_odbc_status_t,switch_odbc_statement_handle_t *stmt,not_verified,https://github.com/signalwire/freeswitch/blob/ef32e205295e29f034f1453ad245ba5efb07b94a/src/include/switch_odbc.h#L67
switch_odbc_handle_callback_exec_detailed,switch_odbc_status_t,"const char *file, const char *func, int line, switch_odbc_handle_t *handle, const char *sql, switch_core_db_callback_func_t callback, void *pdata, char **err",not_verified,https://github.com/signalwire/freeswitch/blob/ef32e205295e29f034f1453ad245ba5efb07b94a/src/include/switch_odbc.h#L81
switch_odbc_handle_get_error,char *,"switch_odbc_handle_t *handle, switch_odbc_statement_handle_t stmt",not_verified,https://github.com/signalwire/freeswitch/blob/ef32e205295e29f034f1453ad245ba5efb07b94a/src/include/switch_odbc.h#L98
switch_odbc_handle_affected_rows,int,switch_odbc_handle_t *handle,not_verified,https://github.com/signalwire/freeswitch/blob/ef32e205295e29f034f1453ad245ba5efb07b94a/src/include/switch_odbc.h#L100
switch_packetizer_create,switch_packetizer_t *,"switch_packetizer_bitstream_t type, uint32_t slice_size",not_verified,https://github.com/signalwire/freeswitch/blob/ef32e205295e29f034f1453ad245ba5efb07b94a/src/include/switch_packetizer.h#L54
switch_packetizer_feed,switch_status_t,"switch_packetizer_t *packetizer, void *data, uint32_t size",not_verified,https://github.com/signalwire/freeswitch/blob/ef32e205295e29f034f1453ad245ba5efb07b94a/src/include/switch_packetizer.h#L55
switch_packetizer_feed_extradata,switch_status_t,"switch_packetizer_t *packetizer, void *data, uint32_t size",not_verified,https://github.com/signalwire/freeswitch/blob/ef32e205295e29f034f1453ad245ba5efb07b94a/src/include/switch_packetizer.h#L56
switch_packetizer_read,switch_status_t,"switch_packetizer_t *packetizer, switch_frame_t *frame",not_verified,https://github.com/signalwire/freeswitch/blob/ef32e205295e29f034f1453ad245ba5efb07b94a/src/include/switch_packetizer.h#L57
switch_packetizer_close,void,switch_packetizer_t **packetizer,not_verified,https://github.com/signalwire/freeswitch/blob/ef32e205295e29f034f1453ad245ba5efb07b94a/src/include/switch_packetizer.h#L58
switch_new_profile_timer,switch_profile_timer_t *,void,not_verified,https://github.com/signalwire/freeswitch/blob/ef32e205295e29f034f1453ad245ba5efb07b94a/src/include/switch_profile.h#L43
switch_get_system_idle_time,switch_bool_t,"switch_profile_timer_t *p, double *idle_percentage",not_verified,https://github.com/signalwire/freeswitch/blob/ef32e205295e29f034f1453ad245ba5efb07b94a/src/include/switch_profile.h#L52
switch_delete_profile_timer,void,switch_profile_timer_t **p,not_verified,https://github.com/signalwire/freeswitch/blob/ef32e205295e29f034f1453ad245ba5efb07b94a/src/include/switch_profile.h#L58
switch_regex_compile,switch_regex_t *,"const char *pattern, int options, int *errorcode, unsigned int *erroroffset, switch_regex_compile_context_t *ccontext",not_verified,https://github.com/signalwire/freeswitch/blob/ef32e205295e29f034f1453ad245ba5efb07b94a/src/include/switch_regex.h#L50
switch_regex_copy_substring,int,"switch_regex_match_t *match_data, int stringnumber, char *buffer, size_t *size",not_verified,https://github.com/signalwire/freeswitch/blob/ef32e205295e29f034f1453ad245ba5efb07b94a/src/include/switch_regex.h#L53
switch_regex_match_free,void,void *data,not_verified,https://github.com/signalwire/freeswitch/blob/ef32e205295e29f034f1453ad245ba5efb07b94a/src/include/switch_regex.h#L55
switch_regex_free,void,void *data,not_verified,https://github.com/signalwire/freeswitch/blob/ef32e205295e29f034f1453ad245ba5efb07b94a/src/include/switch_regex.h#L56
switch_regex_perform,int,"const char *field, const char *expression, switch_regex_t **new_re, switch_regex_match_t **new_match_data",not_verified,https://github.com/signalwire/freeswitch/blob/ef32e205295e29f034f1453ad245ba5efb07b94a/src/include/switch_regex.h#L58
switch_perform_substitution,void,"switch_regex_match_t *match_data, const char *data, char *substituted, switch_size_t len",not_verified,https://github.com/signalwire/freeswitch/blob/ef32e205295e29f034f1453ad245ba5efb07b94a/src/include/switch_regex.h#L61
switch_regex_match,switch_status_t,"const char *target, const char *expression",not_verified,https://github.com/signalwire/freeswitch/blob/ef32e205295e29f034f1453ad245ba5efb07b94a/src/include/switch_regex.h#L70
switch_regex_match_partial,switch_status_t,"const char *target, const char *expression, int *partial_match",not_verified,https://github.com/signalwire/freeswitch/blob/ef32e205295e29f034f1453ad245ba5efb07b94a/src/include/switch_regex.h#L79
switch_capture_regex,void,"switch_regex_match_t *match_data, int match_count, const char *var, switch_cap_callback_t callback, void *user_data",not_verified,https://github.com/signalwire/freeswitch/blob/ef32e205295e29f034f1453ad245ba5efb07b94a/src/include/switch_regex.h#L81
switch_regex_set_var_callback,void,"const char *var, const char *val, void *user_data",not_verified,https://github.com/signalwire/freeswitch/blob/ef32e205295e29f034f1453ad245ba5efb07b94a/src/include/switch_regex.h#L84
switch_regex_set_event_header_callback,void,"const char *var, const char *val, void *user_data",not_verified,https://github.com/signalwire/freeswitch/blob/ef32e205295e29f034f1453ad245ba5efb07b94a/src/include/switch_regex.h#L85
switch_resample_perform_create,switch_status_t,"switch_audio_resampler_t **new_resampler, uint32_t from_rate, uint32_t to_rate, uint32_t to_size, int quality, uint32_t channels, const char *file, const char *func, int line",not_verified,https://github.com/signalwire/freeswitch/blob/ef32e205295e29f034f1453ad245ba5efb07b94a/src/include/switch_resample.h#L84
switch_resample_destroy,void,switch_audio_resampler_t **resampler,not_verified,https://github.com/signalwire/freeswitch/blob/ef32e205295e29f034f1453ad245ba5efb07b94a/src/include/switch_resample.h#L95
switch_resample_process,uint32_t,"switch_audio_resampler_t *resampler, int16_t *src, uint32_t srclen",not_verified,https://github.com/signalwire/freeswitch/blob/ef32e205295e29f034f1453ad245ba5efb07b94a/src/include/switch_resample.h#L104
switch_float_to_short,switch_size_t,"float *f, short *s, switch_size_t len",not_verified,https://github.com/signalwire/freeswitch/blob/ef32e205295e29f034f1453ad245ba5efb07b94a/src/include/switch_resample.h#L114
switch_char_to_float,int,"char *c, float *f, int len",not_verified,https://github.com/signalwire/freeswitch/blob/ef32e205295e29f034f1453ad245ba5efb07b94a/src/include/switch_resample.h#L123
switch_float_to_char,int,"float *f, char *c, int len",not_verified,https://github.com/signalwire/freeswitch/blob/ef32e205295e29f034f1453ad245ba5efb07b94a/src/include/switch_resample.h#L132
switch_short_to_float,int,"short *s, float *f, int len",not_verified,https://github.com/signalwire/freeswitch/blob/ef32e205295e29f034f1453ad245ba5efb07b94a/src/include/switch_resample.h#L141
switch_swap_linear,void,"int16_t *buf, int len",not_verified,https://github.com/signalwire/freeswitch/blob/ef32e205295e29f034f1453ad245ba5efb07b94a/src/include/switch_resample.h#L148
switch_generate_sln_silence,void,"int16_t *data, uint32_t samples, uint32_t channels, uint32_t divisor",not_verified,https://github.com/signalwire/freeswitch/blob/ef32e205295e29f034f1453ad245ba5efb07b94a/src/include/switch_resample.h#L156
switch_change_sln_volume,void,"int16_t *data, uint32_t samples, int32_t vol",not_verified,https://github.com/signalwire/freeswitch/blob/ef32e205295e29f034f1453ad245ba5efb07b94a/src/include/switch_resample.h#L164
switch_change_sln_volume_granular,void,"int16_t *data, uint32_t samples, int32_t vol",not_verified,https://github.com/signalwire/freeswitch/blob/ef32e205295e29f034f1453ad245ba5efb07b94a/src/include/switch_resample.h#L172
switch_merge_sln,uint32_t,"int16_t *data, uint32_t samples, int16_t *other_data, uint32_t other_samples, int channels",not_verified,https://github.com/signalwire/freeswitch/blob/ef32e205295e29f034f1453ad245ba5efb07b94a/src/include/switch_resample.h#L175
switch_unmerge_sln,uint32_t,"int16_t *data, uint32_t samples, int16_t *other_data, uint32_t other_samples, int channels",not_verified,https://github.com/signalwire/freeswitch/blob/ef32e205295e29f034f1453ad245ba5efb07b94a/src/include/switch_resample.h#L176
switch_mux_channels,void,"int16_t *data, switch_size_t samples, uint32_t orig_channels, uint32_t channels",not_verified,https://github.com/signalwire/freeswitch/blob/ef32e205295e29f034f1453ad245ba5efb07b94a/src/include/switch_resample.h#L177
switch_agc_set,void,"switch_agc_t *agc, uint32_t energy_avg, uint32_t low_energy_point, uint32_t margin, uint32_t change_factor, uint32_t period_len",not_verified,https://github.com/signalwire/freeswitch/blob/ef32e205295e29f034f1453ad245ba5efb07b94a/src/include/switch_resample.h#L181
switch_agc_create,switch_status_t,"switch_agc_t **agcP, uint32_t energy_avg, uint32_t low_energy_point, uint32_t margin, uint32_t change_factor, uint32_t period_len",not_verified,https://github.com/signalwire/freeswitch/blob/ef32e205295e29f034f1453ad245ba5efb07b94a/src/include/switch_resample.h#L183
switch_agc_destroy,void,switch_agc_t **agcP,not_verified,https://github.com/signalwire/freeswitch/blob/ef32e205295e29f034f1453ad245ba5efb07b94a/src/include/switch_resample.h#L185
switch_agc_feed,switch_status_t,"switch_agc_t *agc, int16_t *data, uint32_t samples, uint32_t channels",not_verified,https://github.com/signalwire/freeswitch/blob/ef32e205295e29f034f1453ad245ba5efb07b94a/src/include/switch_resample.h#L186
switch_agc_set_energy_avg,void,"switch_agc_t *agc, uint32_t energy_avg",not_verified,https://github.com/signalwire/freeswitch/blob/ef32e205295e29f034f1453ad245ba5efb07b94a/src/include/switch_resample.h#L187
switch_agc_set_energy_low,void,"switch_agc_t *agc, uint32_t low_energy_point",not_verified,https://github.com/signalwire/freeswitch/blob/ef32e205295e29f034f1453ad245ba5efb07b94a/src/include/switch_resample.h#L188
switch_agc_set_token,void,"switch_agc_t *agc, const char *token",not_verified,https://github.com/signalwire/freeswitch/blob/ef32e205295e29f034f1453ad245ba5efb07b94a/src/include/switch_resample.h#L189
switch_rtp_add_crypto_key,switch_status_t,"switch_rtp_t *rtp_session, switch_rtp_crypto_direction_t direction, uint32_t index, switch_secure_settings_t *ssec",not_verified,https://github.com/signalwire/freeswitch/blob/ef32e205295e29f034f1453ad245ba5efb07b94a/src/include/switch_rtp.h#L180
switch_rtp_get_random,void,"void *buf, uint32_t len",not_verified,https://github.com/signalwire/freeswitch/blob/ef32e205295e29f034f1453ad245ba5efb07b94a/src/include/switch_rtp.h#L189
switch_rtp_init,void,switch_memory_pool_t *pool,not_verified,https://github.com/signalwire/freeswitch/blob/ef32e205295e29f034f1453ad245ba5efb07b94a/src/include/switch_rtp.h#L195
switch_rtp_shutdown,void,void,not_verified,https://github.com/signalwire/freeswitch/blob/ef32e205295e29f034f1453ad245ba5efb07b94a/src/include/switch_rtp.h#L196
switch_rtp_set_start_port,switch_port_t,switch_port_t port,not_verified,https://github.com/signalwire/freeswitch/blob/ef32e205295e29f034f1453ad245ba5efb07b94a/src/include/switch_rtp.h#L203
switch_rtp_set_ssrc,switch_status_t,"switch_rtp_t *rtp_session, uint32_t ssrc",not_verified,https://github.com/signalwire/freeswitch/blob/ef32e205295e29f034f1453ad245ba5efb07b94a/src/include/switch_rtp.h#L205
switch_rtp_set_remote_ssrc,switch_status_t,"switch_rtp_t *rtp_session, uint32_t ssrc",not_verified,https://github.com/signalwire/freeswitch/blob/ef32e205295e29f034f1453ad245ba5efb07b94a/src/include/switch_rtp.h#L206
switch_rtp_set_end_port,switch_port_t,switch_port_t port,not_verified,https://github.com/signalwire/freeswitch/blob/ef32e205295e29f034f1453ad245ba5efb07b94a/src/include/switch_rtp.h#L213
switch_rtp_request_port,switch_port_t,const char *ip,not_verified,https://github.com/signalwire/freeswitch/blob/ef32e205295e29f034f1453ad245ba5efb07b94a/src/include/switch_rtp.h#L220
switch_rtp_release_port,void,"const char *ip, switch_port_t port",not_verified,https://github.com/signalwire/freeswitch/blob/ef32e205295e29f034f1453ad245ba5efb07b94a/src/include/switch_rtp.h#L221
switch_rtp_set_interval,switch_status_t,"switch_rtp_t *rtp_session, uint32_t ms_per_packet, uint32_t samples_per_interval",not_verified,https://github.com/signalwire/freeswitch/blob/ef32e205295e29f034f1453ad245ba5efb07b94a/src/include/switch_rtp.h#L223
switch_rtp_change_interval,switch_status_t,"switch_rtp_t *rtp_session, uint32_t ms_per_packet, uint32_t samples_per_interval",not_verified,https://github.com/signalwire/freeswitch/blob/ef32e205295e29f034f1453ad245ba5efb07b94a/src/include/switch_rtp.h#L225
switch_rtp_create,switch_status_t,"switch_rtp_t **new_rtp_session, switch_payload_t payload, uint32_t samples_per_interval, uint32_t ms_per_packet, switch_rtp_flag_t flags[SWITCH_RTP_FLAG_INVALID], char *timer_name, const char **err, switch_memory_pool_t *pool",not_verified,https://github.com/signalwire/freeswitch/blob/ef32e205295e29f034f1453ad245ba5efb07b94a/src/include/switch_rtp.h#L238
switch_rtp_new,switch_rtp_t *,"const char *rx_host, switch_port_t rx_port, const char *tx_host, switch_port_t tx_port, switch_payload_t payload, uint32_t samples_per_interval, uint32_t ms_per_packet, switch_rtp_flag_t flags[SWITCH_RTP_FLAG_INVALID], char *timer_name, const char **err, switch_memory_pool_t *pool, switch_port_t bundle_internal_ports, switch_port_t bundle_external_port",not_verified,https://github.com/signalwire/freeswitch/blob/ef32e205295e29f034f1453ad245ba5efb07b94a/src/include/switch_rtp.h#L261
switch_rtp_set_remote_address,switch_status_t,"switch_rtp_t *rtp_session, const char *host, switch_port_t port, switch_port_t remote_rtcp_port, switch_bool_t change_adv_addr, const char **err",not_verified,https://github.com/signalwire/freeswitch/blob/ef32e205295e29f034f1453ad245ba5efb07b94a/src/include/switch_rtp.h#L278
switch_rtp_reset_jb,void,switch_rtp_t *rtp_session,not_verified,https://github.com/signalwire/freeswitch/blob/ef32e205295e29f034f1453ad245ba5efb07b94a/src/include/switch_rtp.h#L281
switch_rtp_get_remote_host,char *,switch_rtp_t *rtp_session,not_verified,https://github.com/signalwire/freeswitch/blob/ef32e205295e29f034f1453ad245ba5efb07b94a/src/include/switch_rtp.h#L282
switch_rtp_get_remote_port,switch_port_t,switch_rtp_t *rtp_session,not_verified,https://github.com/signalwire/freeswitch/blob/ef32e205295e29f034f1453ad245ba5efb07b94a/src/include/switch_rtp.h#L283
switch_rtp_reset_media_timer,void,switch_rtp_t *rtp_session,not_verified,https://github.com/signalwire/freeswitch/blob/ef32e205295e29f034f1453ad245ba5efb07b94a/src/include/switch_rtp.h#L284
switch_rtp_set_max_missed_packets,void,"switch_rtp_t *rtp_session, uint32_t max",not_verified,https://github.com/signalwire/freeswitch/blob/ef32e205295e29f034f1453ad245ba5efb07b94a/src/include/switch_rtp.h#L285
switch_rtp_set_media_timeout,void,"switch_rtp_t *rtp_session, uint32_t ms",not_verified,https://github.com/signalwire/freeswitch/blob/ef32e205295e29f034f1453ad245ba5efb07b94a/src/include/switch_rtp.h#L286
switch_rtp_udptl_mode,switch_status_t,switch_rtp_t *rtp_session,not_verified,https://github.com/signalwire/freeswitch/blob/ef32e205295e29f034f1453ad245ba5efb07b94a/src/include/switch_rtp.h#L288
switch_rtp_reset,void,switch_rtp_t *rtp_session,not_verified,https://github.com/signalwire/freeswitch/blob/ef32e205295e29f034f1453ad245ba5efb07b94a/src/include/switch_rtp.h#L289
switch_rtp_set_local_address,switch_status_t,"switch_rtp_t *rtp_session, const char *host, switch_port_t port, const char **err",not_verified,https://github.com/signalwire/freeswitch/blob/ef32e205295e29f034f1453ad245ba5efb07b94a/src/include/switch_rtp.h#L300
switch_rtp_kill_socket,void,switch_rtp_t *rtp_session,not_verified,https://github.com/signalwire/freeswitch/blob/ef32e205295e29f034f1453ad245ba5efb07b94a/src/include/switch_rtp.h#L306
switch_rtp_break,void,switch_rtp_t *rtp_session,not_verified,https://github.com/signalwire/freeswitch/blob/ef32e205295e29f034f1453ad245ba5efb07b94a/src/include/switch_rtp.h#L308
switch_rtp_flush,void,switch_rtp_t *rtp_session,not_verified,https://github.com/signalwire/freeswitch/blob/ef32e205295e29f034f1453ad245ba5efb07b94a/src/include/switch_rtp.h#L309
switch_rtp_ready,uint8_t,switch_rtp_t *rtp_session,not_verified,https://github.com/signalwire/freeswitch/blob/ef32e205295e29f034f1453ad245ba5efb07b94a/src/include/switch_rtp.h#L316
switch_rtp_destroy,void,switch_rtp_t **rtp_session,not_verified,https://github.com/signalwire/freeswitch/blob/ef32e205295e29f034f1453ad245ba5efb07b94a/src/include/switch_rtp.h#L322
switch_rtp_sync_stats,switch_status_t,switch_rtp_t *rtp_session,not_verified,https://github.com/signalwire/freeswitch/blob/ef32e205295e29f034f1453ad245ba5efb07b94a/src/include/switch_rtp.h#L324
switch_rtp_activate_ice,switch_status_t,"switch_rtp_t *rtp_session, char *login, char *rlogin, const char *password, const char *rpassword, ice_proto_t proto, switch_core_media_ice_type_t type, ice_t *ice_params",not_verified,https://github.com/signalwire/freeswitch/blob/ef32e205295e29f034f1453ad245ba5efb07b94a/src/include/switch_rtp.h#L330
switch_rtp_activate_rtcp,switch_status_t,"switch_rtp_t *rtp_session, int send_rate, switch_port_t remote_port, switch_bool_t mux",not_verified,https://github.com/signalwire/freeswitch/blob/ef32e205295e29f034f1453ad245ba5efb07b94a/src/include/switch_rtp.h#L339
switch_rtp_get_media_timer,switch_timer_t *,switch_rtp_t *rtp_session,not_verified,https://github.com/signalwire/freeswitch/blob/ef32e205295e29f034f1453ad245ba5efb07b94a/src/include/switch_rtp.h#L342
switch_rtp_set_video_buffer_size,switch_status_t,"switch_rtp_t *rtp_session, uint32_t frames, uint32_t max_frames",not_verified,https://github.com/signalwire/freeswitch/blob/ef32e205295e29f034f1453ad245ba5efb07b94a/src/include/switch_rtp.h#L344
switch_rtp_get_video_buffer_size,switch_status_t,"switch_rtp_t *rtp_session, uint32_t *min_frame_len, uint32_t *max_frame_len, uint32_t *cur_frame_len, uint32_t *highest_frame_len",not_verified,https://github.com/signalwire/freeswitch/blob/ef32e205295e29f034f1453ad245ba5efb07b94a/src/include/switch_rtp.h#L345
switch_rtp_activate_jitter_buffer,switch_status_t,"switch_rtp_t *rtp_session, uint32_t queue_frames, uint32_t max_queue_frames, uint32_t samples_per_packet, uint32_t samples_per_second",not_verified,https://github.com/signalwire/freeswitch/blob/ef32e205295e29f034f1453ad245ba5efb07b94a/src/include/switch_rtp.h#L353
switch_rtp_debug_jitter_buffer,switch_status_t,"switch_rtp_t *rtp_session, const char *name",not_verified,https://github.com/signalwire/freeswitch/blob/ef32e205295e29f034f1453ad245ba5efb07b94a/src/include/switch_rtp.h#L358
switch_rtp_deactivate_jitter_buffer,switch_status_t,switch_rtp_t *rtp_session,not_verified,https://github.com/signalwire/freeswitch/blob/ef32e205295e29f034f1453ad245ba5efb07b94a/src/include/switch_rtp.h#L360
switch_rtp_pause_jitter_buffer,switch_status_t,"switch_rtp_t *rtp_session, switch_bool_t pause",not_verified,https://github.com/signalwire/freeswitch/blob/ef32e205295e29f034f1453ad245ba5efb07b94a/src/include/switch_rtp.h#L361
switch_rtp_get_jitter_buffer,switch_jb_t *,switch_rtp_t *rtp_session,not_verified,https://github.com/signalwire/freeswitch/blob/ef32e205295e29f034f1453ad245ba5efb07b94a/src/include/switch_rtp.h#L362
switch_rtp_set_flag,void,"switch_rtp_t *rtp_session, switch_rtp_flag_t flag",not_verified,https://github.com/signalwire/freeswitch/blob/ef32e205295e29f034f1453ad245ba5efb07b94a/src/include/switch_rtp.h#L372
switch_rtp_set_flags,void,"switch_rtp_t *rtp_session, switch_rtp_flag_t flags[SWITCH_RTP_FLAG_INVALID]",not_verified,https://github.com/signalwire/freeswitch/blob/ef32e205295e29f034f1453ad245ba5efb07b94a/src/include/switch_rtp.h#L373
switch_rtp_clear_flags,void,"switch_rtp_t *rtp_session, switch_rtp_flag_t flags[SWITCH_RTP_FLAG_INVALID]",not_verified,https://github.com/signalwire/freeswitch/blob/ef32e205295e29f034f1453ad245ba5efb07b94a/src/include/switch_rtp.h#L374
switch_rtp_test_flag,uint32_t,"switch_rtp_t *rtp_session, switch_rtp_flag_t flags",not_verified,https://github.com/signalwire/freeswitch/blob/ef32e205295e29f034f1453ad245ba5efb07b94a/src/include/switch_rtp.h#L382
switch_rtp_clear_flag,void,"switch_rtp_t *rtp_session, switch_rtp_flag_t flag",not_verified,https://github.com/signalwire/freeswitch/blob/ef32e205295e29f034f1453ad245ba5efb07b94a/src/include/switch_rtp.h#L389
switch_rtp_get_rtp_socket,switch_socket_t *,switch_rtp_t *rtp_session,not_verified,https://github.com/signalwire/freeswitch/blob/ef32e205295e29f034f1453ad245ba5efb07b94a/src/include/switch_rtp.h#L396
switch_rtp_ping,void,switch_rtp_t *rtp_session,not_verified,https://github.com/signalwire/freeswitch/blob/ef32e205295e29f034f1453ad245ba5efb07b94a/src/include/switch_rtp.h#L397
switch_rtp_get_default_samples_per_interval,uint32_t,switch_rtp_t *rtp_session,not_verified,https://github.com/signalwire/freeswitch/blob/ef32e205295e29f034f1453ad245ba5efb07b94a/src/include/switch_rtp.h#L403
switch_rtp_set_default_payload,void,"switch_rtp_t *rtp_session, switch_payload_t payload",not_verified,https://github.com/signalwire/freeswitch/blob/ef32e205295e29f034f1453ad245ba5efb07b94a/src/include/switch_rtp.h#L410
switch_rtp_get_default_payload,uint32_t,switch_rtp_t *rtp_session,not_verified,https://github.com/signalwire/freeswitch/blob/ef32e205295e29f034f1453ad245ba5efb07b94a/src/include/switch_rtp.h#L417
switch_rtp_set_invalid_handler,void,"switch_rtp_t *rtp_session, switch_rtp_invalid_handler_t on_invalid",not_verified,https://github.com/signalwire/freeswitch/blob/ef32e205295e29f034f1453ad245ba5efb07b94a/src/include/switch_rtp.h#L426
switch_rtp_read,switch_status_t,"switch_rtp_t *rtp_session, void *data, uint32_t *datalen, switch_payload_t *payload_type, switch_frame_flag_t *flags, switch_io_flag_t io_flags",not_verified,https://github.com/signalwire/freeswitch/blob/ef32e205295e29f034f1453ad245ba5efb07b94a/src/include/switch_rtp.h#L438
switch_rtp_queue_rfc2833,switch_status_t,"switch_rtp_t *rtp_session, const switch_dtmf_t *dtmf",not_verified,https://github.com/signalwire/freeswitch/blob/ef32e205295e29f034f1453ad245ba5efb07b94a/src/include/switch_rtp.h#L447
switch_rtp_queue_rfc2833_in,switch_status_t,"switch_rtp_t *rtp_session, const switch_dtmf_t *dtmf",not_verified,https://github.com/signalwire/freeswitch/blob/ef32e205295e29f034f1453ad245ba5efb07b94a/src/include/switch_rtp.h#L455
switch_rtp_has_dtmf,switch_size_t,switch_rtp_t *rtp_session,not_verified,https://github.com/signalwire/freeswitch/blob/ef32e205295e29f034f1453ad245ba5efb07b94a/src/include/switch_rtp.h#L462
switch_rtp_dequeue_dtmf,switch_size_t,"switch_rtp_t *rtp_session, switch_dtmf_t *dtmf",not_verified,https://github.com/signalwire/freeswitch/blob/ef32e205295e29f034f1453ad245ba5efb07b94a/src/include/switch_rtp.h#L470
switch_rtp_zerocopy_read,switch_status_t,"switch_rtp_t *rtp_session, void **data, uint32_t *datalen, switch_payload_t *payload_type, switch_frame_flag_t *flags, switch_io_flag_t io_flags",not_verified,https://github.com/signalwire/freeswitch/blob/ef32e205295e29f034f1453ad245ba5efb07b94a/src/include/switch_rtp.h#L482
switch_rtp_zerocopy_read_frame,switch_status_t,"switch_rtp_t *rtp_session, switch_frame_t *frame, switch_io_flag_t io_flags",not_verified,https://github.com/signalwire/freeswitch/blob/ef32e205295e29f034f1453ad245ba5efb07b94a/src/include/switch_rtp.h#L493
switch_rtcp_zerocopy_read_frame,switch_status_t,"switch_rtp_t *rtp_session, switch_rtcp_frame_t *frame",not_verified,https://github.com/signalwire/freeswitch/blob/ef32e205295e29f034f1453ad245ba5efb07b94a/src/include/switch_rtp.h#L502
rtp_flush_read_buffer,void,"switch_rtp_t *rtp_session, switch_rtp_flush_t flush",not_verified,https://github.com/signalwire/freeswitch/blob/ef32e205295e29f034f1453ad245ba5efb07b94a/src/include/switch_rtp.h#L504
switch_rtp_enable_vad,switch_status_t,"switch_rtp_t *rtp_session, switch_core_session_t *session, switch_codec_t *codec, switch_vad_flag_t flags",not_verified,https://github.com/signalwire/freeswitch/blob/ef32e205295e29f034f1453ad245ba5efb07b94a/src/include/switch_rtp.h#L514
switch_rtp_disable_vad,switch_status_t,switch_rtp_t *rtp_session,not_verified,https://github.com/signalwire/freeswitch/blob/ef32e205295e29f034f1453ad245ba5efb07b94a/src/include/switch_rtp.h#L522
switch_rtp_write_frame,int,"switch_rtp_t *rtp_session, switch_frame_t *frame",not_verified,https://github.com/signalwire/freeswitch/blob/ef32e205295e29f034f1453ad245ba5efb07b94a/src/include/switch_rtp.h#L530
switch_rtp_write_manual,int,"switch_rtp_t *rtp_session, void *data, uint32_t datalen, uint8_t m, switch_payload_t payload, uint32_t ts, switch_frame_flag_t *flags",not_verified,https://github.com/signalwire/freeswitch/blob/ef32e205295e29f034f1453ad245ba5efb07b94a/src/include/switch_rtp.h#L543
switch_rtp_write_raw,switch_status_t,"switch_rtp_t *rtp_session, void *data, switch_size_t *bytes, switch_bool_t process_encryption",not_verified,https://github.com/signalwire/freeswitch/blob/ef32e205295e29f034f1453ad245ba5efb07b94a/src/include/switch_rtp.h#L546
switch_rtp_get_ssrc,uint32_t,switch_rtp_t *rtp_session,not_verified,https://github.com/signalwire/freeswitch/blob/ef32e205295e29f034f1453ad245ba5efb07b94a/src/include/switch_rtp.h#L553
switch_rtp_set_private,void,"switch_rtp_t *rtp_session, void *private_data",not_verified,https://github.com/signalwire/freeswitch/blob/ef32e205295e29f034f1453ad245ba5efb07b94a/src/include/switch_rtp.h#L560
switch_rtp_set_telephony_event,void,"switch_rtp_t *rtp_session, switch_payload_t te",not_verified,https://github.com/signalwire/freeswitch/blob/ef32e205295e29f034f1453ad245ba5efb07b94a/src/include/switch_rtp.h#L567
switch_rtp_set_telephony_recv_event,void,"switch_rtp_t *rtp_session, switch_payload_t te",not_verified,https://github.com/signalwire/freeswitch/blob/ef32e205295e29f034f1453ad245ba5efb07b94a/src/include/switch_rtp.h#L568
switch_rtp_set_cng_pt,void,"switch_rtp_t *rtp_session, switch_payload_t pt",not_verified,https://github.com/signalwire/freeswitch/blob/ef32e205295e29f034f1453ad245ba5efb07b94a/src/include/switch_rtp.h#L575
switch_rtp_get_private,void *,switch_rtp_t *rtp_session,not_verified,https://github.com/signalwire/freeswitch/blob/ef32e205295e29f034f1453ad245ba5efb07b94a/src/include/switch_rtp.h#L582
switch_rtp_set_payload_map,switch_status_t,"switch_rtp_t *rtp_session, payload_map_t **pmap",not_verified,https://github.com/signalwire/freeswitch/blob/ef32e205295e29f034f1453ad245ba5efb07b94a/src/include/switch_rtp.h#L583
switch_rtp_intentional_bugs,void,"switch_rtp_t *rtp_session, switch_rtp_bug_flag_t bugs",not_verified,https://github.com/signalwire/freeswitch/blob/ef32e205295e29f034f1453ad245ba5efb07b94a/src/include/switch_rtp.h#L584
switch_rtp_get_stats,switch_rtp_stats_t *,"switch_rtp_t *rtp_session, switch_memory_pool_t *pool",not_verified,https://github.com/signalwire/freeswitch/blob/ef32e205295e29f034f1453ad245ba5efb07b94a/src/include/switch_rtp.h#L586
switch_rtp_check_auto_adj,switch_byte_t,switch_rtp_t *rtp_session,not_verified,https://github.com/signalwire/freeswitch/blob/ef32e205295e29f034f1453ad245ba5efb07b94a/src/include/switch_rtp.h#L587
switch_rtp_set_interdigit_delay,void,"switch_rtp_t *rtp_session, uint32_t delay",not_verified,https://github.com/signalwire/freeswitch/blob/ef32e205295e29f034f1453ad245ba5efb07b94a/src/include/switch_rtp.h#L588
switch_rtp_add_dtls,switch_status_t,"switch_rtp_t *rtp_session, dtls_fingerprint_t *local_fp, dtls_fingerprint_t *remote_fp, dtls_type_t type, uint8_t want_DTLSv1_2",not_verified,https://github.com/signalwire/freeswitch/blob/ef32e205295e29f034f1453ad245ba5efb07b94a/src/include/switch_rtp.h#L590
switch_rtp_del_dtls,switch_status_t,"switch_rtp_t *rtp_session, dtls_type_t type",not_verified,https://github.com/signalwire/freeswitch/blob/ef32e205295e29f034f1453ad245ba5efb07b94a/src/include/switch_rtp.h#L591
switch_rtp_dtls_state,dtls_state_t,"switch_rtp_t *rtp_session, dtls_type_t type",not_verified,https://github.com/signalwire/freeswitch/blob/ef32e205295e29f034f1453ad245ba5efb07b94a/src/include/switch_rtp.h#L592
switch_rtp_has_dtls,int,void,not_verified,https://github.com/signalwire/freeswitch/blob/ef32e205295e29f034f1453ad245ba5efb07b94a/src/include/switch_rtp.h#L594
switch_rtp_req_bitrate,switch_status_t,"switch_rtp_t *rtp_session, uint32_t bps",not_verified,https://github.com/signalwire/freeswitch/blob/ef32e205295e29f034f1453ad245ba5efb07b94a/src/include/switch_rtp.h#L596
switch_rtp_ack_bitrate,switch_status_t,"switch_rtp_t *rtp_session, uint32_t bps",not_verified,https://github.com/signalwire/freeswitch/blob/ef32e205295e29f034f1453ad245ba5efb07b94a/src/include/switch_rtp.h#L597
switch_rtp_video_refresh,void,switch_rtp_t *rtp_session,not_verified,https://github.com/signalwire/freeswitch/blob/ef32e205295e29f034f1453ad245ba5efb07b94a/src/include/switch_rtp.h#L598
switch_rtp_video_loss,void,switch_rtp_t *rtp_session,not_verified,https://github.com/signalwire/freeswitch/blob/ef32e205295e29f034f1453ad245ba5efb07b94a/src/include/switch_rtp.h#L599
switch_rtp_get_core_session,switch_core_session_t*,switch_rtp_t *rtp_session,not_verified,https://github.com/signalwire/freeswitch/blob/ef32e205295e29f034f1453ad245ba5efb07b94a/src/include/switch_rtp.h#L601
switch_scheduler_add_task,uint32_t,"time_t task_runtime, switch_scheduler_func_t func, const char *desc, const char *group, uint32_t cmd_id, void *cmd_arg, switch_scheduler_flag_t flags",not_verified,https://github.com/signalwire/freeswitch/blob/ef32e205295e29f034f1453ad245ba5efb07b94a/src/include/switch_scheduler.h#L65
switch_scheduler_add_task_ex,uint32_t,"time_t task_runtime, switch_scheduler_func_t func, const char *desc, const char *group, uint32_t cmd_id, void *cmd_arg, switch_scheduler_flag_t flags, uint32_t *task_id",not_verified,https://github.com/signalwire/freeswitch/blob/ef32e205295e29f034f1453ad245ba5efb07b94a/src/include/switch_scheduler.h#L82
switch_scheduler_del_task_id,uint32_t,uint32_t task_id,not_verified,https://github.com/signalwire/freeswitch/blob/ef32e205295e29f034f1453ad245ba5efb07b94a/src/include/switch_scheduler.h#L91
switch_scheduler_del_task_group,uint32_t,const char *group,not_verified,https://github.com/signalwire/freeswitch/blob/ef32e205295e29f034f1453ad245ba5efb07b94a/src/include/switch_scheduler.h#L98
switch_scheduler_task_thread_start,void,void,not_verified,https://github.com/signalwire/freeswitch/blob/ef32e205295e29f034f1453ad245ba5efb07b94a/src/include/switch_scheduler.h#L104
switch_scheduler_task_thread_stop,void,void,not_verified,https://github.com/signalwire/freeswitch/blob/ef32e205295e29f034f1453ad245ba5efb07b94a/src/include/switch_scheduler.h#L109
switch_plc_init,switch_plc_state_t *,switch_plc_state_t *s,not_verified,https://github.com/signalwire/freeswitch/blob/ef32e205295e29f034f1453ad245ba5efb07b94a/src/include/switch_spandsp.h#L37
switch_plc_free,int,switch_plc_state_t *s,not_verified,https://github.com/signalwire/freeswitch/blob/ef32e205295e29f034f1453ad245ba5efb07b94a/src/include/switch_spandsp.h#L38
switch_plc_rx,int,"switch_plc_state_t *s, int16_t amp[], int len",not_verified,https://github.com/signalwire/freeswitch/blob/ef32e205295e29f034f1453ad245ba5efb07b94a/src/include/switch_spandsp.h#L39
switch_plc_fillin,int,"switch_plc_state_t *s, int16_t amp[], int len",not_verified,https://github.com/signalwire/freeswitch/blob/ef32e205295e29f034f1453ad245ba5efb07b94a/src/include/switch_spandsp.h#L40
switch_core_cert_extract_fingerprint,int,"X509* x509, dtls_fingerprint_t *fp",not_verified,https://github.com/signalwire/freeswitch/blob/ef32e205295e29f034f1453ad245ba5efb07b94a/src/include/switch_ssl.h#L51
switch_ssl_destroy_ssl_locks,void,void,not_verified,https://github.com/signalwire/freeswitch/blob/ef32e205295e29f034f1453ad245ba5efb07b94a/src/include/switch_ssl.h#L57
switch_ssl_init_ssl_locks,void,void,not_verified,https://github.com/signalwire/freeswitch/blob/ef32e205295e29f034f1453ad245ba5efb07b94a/src/include/switch_ssl.h#L58
switch_stun_random_string,void,"char *buf, uint16_t len, char *set",not_verified,https://github.com/signalwire/freeswitch/blob/ef32e205295e29f034f1453ad245ba5efb07b94a/src/include/switch_stun.h#L179
switch_stun_packet_parse,switch_stun_packet_t *,"uint8_t *buf, uint32_t len",not_verified,https://github.com/signalwire/freeswitch/blob/ef32e205295e29f034f1453ad245ba5efb07b94a/src/include/switch_stun.h#L187
switch_stun_value_to_name,const char *,"int32_t type, uint32_t value",not_verified,https://github.com/signalwire/freeswitch/blob/ef32e205295e29f034f1453ad245ba5efb07b94a/src/include/switch_stun.h#L195
switch_stun_host_lookup,char *,"const char *host, switch_memory_pool_t *pool",not_verified,https://github.com/signalwire/freeswitch/blob/ef32e205295e29f034f1453ad245ba5efb07b94a/src/include/switch_stun.h#L197
switch_stun_packet_attribute_get_mapped_address,uint8_t,"switch_stun_packet_attribute_t *attribute, char *ipstr, switch_size_t iplen, uint16_t *port",not_verified,https://github.com/signalwire/freeswitch/blob/ef32e205295e29f034f1453ad245ba5efb07b94a/src/include/switch_stun.h#L206
switch_stun_packet_attribute_get_xor_mapped_address,uint8_t,"switch_stun_packet_attribute_t *attribute, switch_stun_packet_header_t *header, char *ipstr, switch_size_t iplen, uint16_t *port",not_verified,https://github.com/signalwire/freeswitch/blob/ef32e205295e29f034f1453ad245ba5efb07b94a/src/include/switch_stun.h#L207
switch_stun_packet_attribute_get_username,char *,"switch_stun_packet_attribute_t *attribute, char *username, uint16_t len",not_verified,https://github.com/signalwire/freeswitch/blob/ef32e205295e29f034f1453ad245ba5efb07b94a/src/include/switch_stun.h#L217
switch_stun_packet_build_header,switch_stun_packet_t *,"switch_stun_message_t type, char *id, uint8_t *buf",not_verified,https://github.com/signalwire/freeswitch/blob/ef32e205295e29f034f1453ad245ba5efb07b94a/src/include/switch_stun.h#L227
switch_stun_packet_attribute_add_username,uint8_t,"switch_stun_packet_t *packet, char *username, uint16_t ulen",not_verified,https://github.com/signalwire/freeswitch/blob/ef32e205295e29f034f1453ad245ba5efb07b94a/src/include/switch_stun.h#L236
switch_stun_packet_attribute_add_password,uint8_t,"switch_stun_packet_t *packet, char *password, uint16_t ulen",not_verified,https://github.com/signalwire/freeswitch/blob/ef32e205295e29f034f1453ad245ba5efb07b94a/src/include/switch_stun.h#L237
switch_stun_packet_attribute_add_software,uint8_t,"switch_stun_packet_t *packet, char *software, uint16_t ulen",not_verified,https://github.com/signalwire/freeswitch/blob/ef32e205295e29f034f1453ad245ba5efb07b94a/src/include/switch_stun.h#L238
switch_stun_packet_attribute_add_binded_address,uint8_t,"switch_stun_packet_t *packet, char *ipstr, uint16_t port, int family",not_verified,https://github.com/signalwire/freeswitch/blob/ef32e205295e29f034f1453ad245ba5efb07b94a/src/include/switch_stun.h#L247
switch_stun_packet_attribute_add_xor_binded_address,uint8_t,"switch_stun_packet_t *packet, char *ipstr, uint16_t port, int family",not_verified,https://github.com/signalwire/freeswitch/blob/ef32e205295e29f034f1453ad245ba5efb07b94a/src/include/switch_stun.h#L248
switch_stun_packet_attribute_add_integrity,uint8_t,"switch_stun_packet_t *packet, const char *pass",not_verified,https://github.com/signalwire/freeswitch/blob/ef32e205295e29f034f1453ad245ba5efb07b94a/src/include/switch_stun.h#L249
switch_stun_packet_verify_integrity,switch_status_t,"const uint8_t *pkt, uint32_t len, const char *pass",not_verified,https://github.com/signalwire/freeswitch/blob/ef32e205295e29f034f1453ad245ba5efb07b94a/src/include/switch_stun.h#L262
switch_crc32_8bytes,uint32_t,"const void* data, size_t length",not_verified,https://github.com/signalwire/freeswitch/blob/ef32e205295e29f034f1453ad245ba5efb07b94a/src/include/switch_stun.h#L263
switch_stun_packet_attribute_add_fingerprint,uint8_t,switch_stun_packet_t *packet,not_verified,https://github.com/signalwire/freeswitch/blob/ef32e205295e29f034f1453ad245ba5efb07b94a/src/include/switch_stun.h#L264
switch_stun_packet_attribute_add_use_candidate,uint8_t,switch_stun_packet_t *packet,not_verified,https://github.com/signalwire/freeswitch/blob/ef32e205295e29f034f1453ad245ba5efb07b94a/src/include/switch_stun.h#L265
switch_stun_packet_attribute_add_controlling,uint8_t,switch_stun_packet_t *packet,not_verified,https://github.com/signalwire/freeswitch/blob/ef32e205295e29f034f1453ad245ba5efb07b94a/src/include/switch_stun.h#L266
switch_stun_packet_attribute_add_controlled,uint8_t,switch_stun_packet_t *packet,not_verified,https://github.com/signalwire/freeswitch/blob/ef32e205295e29f034f1453ad245ba5efb07b94a/src/include/switch_stun.h#L267
switch_stun_packet_attribute_add_priority,uint8_t,"switch_stun_packet_t *packet, uint32_t priority",not_verified,https://github.com/signalwire/freeswitch/blob/ef32e205295e29f034f1453ad245ba5efb07b94a/src/include/switch_stun.h#L268
switch_stun_lookup,switch_status_t,"char **ip, switch_port_t *port, char *stunip, switch_port_t stunport, char **err, switch_memory_pool_t *pool",not_verified,https://github.com/signalwire/freeswitch/blob/ef32e205295e29f034f1453ad245ba5efb07b94a/src/include/switch_stun.h#L280
switch_stun_ip_lookup,switch_status_t,"char **external_ip, const char *sourceip, switch_memory_pool_t *external_pool",not_verified,https://github.com/signalwire/freeswitch/blob/ef32e205295e29f034f1453ad245ba5efb07b94a/src/include/switch_stun.h#L290
switch_u8_toucs,int,"uint32_t *dest, int sz, char *src, int srcsz",not_verified,https://github.com/signalwire/freeswitch/blob/ef32e205295e29f034f1453ad245ba5efb07b94a/src/include/switch_utf8.h#L53
switch_u8_toutf8,int,"char *dest, int sz, uint32_t *src, int srcsz",not_verified,https://github.com/signalwire/freeswitch/blob/ef32e205295e29f034f1453ad245ba5efb07b94a/src/include/switch_utf8.h#L56
switch_u8_wc_toutf8,int,"char *dest, uint32_t ch",not_verified,https://github.com/signalwire/freeswitch/blob/ef32e205295e29f034f1453ad245ba5efb07b94a/src/include/switch_utf8.h#L59
switch_u8_offset,int,"char *str, int charnum",not_verified,https://github.com/signalwire/freeswitch/blob/ef32e205295e29f034f1453ad245ba5efb07b94a/src/include/switch_utf8.h#L62
switch_u8_charnum,int,"char *s, int offset",not_verified,https://github.com/signalwire/freeswitch/blob/ef32e205295e29f034f1453ad245ba5efb07b94a/src/include/switch_utf8.h#L65
switch_u8_nextchar,uint32_t,"char *s, int *i",not_verified,https://github.com/signalwire/freeswitch/blob/ef32e205295e29f034f1453ad245ba5efb07b94a/src/include/switch_utf8.h#L68
switch_u8_inc,void,"char *s, int *i",not_verified,https://github.com/signalwire/freeswitch/blob/ef32e205295e29f034f1453ad245ba5efb07b94a/src/include/switch_utf8.h#L71
switch_u8_dec,void,"char *s, int *i",not_verified,https://github.com/signalwire/freeswitch/blob/ef32e205295e29f034f1453ad245ba5efb07b94a/src/include/switch_utf8.h#L74
switch_u8_seqlen,int,char *s,not_verified,https://github.com/signalwire/freeswitch/blob/ef32e205295e29f034f1453ad245ba5efb07b94a/src/include/switch_utf8.h#L77
switch_u8_read_escape_sequence,int,"char *src, uint32_t *dest",not_verified,https://github.com/signalwire/freeswitch/blob/ef32e205295e29f034f1453ad245ba5efb07b94a/src/include/switch_utf8.h#L82
switch_u8_escape_wchar,int,"char *buf, int sz, uint32_t ch",not_verified,https://github.com/signalwire/freeswitch/blob/ef32e205295e29f034f1453ad245ba5efb07b94a/src/include/switch_utf8.h#L86
switch_u8_unescape,int,"char *buf, int sz, char *src",not_verified,https://github.com/signalwire/freeswitch/blob/ef32e205295e29f034f1453ad245ba5efb07b94a/src/include/switch_utf8.h#L89
switch_u8_escape,int,"char *buf, int sz, char *src, int escape_quotes",not_verified,https://github.com/signalwire/freeswitch/blob/ef32e205295e29f034f1453ad245ba5efb07b94a/src/include/switch_utf8.h#L94
octal_digit,int,char c,not_verified,https://github.com/signalwire/freeswitch/blob/ef32e205295e29f034f1453ad245ba5efb07b94a/src/include/switch_utf8.h#L97
hex_digit,int,char c,not_verified,https://github.com/signalwire/freeswitch/blob/ef32e205295e29f034f1453ad245ba5efb07b94a/src/include/switch_utf8.h#L98
switch_u8_strchr,char *,"char *s, uint32_t ch, int *charn",not_verified,https://github.com/signalwire/freeswitch/blob/ef32e205295e29f034f1453ad245ba5efb07b94a/src/include/switch_utf8.h#L102
switch_u8_memchr,char *,"char *s, uint32_t ch, size_t sz, int *charn",not_verified,https://github.com/signalwire/freeswitch/blob/ef32e205295e29f034f1453ad245ba5efb07b94a/src/include/switch_utf8.h#L106
switch_u8_strlen,int,char *s,not_verified,https://github.com/signalwire/freeswitch/blob/ef32e205295e29f034f1453ad245ba5efb07b94a/src/include/switch_utf8.h#L109
switch_u8_is_locale_utf8,int,char *locale,not_verified,https://github.com/signalwire/freeswitch/blob/ef32e205295e29f034f1453ad245ba5efb07b94a/src/include/switch_utf8.h#L111
switch_u8_get_char,uint32_t,"char *s, int *i",not_verified,https://github.com/signalwire/freeswitch/blob/ef32e205295e29f034f1453ad245ba5efb07b94a/src/include/switch_utf8.h#L113
old_switch_toupper,int,int c,not_verified,https://github.com/signalwire/freeswitch/blob/ef32e205295e29f034f1453ad245ba5efb07b94a/src/include/switch_utils.h#L263
old_switch_tolower,int,int c,not_verified,https://github.com/signalwire/freeswitch/blob/ef32e205295e29f034f1453ad245ba5efb07b94a/src/include/switch_utils.h#L264
switch_isalnum,int,int c,not_verified,https://github.com/signalwire/freeswitch/blob/ef32e205295e29f034f1453ad245ba5efb07b94a/src/include/switch_utils.h#L265
switch_isalpha,int,int c,not_verified,https://github.com/signalwire/freeswitch/blob/ef32e205295e29f034f1453ad245ba5efb07b94a/src/include/switch_utils.h#L266
switch_iscntrl,int,int c,not_verified,https://github.com/signalwire/freeswitch/blob/ef32e205295e29f034f1453ad245ba5efb07b94a/src/include/switch_utils.h#L267
switch_isdigit,int,int c,not_verified,https://github.com/signalwire/freeswitch/blob/ef32e205295e29f034f1453ad245ba5efb07b94a/src/include/switch_utils.h#L268
switch_isgraph,int,int c,not_verified,https://github.com/signalwire/freeswitch/blob/ef32e205295e29f034f1453ad245ba5efb07b94a/src/include/switch_utils.h#L269
switch_islower,int,int c,not_verified,https://github.com/signalwire/freeswitch/blob/ef32e205295e29f034f1453ad245ba5efb07b94a/src/include/switch_utils.h#L270
switch_isprint,int,int c,not_verified,https://github.com/signalwire/freeswitch/blob/ef32e205295e29f034f1453ad245ba5efb07b94a/src/include/switch_utils.h#L271
switch_ispunct,int,int c,not_verified,https://github.com/signalwire/freeswitch/blob/ef32e205295e29f034f1453ad245ba5efb07b94a/src/include/switch_utils.h#L272
switch_isspace,int,int c,not_verified,https://github.com/signalwire/freeswitch/blob/ef32e205295e29f034f1453ad245ba5efb07b94a/src/include/switch_utils.h#L273
switch_isupper,int,int c,not_verified,https://github.com/signalwire/freeswitch/blob/ef32e205295e29f034f1453ad245ba5efb07b94a/src/include/switch_utils.h#L274
switch_isxdigit,int,int c,not_verified,https://github.com/signalwire/freeswitch/blob/ef32e205295e29f034f1453ad245ba5efb07b94a/src/include/switch_utils.h#L275
switch_testv6_subnet,switch_bool_t,"ip_t _ip, ip_t _net, ip_t _mask",not_verified,https://github.com/signalwire/freeswitch/blob/ef32e205295e29f034f1453ad245ba5efb07b94a/src/include/switch_utils.h#L282
switch_print_host,char *,"switch_sockaddr_t *addr, char *buf, switch_size_t len",not_verified,https://github.com/signalwire/freeswitch/blob/ef32e205295e29f034f1453ad245ba5efb07b94a/src/include/switch_utils.h#L285
switch_b64_encode,switch_status_t,"unsigned char *in, switch_size_t ilen, unsigned char *out, switch_size_t olen",not_verified,https://github.com/signalwire/freeswitch/blob/ef32e205295e29f034f1453ad245ba5efb07b94a/src/include/switch_utils.h#L405
switch_b64_decode,switch_size_t,"const char *in, char *out, switch_size_t olen",not_verified,https://github.com/signalwire/freeswitch/blob/ef32e205295e29f034f1453ad245ba5efb07b94a/src/include/switch_utils.h#L406
switch_amp_encode,char *,"char *s, char *buf, switch_size_t len",not_verified,https://github.com/signalwire/freeswitch/blob/ef32e205295e29f034f1453ad245ba5efb07b94a/src/include/switch_utils.h#L407
switch_fd_read_line,switch_size_t,"int fd, char *buf, switch_size_t len",not_verified,https://github.com/signalwire/freeswitch/blob/ef32e205295e29f034f1453ad245ba5efb07b94a/src/include/switch_utils.h#L494
switch_fd_read_dline,switch_size_t,"int fd, char **buf, switch_size_t *len",not_verified,https://github.com/signalwire/freeswitch/blob/ef32e205295e29f034f1453ad245ba5efb07b94a/src/include/switch_utils.h#L495
switch_fp_read_dline,switch_size_t,"FILE *fd, char **buf, switch_size_t *len",not_verified,https://github.com/signalwire/freeswitch/blob/ef32e205295e29f034f1453ad245ba5efb07b94a/src/include/switch_utils.h#L496
switch_frame_alloc,switch_status_t,"switch_frame_t **frame, switch_size_t size",not_verified,https://github.com/signalwire/freeswitch/blob/ef32e205295e29f034f1453ad245ba5efb07b94a/src/include/switch_utils.h#L498
switch_frame_dup,switch_status_t,"switch_frame_t *orig, switch_frame_t **clone",not_verified,https://github.com/signalwire/freeswitch/blob/ef32e205295e29f034f1453ad245ba5efb07b94a/src/include/switch_utils.h#L499
switch_frame_free,switch_status_t,switch_frame_t **frame,not_verified,https://github.com/signalwire/freeswitch/blob/ef32e205295e29f034f1453ad245ba5efb07b94a/src/include/switch_utils.h#L500
switch_is_uint_in_range,switch_bool_t,"const char *str, unsigned int from, unsigned int to",not_verified,https://github.com/signalwire/freeswitch/blob/ef32e205295e29f034f1453ad245ba5efb07b94a/src/include/switch_utils.h#L508
switch_is_number,switch_bool_t,const char *str,not_verified,https://github.com/signalwire/freeswitch/blob/ef32e205295e29f034f1453ad245ba5efb07b94a/src/include/switch_utils.h#L509
switch_is_leading_number,switch_bool_t,const char *str,not_verified,https://github.com/signalwire/freeswitch/blob/ef32e205295e29f034f1453ad245ba5efb07b94a/src/include/switch_utils.h#L510
switch_find_parameter,char *,"const char *str, const char *param, switch_memory_pool_t *pool",not_verified,https://github.com/signalwire/freeswitch/blob/ef32e205295e29f034f1453ad245ba5efb07b94a/src/include/switch_utils.h#L511
switch_resolve_host,switch_status_t,"const char *host, char *buf, size_t buflen",not_verified,https://github.com/signalwire/freeswitch/blob/ef32e205295e29f034f1453ad245ba5efb07b94a/src/include/switch_utils.h#L563
switch_find_local_ip,switch_status_t,"_Out_opt_bytecapcount_(len)
													 char *buf, _In_ int len, _In_opt_ int *mask, _In_ int family",not_verified,https://github.com/signalwire/freeswitch/blob/ef32e205295e29f034f1453ad245ba5efb07b94a/src/include/switch_utils.h#L574
switch_find_interface_ip,switch_status_t,"_Out_opt_bytecapcount_(len)
													 char *buf, _In_ int len, _In_opt_ int *mask, _In_ const char *ifname, _In_ int family",not_verified,https://github.com/signalwire/freeswitch/blob/ef32e205295e29f034f1453ad245ba5efb07b94a/src/include/switch_utils.h#L586
get_addr,char *,"char *buf, switch_size_t len, struct sockaddr *sa, socklen_t salen",not_verified,https://github.com/signalwire/freeswitch/blob/ef32e205295e29f034f1453ad245ba5efb07b94a/src/include/switch_utils.h#L597
get_addr6,char *,"char *buf, switch_size_t len, struct sockaddr_in6 *sa, socklen_t salen",not_verified,https://github.com/signalwire/freeswitch/blob/ef32e205295e29f034f1453ad245ba5efb07b94a/src/include/switch_utils.h#L598
get_addr_int,int,switch_sockaddr_t *sa,not_verified,https://github.com/signalwire/freeswitch/blob/ef32e205295e29f034f1453ad245ba5efb07b94a/src/include/switch_utils.h#L600
switch_cmp_addr,int,"switch_sockaddr_t *sa1, switch_sockaddr_t *sa2, switch_bool_t ip_only",not_verified,https://github.com/signalwire/freeswitch/blob/ef32e205295e29f034f1453ad245ba5efb07b94a/src/include/switch_utils.h#L601
switch_cp_addr,int,"switch_sockaddr_t *sa1, switch_sockaddr_t *sa2",not_verified,https://github.com/signalwire/freeswitch/blob/ef32e205295e29f034f1453ad245ba5efb07b94a/src/include/switch_utils.h#L602
get_port,unsigned short,struct sockaddr *sa,not_verified,https://github.com/signalwire/freeswitch/blob/ef32e205295e29f034f1453ad245ba5efb07b94a/src/include/switch_utils.h#L609
switch_build_uri,int,"char *uri, switch_size_t size, const char *scheme, const char *user, const switch_sockaddr_t *sa, int flags",not_verified,https://github.com/signalwire/freeswitch/blob/ef32e205295e29f034f1453ad245ba5efb07b94a/src/include/switch_utils.h#L630
switch_priority_name,const char *,switch_priority_t priority,not_verified,https://github.com/signalwire/freeswitch/blob/ef32e205295e29f034f1453ad245ba5efb07b94a/src/include/switch_utils.h#L661
switch_rfc2833_to_char,char,int event,not_verified,https://github.com/signalwire/freeswitch/blob/ef32e205295e29f034f1453ad245ba5efb07b94a/src/include/switch_utils.h#L668
switch_char_to_rfc2833,unsigned char,char key,not_verified,https://github.com/signalwire/freeswitch/blob/ef32e205295e29f034f1453ad245ba5efb07b94a/src/include/switch_utils.h#L675
switch_str_time,switch_time_t,const char *in,not_verified,https://github.com/signalwire/freeswitch/blob/ef32e205295e29f034f1453ad245ba5efb07b94a/src/include/switch_utils.h#L1001
switch_separate_string,unsigned int,"_In_ char *buf, char delim, _Post_count_(return) char **array, unsigned int arraylen",not_verified,https://github.com/signalwire/freeswitch/blob/ef32e205295e29f034f1453ad245ba5efb07b94a/src/include/switch_utils.h#L1020
switch_separate_string_string,unsigned int,"char *buf, char *delim, _Post_count_(return) char **array, unsigned int arraylen",not_verified,https://github.com/signalwire/freeswitch/blob/ef32e205295e29f034f1453ad245ba5efb07b94a/src/include/switch_utils.h#L1021
switch_strip_spaces,char *,"char *str, switch_bool_t dup",not_verified,https://github.com/signalwire/freeswitch/blob/ef32e205295e29f034f1453ad245ba5efb07b94a/src/include/switch_utils.h#L1024
switch_strip_whitespace,char *,const char *str,not_verified,https://github.com/signalwire/freeswitch/blob/ef32e205295e29f034f1453ad245ba5efb07b94a/src/include/switch_utils.h#L1025
switch_strip_commas,char *,"char *in, char *out, switch_size_t len",not_verified,https://github.com/signalwire/freeswitch/blob/ef32e205295e29f034f1453ad245ba5efb07b94a/src/include/switch_utils.h#L1026
switch_strip_nonnumerics,char *,"char *in, char *out, switch_size_t len",not_verified,https://github.com/signalwire/freeswitch/blob/ef32e205295e29f034f1453ad245ba5efb07b94a/src/include/switch_utils.h#L1027
switch_separate_paren_args,char *,char *str,not_verified,https://github.com/signalwire/freeswitch/blob/ef32e205295e29f034f1453ad245ba5efb07b94a/src/include/switch_utils.h#L1028
switch_stristr,const char *,"const char *instr, const char *str",not_verified,https://github.com/signalwire/freeswitch/blob/ef32e205295e29f034f1453ad245ba5efb07b94a/src/include/switch_utils.h#L1029
switch_is_lan_addr,switch_bool_t,const char *ip,not_verified,https://github.com/signalwire/freeswitch/blob/ef32e205295e29f034f1453ad245ba5efb07b94a/src/include/switch_utils.h#L1030
switch_replace_char,char *,"char *str, char from, char to, switch_bool_t dup",not_verified,https://github.com/signalwire/freeswitch/blob/ef32e205295e29f034f1453ad245ba5efb07b94a/src/include/switch_utils.h#L1031
switch_ast2regex,switch_bool_t,"const char *pat, char *rbuf, size_t len",not_verified,https://github.com/signalwire/freeswitch/blob/ef32e205295e29f034f1453ad245ba5efb07b94a/src/include/switch_utils.h#L1032
switch_pool_strip_whitespace,char *,"switch_memory_pool_t *pool, const char *str",not_verified,https://github.com/signalwire/freeswitch/blob/ef32e205295e29f034f1453ad245ba5efb07b94a/src/include/switch_utils.h#L1033
switch_escape_char,char *,"switch_memory_pool_t *pool, char *in, const char *delim, char esc",not_verified,https://github.com/signalwire/freeswitch/blob/ef32e205295e29f034f1453ad245ba5efb07b94a/src/include/switch_utils.h#L1043
switch_escape_string,char *,"const char *in, char *out, switch_size_t outlen",not_verified,https://github.com/signalwire/freeswitch/blob/ef32e205295e29f034f1453ad245ba5efb07b94a/src/include/switch_utils.h#L1045
switch_escape_string_pool,char *,"const char *in, switch_memory_pool_t *pool",not_verified,https://github.com/signalwire/freeswitch/blob/ef32e205295e29f034f1453ad245ba5efb07b94a/src/include/switch_utils.h#L1046
switch_socket_waitfor,int,"switch_pollfd_t *poll, int ms",not_verified,https://github.com/signalwire/freeswitch/blob/ef32e205295e29f034f1453ad245ba5efb07b94a/src/include/switch_utils.h#L1054
switch_cut_path,const char *,const char *in,not_verified,https://github.com/signalwire/freeswitch/blob/ef32e205295e29f034f1453ad245ba5efb07b94a/src/include/switch_utils.h#L1060
switch_string_replace,char *,"const char *string, const char *search, const char *replace",not_verified,https://github.com/signalwire/freeswitch/blob/ef32e205295e29f034f1453ad245ba5efb07b94a/src/include/switch_utils.h#L1062
switch_string_match,switch_status_t,"const char *string, size_t string_len, const char *search, size_t search_len",not_verified,https://github.com/signalwire/freeswitch/blob/ef32e205295e29f034f1453ad245ba5efb07b94a/src/include/switch_utils.h#L1063
switch_strcasecmp_any,int,"const char *str, ...",not_verified,https://github.com/signalwire/freeswitch/blob/ef32e205295e29f034f1453ad245ba5efb07b94a/src/include/switch_utils.h#L1064
switch_util_quote_shell_arg,char *,const char *string,not_verified,https://github.com/signalwire/freeswitch/blob/ef32e205295e29f034f1453ad245ba5efb07b94a/src/include/switch_utils.h#L1071
switch_util_quote_shell_arg_pool,char *,"const char *string, switch_memory_pool_t *pool",not_verified,https://github.com/signalwire/freeswitch/blob/ef32e205295e29f034f1453ad245ba5efb07b94a/src/include/switch_utils.h#L1079
switch_url_encode_opt,char *,"const char *url, char *buf, size_t len, switch_bool_t double_encode",not_verified,https://github.com/signalwire/freeswitch/blob/ef32e205295e29f034f1453ad245ba5efb07b94a/src/include/switch_utils.h#L1221
switch_url_encode,char *,"const char *url, char *buf, size_t len",not_verified,https://github.com/signalwire/freeswitch/blob/ef32e205295e29f034f1453ad245ba5efb07b94a/src/include/switch_utils.h#L1222
switch_url_decode,char *,char *s,not_verified,https://github.com/signalwire/freeswitch/blob/ef32e205295e29f034f1453ad245ba5efb07b94a/src/include/switch_utils.h#L1223
switch_core_url_encode_opt,char *,"switch_memory_pool_t *pool, const char *url, switch_bool_t double_encode",not_verified,https://github.com/signalwire/freeswitch/blob/ef32e205295e29f034f1453ad245ba5efb07b94a/src/include/switch_utils.h#L1225
switch_core_url_encode,char *,"switch_memory_pool_t *pool, const char *url",not_verified,https://github.com/signalwire/freeswitch/blob/ef32e205295e29f034f1453ad245ba5efb07b94a/src/include/switch_utils.h#L1226
switch_core_session_url_encode_opt,char *,"switch_core_session_t *session, const char *url, switch_bool_t double_encode",not_verified,https://github.com/signalwire/freeswitch/blob/ef32e205295e29f034f1453ad245ba5efb07b94a/src/include/switch_utils.h#L1227
switch_core_session_url_encode,char *,"switch_core_session_t *session, const char *url",not_verified,https://github.com/signalwire/freeswitch/blob/ef32e205295e29f034f1453ad245ba5efb07b94a/src/include/switch_utils.h#L1228
switch_simple_email,switch_bool_t,"const char *to, const char *from, const char *headers, const char *body, const char *file, const char *convert_cmd, const char *convert_ext",not_verified,https://github.com/signalwire/freeswitch/blob/ef32e205295e29f034f1453ad245ba5efb07b94a/src/include/switch_utils.h#L1231
switch_find_end_paren,char *,"const char *s, char open, char close",not_verified,https://github.com/signalwire/freeswitch/blob/ef32e205295e29f034f1453ad245ba5efb07b94a/src/include/switch_utils.h#L1235
switch_parse_cidr,int,"const char *string, ip_t *ip, ip_t *mask, uint32_t *bitp",not_verified,https://github.com/signalwire/freeswitch/blob/ef32e205295e29f034f1453ad245ba5efb07b94a/src/include/switch_utils.h#L1347
switch_network_list_create,switch_status_t,"switch_network_list_t **list, const char *name, switch_bool_t default_type, switch_memory_pool_t *pool",not_verified,https://github.com/signalwire/freeswitch/blob/ef32e205295e29f034f1453ad245ba5efb07b94a/src/include/switch_utils.h#L1348
switch_network_list_add_cidr_token,switch_status_t,"switch_network_list_t *list, const char *cidr_str, switch_bool_t ok, const char *token",not_verified,https://github.com/signalwire/freeswitch/blob/ef32e205295e29f034f1453ad245ba5efb07b94a/src/include/switch_utils.h#L1350
switch_network_ipv4_mapped_ipv6_addr,char *,const char* ip_str,not_verified,https://github.com/signalwire/freeswitch/blob/ef32e205295e29f034f1453ad245ba5efb07b94a/src/include/switch_utils.h#L1353
switch_network_list_add_host_mask,switch_status_t,"switch_network_list_t *list, const char *host, const char *mask_str, switch_bool_t ok",not_verified,https://github.com/signalwire/freeswitch/blob/ef32e205295e29f034f1453ad245ba5efb07b94a/src/include/switch_utils.h#L1354
switch_network_list_add_cidr_port_token,switch_status_t,"switch_network_list_t *list, const char *cidr_str, switch_bool_t ok, const char *token, switch_network_port_range_p port",not_verified,https://github.com/signalwire/freeswitch/blob/ef32e205295e29f034f1453ad245ba5efb07b94a/src/include/switch_utils.h#L1356
switch_network_list_add_host_port_mask,switch_status_t,"switch_network_list_t *list, const char *host, const char *mask_str, switch_bool_t ok, switch_network_port_range_p port",not_verified,https://github.com/signalwire/freeswitch/blob/ef32e205295e29f034f1453ad245ba5efb07b94a/src/include/switch_utils.h#L1357
switch_network_list_validate_ip_port_token,switch_bool_t,"switch_network_list_t *list, uint32_t ip, int port, const char **token",not_verified,https://github.com/signalwire/freeswitch/blob/ef32e205295e29f034f1453ad245ba5efb07b94a/src/include/switch_utils.h#L1359
switch_network_list_validate_ip6_port_token,switch_bool_t,"switch_network_list_t *list, ip_t ip, int port, const char **token",not_verified,https://github.com/signalwire/freeswitch/blob/ef32e205295e29f034f1453ad245ba5efb07b94a/src/include/switch_utils.h#L1360
switch_network_list_validate_ip_token,switch_bool_t,"switch_network_list_t *list, uint32_t ip, const char **token",not_verified,https://github.com/signalwire/freeswitch/blob/ef32e205295e29f034f1453ad245ba5efb07b94a/src/include/switch_utils.h#L1361
switch_network_list_validate_ip6_token,switch_bool_t,"switch_network_list_t *list, ip_t ip, const char **token",not_verified,https://github.com/signalwire/freeswitch/blob/ef32e205295e29f034f1453ad245ba5efb07b94a/src/include/switch_utils.h#L1362
switch_inet_pton,int,"int af, const char *src, void *dst",not_verified,https://github.com/signalwire/freeswitch/blob/ef32e205295e29f034f1453ad245ba5efb07b94a/src/include/switch_utils.h#L1367
switch_dow_int2str,const char *,int val,not_verified,https://github.com/signalwire/freeswitch/blob/ef32e205295e29f034f1453ad245ba5efb07b94a/src/include/switch_utils.h#L1369
switch_dow_str2int,int,const char *exp,not_verified,https://github.com/signalwire/freeswitch/blob/ef32e205295e29f034f1453ad245ba5efb07b94a/src/include/switch_utils.h#L1370
switch_dow_cmp,switch_bool_t,"const char *exp, int val",not_verified,https://github.com/signalwire/freeswitch/blob/ef32e205295e29f034f1453ad245ba5efb07b94a/src/include/switch_utils.h#L1371
switch_number_cmp,int,"const char *exp, int val",not_verified,https://github.com/signalwire/freeswitch/blob/ef32e205295e29f034f1453ad245ba5efb07b94a/src/include/switch_utils.h#L1372
switch_tod_cmp,int,"const char *exp, int val",not_verified,https://github.com/signalwire/freeswitch/blob/ef32e205295e29f034f1453ad245ba5efb07b94a/src/include/switch_utils.h#L1373
switch_fulldate_cmp,int,"const char *exp, switch_time_t *ts",not_verified,https://github.com/signalwire/freeswitch/blob/ef32e205295e29f034f1453ad245ba5efb07b94a/src/include/switch_utils.h#L1375
switch_split_date,void,"const char *exp, int *year, int *month, int *day",not_verified,https://github.com/signalwire/freeswitch/blob/ef32e205295e29f034f1453ad245ba5efb07b94a/src/include/switch_utils.h#L1376
switch_split_time,void,"const char *exp, int *hour, int *min, int *sec",not_verified,https://github.com/signalwire/freeswitch/blob/ef32e205295e29f034f1453ad245ba5efb07b94a/src/include/switch_utils.h#L1377
switch_split_user_domain,int,"char *in, char **user, char **domain",not_verified,https://github.com/signalwire/freeswitch/blob/ef32e205295e29f034f1453ad245ba5efb07b94a/src/include/switch_utils.h#L1387
switch_calloc,void *,"size_t nmemb, size_t size",not_verified,https://github.com/signalwire/freeswitch/blob/ef32e205295e29f034f1453ad245ba5efb07b94a/src/include/switch_utils.h#L1389
switch_inet_ntop,const char *,"int af, void const *src, char *dst, size_t size",not_verified,https://github.com/signalwire/freeswitch/blob/ef32e205295e29f034f1453ad245ba5efb07b94a/src/include/switch_utils.h#L1421
switch_uuid_str,char *,"char *buf, switch_size_t len",not_verified,https://github.com/signalwire/freeswitch/blob/ef32e205295e29f034f1453ad245ba5efb07b94a/src/include/switch_utils.h#L1424
switch_format_number,char *,const char *num,not_verified,https://github.com/signalwire/freeswitch/blob/ef32e205295e29f034f1453ad245ba5efb07b94a/src/include/switch_utils.h#L1425
switch_atoui,unsigned int,const char *nptr,not_verified,https://github.com/signalwire/freeswitch/blob/ef32e205295e29f034f1453ad245ba5efb07b94a/src/include/switch_utils.h#L1427
switch_atoul,unsigned long,const char *nptr,not_verified,https://github.com/signalwire/freeswitch/blob/ef32e205295e29f034f1453ad245ba5efb07b94a/src/include/switch_utils.h#L1428
switch_strerror_r,char *,"int errnum, char *buf, switch_size_t buflen",not_verified,https://github.com/signalwire/freeswitch/blob/ef32e205295e29f034f1453ad245ba5efb07b94a/src/include/switch_utils.h#L1438
switch_wait_sock,int,"switch_os_socket_t sock, uint32_t ms, switch_poll_t flags",not_verified,https://github.com/signalwire/freeswitch/blob/ef32e205295e29f034f1453ad245ba5efb07b94a/src/include/switch_utils.h#L1439
switch_wait_socklist,int,"switch_waitlist_t *waitlist, uint32_t len, uint32_t ms",not_verified,https://github.com/signalwire/freeswitch/blob/ef32e205295e29f034f1453ad245ba5efb07b94a/src/include/switch_utils.h#L1440
switch_http_parse_header,switch_status_t,"char *buffer, uint32_t datalen, switch_http_request_t *request",not_verified,https://github.com/signalwire/freeswitch/blob/ef32e205295e29f034f1453ad245ba5efb07b94a/src/include/switch_utils.h#L1474
switch_http_free_request,void,switch_http_request_t *request,not_verified,https://github.com/signalwire/freeswitch/blob/ef32e205295e29f034f1453ad245ba5efb07b94a/src/include/switch_utils.h#L1475
switch_http_dump_request,void,switch_http_request_t *request,not_verified,https://github.com/signalwire/freeswitch/blob/ef32e205295e29f034f1453ad245ba5efb07b94a/src/include/switch_utils.h#L1476
switch_http_parse_qs,void,"switch_http_request_t *request, char *qs",not_verified,https://github.com/signalwire/freeswitch/blob/ef32e205295e29f034f1453ad245ba5efb07b94a/src/include/switch_utils.h#L1486
switch_frame_buffer_free,switch_status_t,"switch_frame_buffer_t *fb, switch_frame_t **frameP",not_verified,https://github.com/signalwire/freeswitch/blob/ef32e205295e29f034f1453ad245ba5efb07b94a/src/include/switch_utils.h#L1488
switch_frame_buffer_dup,switch_status_t,"switch_frame_buffer_t *fb, switch_frame_t *orig, switch_frame_t **clone",not_verified,https://github.com/signalwire/freeswitch/blob/ef32e205295e29f034f1453ad245ba5efb07b94a/src/include/switch_utils.h#L1489
switch_frame_buffer_destroy,switch_status_t,switch_frame_buffer_t **fbP,not_verified,https://github.com/signalwire/freeswitch/blob/ef32e205295e29f034f1453ad245ba5efb07b94a/src/include/switch_utils.h#L1490
switch_frame_buffer_create,switch_status_t,"switch_frame_buffer_t **fbP, switch_size_t qlen",not_verified,https://github.com/signalwire/freeswitch/blob/ef32e205295e29f034f1453ad245ba5efb07b94a/src/include/switch_utils.h#L1491
switch_frame_buffer_push,switch_status_t,"switch_frame_buffer_t *fb, void *ptr",not_verified,https://github.com/signalwire/freeswitch/blob/ef32e205295e29f034f1453ad245ba5efb07b94a/src/include/switch_utils.h#L1492
switch_frame_buffer_trypush,switch_status_t,"switch_frame_buffer_t *fb, void *ptr",not_verified,https://github.com/signalwire/freeswitch/blob/ef32e205295e29f034f1453ad245ba5efb07b94a/src/include/switch_utils.h#L1493
switch_frame_buffer_pop,switch_status_t,"switch_frame_buffer_t *fb, void **ptr",not_verified,https://github.com/signalwire/freeswitch/blob/ef32e205295e29f034f1453ad245ba5efb07b94a/src/include/switch_utils.h#L1494
switch_frame_buffer_trypop,switch_status_t,"switch_frame_buffer_t *fb, void **ptr",not_verified,https://github.com/signalwire/freeswitch/blob/ef32e205295e29f034f1453ad245ba5efb07b94a/src/include/switch_utils.h#L1495
switch_frame_buffer_size,int,switch_frame_buffer_t *fb,not_verified,https://github.com/signalwire/freeswitch/blob/ef32e205295e29f034f1453ad245ba5efb07b94a/src/include/switch_utils.h#L1496
switch_getcputime,void,switch_cputime *t,not_verified,https://github.com/signalwire/freeswitch/blob/ef32e205295e29f034f1453ad245ba5efb07b94a/src/include/switch_utils.h#L1505
switch_html_strip,char *,const char *str,not_verified,https://github.com/signalwire/freeswitch/blob/ef32e205295e29f034f1453ad245ba5efb07b94a/src/include/switch_utils.h#L1507
switch_getpid,unsigned long,void,not_verified,https://github.com/signalwire/freeswitch/blob/ef32e205295e29f034f1453ad245ba5efb07b94a/src/include/switch_utils.h#L1509
switch_digest,switch_status_t,"const char *digest_name, unsigned char **digest, const void *input, switch_size_t inputLen, unsigned int *outputlen",not_verified,https://github.com/signalwire/freeswitch/blob/ef32e205295e29f034f1453ad245ba5efb07b94a/src/include/switch_utils.h#L1511
switch_digest_string,switch_status_t,"const char *digest_name, char **digest_str, const void *input, switch_size_t inputLen, unsigned int *outputlen",not_verified,https://github.com/signalwire/freeswitch/blob/ef32e205295e29f034f1453ad245ba5efb07b94a/src/include/switch_utils.h#L1512
switch_must_strdup,char *,const char *_s,not_verified,https://github.com/signalwire/freeswitch/blob/ef32e205295e29f034f1453ad245ba5efb07b94a/src/include/switch_utils.h#L1514
switch_memory_usage_stream,const char *,switch_stream_handle_t *stream,not_verified,https://github.com/signalwire/freeswitch/blob/ef32e205295e29f034f1453ad245ba5efb07b94a/src/include/switch_utils.h#L1515
switch_rand,int,void,not_verified,https://github.com/signalwire/freeswitch/blob/ef32e205295e29f034f1453ad245ba5efb07b94a/src/include/switch_utils.h#L1520
switch_is_ip_address,int,const char *hostname,not_verified,https://github.com/signalwire/freeswitch/blob/ef32e205295e29f034f1453ad245ba5efb07b94a/src/include/switch_utils.h#L1527
switch_vad_init,switch_vad_t *,"int sample_rate, int channels",not_verified,https://github.com/signalwire/freeswitch/blob/ef32e205295e29f034f1453ad245ba5efb07b94a/src/include/switch_vad.h#L42
switch_vad_set_mode,int,"switch_vad_t *vad, int mode",not_verified,https://github.com/signalwire/freeswitch/blob/ef32e205295e29f034f1453ad245ba5efb07b94a/src/include/switch_vad.h#L49
switch_vad_set_param,void,"switch_vad_t *vad, const char *key, int val",not_verified,https://github.com/signalwire/freeswitch/blob/ef32e205295e29f034f1453ad245ba5efb07b94a/src/include/switch_vad.h#L50
switch_vad_process,switch_vad_state_t,"switch_vad_t *vad, int16_t *data, unsigned int samples",not_verified,https://github.com/signalwire/freeswitch/blob/ef32e205295e29f034f1453ad245ba5efb07b94a/src/include/switch_vad.h#L51
switch_vad_get_state,switch_vad_state_t,switch_vad_t *vad,not_verified,https://github.com/signalwire/freeswitch/blob/ef32e205295e29f034f1453ad245ba5efb07b94a/src/include/switch_vad.h#L52
switch_vad_reset,void,switch_vad_t *vad,not_verified,https://github.com/signalwire/freeswitch/blob/ef32e205295e29f034f1453ad245ba5efb07b94a/src/include/switch_vad.h#L53
switch_vad_destroy,void,switch_vad_t **vad,not_verified,https://github.com/signalwire/freeswitch/blob/ef32e205295e29f034f1453ad245ba5efb07b94a/src/include/switch_vad.h#L54
switch_vad_state2str,const char *,switch_vad_state_t state,not_verified,https://github.com/signalwire/freeswitch/blob/ef32e205295e29f034f1453ad245ba5efb07b94a/src/include/switch_vad.h#L56
switch_xml_parse_str_dynamic,switch_xml_t,"_In_z_ char *s, _In_ switch_bool_t dup",not_verified,https://github.com/signalwire/freeswitch/blob/ef32e205295e29f034f1453ad245ba5efb07b94a/src/include/switch_xml.h#L117
switch_xml_parse_str,switch_xml_t,"_In_z_ char *s, _In_ switch_size_t len",not_verified,https://github.com/signalwire/freeswitch/blob/ef32e205295e29f034f1453ad245ba5efb07b94a/src/include/switch_xml.h#L133
switch_xml_parse_fd,switch_xml_t,int fd,not_verified,https://github.com/signalwire/freeswitch/blob/ef32e205295e29f034f1453ad245ba5efb07b94a/src/include/switch_xml.h#L140
switch_xml_parse_file,switch_xml_t,_In_z_ const char *file,not_verified,https://github.com/signalwire/freeswitch/blob/ef32e205295e29f034f1453ad245ba5efb07b94a/src/include/switch_xml.h#L145
switch_xml_parse_file_simple,switch_xml_t,_In_z_ const char *file,not_verified,https://github.com/signalwire/freeswitch/blob/ef32e205295e29f034f1453ad245ba5efb07b94a/src/include/switch_xml.h#L147
switch_xml_parse_fp,switch_xml_t,_In_ FILE * fp,not_verified,https://github.com/signalwire/freeswitch/blob/ef32e205295e29f034f1453ad245ba5efb07b94a/src/include/switch_xml.h#L154
switch_xml_child,switch_xml_t,"_In_ switch_xml_t xml, _In_z_ const char *name",not_verified,https://github.com/signalwire/freeswitch/blob/ef32e205295e29f034f1453ad245ba5efb07b94a/src/include/switch_xml.h#L161
switch_xml_find_child,switch_xml_t,"_In_ switch_xml_t node, _In_z_ const char *childname, _In_opt_z_ const char *attrname, _In_opt_z_ const char *value",not_verified,https://github.com/signalwire/freeswitch/blob/ef32e205295e29f034f1453ad245ba5efb07b94a/src/include/switch_xml.h#L169
switch_xml_find_child_multi,switch_xml_t,"_In_ switch_xml_t node, _In_z_ const char *childname, ...",not_verified,https://github.com/signalwire/freeswitch/blob/ef32e205295e29f034f1453ad245ba5efb07b94a/src/include/switch_xml.h#L171
switch_xml_attr,const char *,"_In_opt_ switch_xml_t xml, _In_opt_z_ const char *attr",not_verified,https://github.com/signalwire/freeswitch/blob/ef32e205295e29f034f1453ad245ba5efb07b94a/src/include/switch_xml.h#L200
switch_xml_attr_soft,const char *,"_In_ switch_xml_t xml, _In_z_ const char *attr",not_verified,https://github.com/signalwire/freeswitch/blob/ef32e205295e29f034f1453ad245ba5efb07b94a/src/include/switch_xml.h#L206
switch_xml_get,switch_xml_t,"_In_ switch_xml_t xml, ...",not_verified,https://github.com/signalwire/freeswitch/blob/ef32e205295e29f034f1453ad245ba5efb07b94a/src/include/switch_xml.h#L216
switch_xml_toxml_ex,char *,"_In_ switch_xml_t xml, _In_ switch_bool_t prn_header, switch_bool_t use_utf8_encoding",not_verified,https://github.com/signalwire/freeswitch/blob/ef32e205295e29f034f1453ad245ba5efb07b94a/src/include/switch_xml.h#L228
switch_xml_toxml_nolock_ex,char *,"switch_xml_t xml, _In_ switch_bool_t prn_header, switch_bool_t use_utf8_encoding",not_verified,https://github.com/signalwire/freeswitch/blob/ef32e205295e29f034f1453ad245ba5efb07b94a/src/include/switch_xml.h#L229
switch_xml_tohtml_ex,char *,"_In_ switch_xml_t xml, _In_ switch_bool_t prn_header, switch_bool_t use_utf8_encoding",not_verified,https://github.com/signalwire/freeswitch/blob/ef32e205295e29f034f1453ad245ba5efb07b94a/src/include/switch_xml.h#L230
switch_xml_toxml_buf_ex,char *,"_In_ switch_xml_t xml, _In_z_ char *buf, _In_ switch_size_t buflen, _In_ switch_size_t offset, _In_ switch_bool_t prn_header, switch_bool_t use_utf8_encoding",not_verified,https://github.com/signalwire/freeswitch/blob/ef32e205295e29f034f1453ad245ba5efb07b94a/src/include/switch_xml.h#L241
switch_xml_pi,const char **,"_In_ switch_xml_t xml, _In_z_ const char *target",not_verified,https://github.com/signalwire/freeswitch/blob/ef32e205295e29f034f1453ad245ba5efb07b94a/src/include/switch_xml.h#L250
switch_xml_free,void,_In_opt_ switch_xml_t xml,not_verified,https://github.com/signalwire/freeswitch/blob/ef32e205295e29f034f1453ad245ba5efb07b94a/src/include/switch_xml.h#L255
switch_xml_free_in_thread,void,"_In_ switch_xml_t xml, _In_ int stacksize",not_verified,https://github.com/signalwire/freeswitch/blob/ef32e205295e29f034f1453ad245ba5efb07b94a/src/include/switch_xml.h#L256
switch_xml_error,const char *,_In_ switch_xml_t xml,not_verified,https://github.com/signalwire/freeswitch/blob/ef32e205295e29f034f1453ad245ba5efb07b94a/src/include/switch_xml.h#L261
switch_xml_new,switch_xml_t,_In_opt_z_ const char *name,not_verified,https://github.com/signalwire/freeswitch/blob/ef32e205295e29f034f1453ad245ba5efb07b94a/src/include/switch_xml.h#L265
switch_xml_add_child,switch_xml_t,"_In_ switch_xml_t xml, _In_z_ const char *name, _In_ switch_size_t off",not_verified,https://github.com/signalwire/freeswitch/blob/ef32e205295e29f034f1453ad245ba5efb07b94a/src/include/switch_xml.h#L278
switch_xml_add_child_d,switch_xml_t,"_In_ switch_xml_t xml, _In_z_ const char *name, _In_ switch_size_t off",not_verified,https://github.com/signalwire/freeswitch/blob/ef32e205295e29f034f1453ad245ba5efb07b94a/src/include/switch_xml.h#L284
switch_xml_set_txt,switch_xml_t,"switch_xml_t xml, const char *txt",not_verified,https://github.com/signalwire/freeswitch/blob/ef32e205295e29f034f1453ad245ba5efb07b94a/src/include/switch_xml.h#L290
switch_xml_set_txt_d,switch_xml_t,"switch_xml_t xml, const char *txt",not_verified,https://github.com/signalwire/freeswitch/blob/ef32e205295e29f034f1453ad245ba5efb07b94a/src/include/switch_xml.h#L297
switch_xml_set_attr,switch_xml_t,"switch_xml_t xml, const char *name, const char *value",not_verified,https://github.com/signalwire/freeswitch/blob/ef32e205295e29f034f1453ad245ba5efb07b94a/src/include/switch_xml.h#L305
switch_xml_set_attr_d,switch_xml_t,"switch_xml_t xml, const char *name, const char *value",not_verified,https://github.com/signalwire/freeswitch/blob/ef32e205295e29f034f1453ad245ba5efb07b94a/src/include/switch_xml.h#L312
switch_xml_set_attr_d_buf,switch_xml_t,"switch_xml_t xml, const char *name, const char *value",not_verified,https://github.com/signalwire/freeswitch/blob/ef32e205295e29f034f1453ad245ba5efb07b94a/src/include/switch_xml.h#L319
switch_xml_set_flag,switch_xml_t,"switch_xml_t xml, switch_xml_flag_t flag",not_verified,https://github.com/signalwire/freeswitch/blob/ef32e205295e29f034f1453ad245ba5efb07b94a/src/include/switch_xml.h#L325
switch_xml_cut,switch_xml_t,_In_ switch_xml_t xml,not_verified,https://github.com/signalwire/freeswitch/blob/ef32e205295e29f034f1453ad245ba5efb07b94a/src/include/switch_xml.h#L329
switch_xml_insert,switch_xml_t,"_In_ switch_xml_t xml, _In_ switch_xml_t dest, _In_ switch_size_t off",not_verified,https://github.com/signalwire/freeswitch/blob/ef32e205295e29f034f1453ad245ba5efb07b94a/src/include/switch_xml.h#L332
switch_xml_set_root,switch_status_t,switch_xml_t new_main,not_verified,https://github.com/signalwire/freeswitch/blob/ef32e205295e29f034f1453ad245ba5efb07b94a/src/include/switch_xml.h#L342
switch_xml_set_open_root_function,switch_status_t,"switch_xml_open_root_function_t func, void *user_data",not_verified,https://github.com/signalwire/freeswitch/blob/ef32e205295e29f034f1453ad245ba5efb07b94a/src/include/switch_xml.h#L345
switch_xml_open_root,switch_xml_t,"_In_ uint8_t reload, _Out_ const char **err",not_verified,https://github.com/signalwire/freeswitch/blob/ef32e205295e29f034f1453ad245ba5efb07b94a/src/include/switch_xml.h#L351
switch_xml_init,switch_status_t,"_In_ switch_memory_pool_t *pool, _Out_ const char **err",not_verified,https://github.com/signalwire/freeswitch/blob/ef32e205295e29f034f1453ad245ba5efb07b94a/src/include/switch_xml.h#L357
switch_xml_reload,switch_status_t,const char **err,not_verified,https://github.com/signalwire/freeswitch/blob/ef32e205295e29f034f1453ad245ba5efb07b94a/src/include/switch_xml.h#L359
switch_xml_destroy,switch_status_t,void,not_verified,https://github.com/signalwire/freeswitch/blob/ef32e205295e29f034f1453ad245ba5efb07b94a/src/include/switch_xml.h#L361
switch_xml_root,switch_xml_t,void,not_verified,https://github.com/signalwire/freeswitch/blob/ef32e205295e29f034f1453ad245ba5efb07b94a/src/include/switch_xml.h#L366
switch_xml_locate,switch_status_t,"_In_z_ const char *section, _In_opt_z_ const char *tag_name, _In_opt_z_ const char *key_name, _In_opt_z_ const char *key_value, _Out_ switch_xml_t *root, _Out_ switch_xml_t *node, _In_opt_ switch_event_t *params, _In_ switch_bool_t clone",not_verified,https://github.com/signalwire/freeswitch/blob/ef32e205295e29f034f1453ad245ba5efb07b94a/src/include/switch_xml.h#L377
switch_xml_locate_domain,switch_status_t,"_In_z_ const char *domain_name, _In_opt_ switch_event_t *params, _Out_ switch_xml_t *root, _Out_ switch_xml_t *domain",not_verified,https://github.com/signalwire/freeswitch/blob/ef32e205295e29f034f1453ad245ba5efb07b94a/src/include/switch_xml.h#L384
switch_xml_locate_group,switch_status_t,"_In_z_ const char *group_name, _In_z_ const char *domain_name, _Out_ switch_xml_t *root, _Out_ switch_xml_t *domain, _Out_ switch_xml_t *group, _In_opt_ switch_event_t *params",not_verified,https://github.com/signalwire/freeswitch/blob/ef32e205295e29f034f1453ad245ba5efb07b94a/src/include/switch_xml.h#L387
switch_xml_locate_user,switch_status_t,"_In_z_ const char *key, _In_z_ const char *user_name, _In_z_ const char *domain_name, _In_opt_z_ const char *ip, _Out_ switch_xml_t *root, _Out_ switch_xml_t *domain, _Out_ switch_xml_t *user, _Out_opt_ switch_xml_t *ingroup, _In_opt_ switch_event_t *params",not_verified,https://github.com/signalwire/freeswitch/blob/ef32e205295e29f034f1453ad245ba5efb07b94a/src/include/switch_xml.h#L392
switch_xml_locate_user_in_domain,switch_status_t,"_In_z_ const char *user_name, _In_ switch_xml_t domain, _Out_ switch_xml_t *user, _Out_opt_ switch_xml_t *ingroup",not_verified,https://github.com/signalwire/freeswitch/blob/ef32e205295e29f034f1453ad245ba5efb07b94a/src/include/switch_xml.h#L399
switch_xml_locate_user_merged,switch_status_t,"const char *key, const char *user_name, const char *domain_name, const char *ip, switch_xml_t *user, switch_event_t *params",not_verified,https://github.com/signalwire/freeswitch/blob/ef32e205295e29f034f1453ad245ba5efb07b94a/src/include/switch_xml.h#L403
switch_xml_clear_user_cache,uint32_t,"const char *key, const char *user_name, const char *domain_name",not_verified,https://github.com/signalwire/freeswitch/blob/ef32e205295e29f034f1453ad245ba5efb07b94a/src/include/switch_xml.h#L405
switch_xml_merge_user,void,"switch_xml_t user, switch_xml_t domain, switch_xml_t group",not_verified,https://github.com/signalwire/freeswitch/blob/ef32e205295e29f034f1453ad245ba5efb07b94a/src/include/switch_xml.h#L406
switch_xml_dup,switch_xml_t,switch_xml_t xml,not_verified,https://github.com/signalwire/freeswitch/blob/ef32e205295e29f034f1453ad245ba5efb07b94a/src/include/switch_xml.h#L408
switch_xml_open_cfg,switch_xml_t,"_In_z_ const char *file_path, _Out_ switch_xml_t *node, _In_opt_ switch_event_t *params",not_verified,https://github.com/signalwire/freeswitch/blob/ef32e205295e29f034f1453ad245ba5efb07b94a/src/include/switch_xml.h#L415
switch_xml_set_binding_sections,void,"_In_ switch_xml_binding_t *binding, _In_ switch_xml_section_t sections",not_verified,https://github.com/signalwire/freeswitch/blob/ef32e205295e29f034f1453ad245ba5efb07b94a/src/include/switch_xml.h#L424
switch_xml_set_binding_user_data,void,"_In_ switch_xml_binding_t *binding, _In_opt_ void *user_data",not_verified,https://github.com/signalwire/freeswitch/blob/ef32e205295e29f034f1453ad245ba5efb07b94a/src/include/switch_xml.h#L425
switch_xml_get_binding_sections,switch_xml_section_t,_In_ switch_xml_binding_t *binding,not_verified,https://github.com/signalwire/freeswitch/blob/ef32e205295e29f034f1453ad245ba5efb07b94a/src/include/switch_xml.h#L426
switch_xml_get_binding_user_data,void *,_In_ switch_xml_binding_t *binding,not_verified,https://github.com/signalwire/freeswitch/blob/ef32e205295e29f034f1453ad245ba5efb07b94a/src/include/switch_xml.h#L427
switch_xml_bind_search_function_ret,switch_status_t,"_In_ switch_xml_search_function_t function, _In_ switch_xml_section_t sections, _In_opt_ void *user_data, switch_xml_binding_t **ret_binding",not_verified,https://github.com/signalwire/freeswitch/blob/ef32e205295e29f034f1453ad245ba5efb07b94a/src/include/switch_xml.h#L429
switch_xml_unbind_search_function,switch_status_t,_In_ switch_xml_binding_t **binding,not_verified,https://github.com/signalwire/freeswitch/blob/ef32e205295e29f034f1453ad245ba5efb07b94a/src/include/switch_xml.h#L434
switch_xml_unbind_search_function_ptr,switch_status_t,_In_ switch_xml_search_function_t function,not_verified,https://github.com/signalwire/freeswitch/blob/ef32e205295e29f034f1453ad245ba5efb07b94a/src/include/switch_xml.h#L435
switch_xml_parse_section_string,switch_xml_section_t,_In_opt_z_ const char *str,not_verified,https://github.com/signalwire/freeswitch/blob/ef32e205295e29f034f1453ad245ba5efb07b94a/src/include/switch_xml.h#L440
switch_xml_std_datetime_check,int,"switch_xml_t xcond, int *offset, const char *tzname",not_verified,https://github.com/signalwire/freeswitch/blob/ef32e205295e29f034f1453ad245ba5efb07b94a/src/include/switch_xml.h#L442
switch_xml_locate_language,switch_status_t,"switch_xml_t *root, switch_xml_t *node, switch_event_t *params, switch_xml_t *language, switch_xml_t *phrases, switch_xml_t *macros, const char *str_language",not_verified,https://github.com/signalwire/freeswitch/blob/ef32e205295e29f034f1453ad245ba5efb07b94a/src/include/switch_xml.h#L444
switch_config_perform_set_item,void,"switch_xml_config_item_t *item, const char *key, switch_xml_config_type_t type, int flags, void *ptr, const void *defaultvalue, void *data, switch_xml_config_callback_t function, const char *syntax, const char *helptext",not_verified,https://github.com/signalwire/freeswitch/blob/ef32e205295e29f034f1453ad245ba5efb07b94a/src/include/switch_xml_config.h#L121
switch_xml_config_enum_str2int,switch_status_t,"switch_xml_config_enum_item_t *enum_options, const char *value, int *out",not_verified,https://github.com/signalwire/freeswitch/blob/ef32e205295e29f034f1453ad245ba5efb07b94a/src/include/switch_xml_config.h#L130
switch_xml_config_enum_int2str,const char *,"switch_xml_config_enum_item_t *enum_options, int value",not_verified,https://github.com/signalwire/freeswitch/blob/ef32e205295e29f034f1453ad245ba5efb07b94a/src/include/switch_xml_config.h#L137
switch_xml_config_item_print_doc,void,"int level, switch_xml_config_item_t *item",not_verified,https://github.com/signalwire/freeswitch/blob/ef32e205295e29f034f1453ad245ba5efb07b94a/src/include/switch_xml_config.h#L144
switch_xml_config_parse,switch_status_t,"switch_xml_t xml, switch_bool_t reload, switch_xml_config_item_t *instructions",not_verified,https://github.com/signalwire/freeswitch/blob/ef32e205295e29f034f1453ad245ba5efb07b94a/src/include/switch_xml_config.h#L153
switch_xml_config_parse_module_settings,switch_status_t,"const char *file, switch_bool_t reload, switch_xml_config_item_t *instructions",not_verified,https://github.com/signalwire/freeswitch/blob/ef32e205295e29f034f1453ad245ba5efb07b94a/src/include/switch_xml_config.h#L161
switch_xml_config_parse_event,switch_status_t,"switch_event_t *event, int count, switch_bool_t reload, switch_xml_config_item_t *instructions",not_verified,https://github.com/signalwire/freeswitch/blob/ef32e205295e29f034f1453ad245ba5efb07b94a/src/include/switch_xml_config.h#L170
switch_event_import_xml,switch_size_t,"switch_xml_t xml, const char *keyname, const char *valuename, switch_event_t **event",not_verified,https://github.com/signalwire/freeswitch/blob/ef32e205295e29f034f1453ad245ba5efb07b94a/src/include/switch_xml_config.h#L180
switch_xml_config_cleanup,void,switch_xml_config_item_t *instructions,not_verified,https://github.com/signalwire/freeswitch/blob/ef32e205295e29f034f1453ad245ba5efb07b94a/src/include/switch_xml_config.h#L186
